[SETUP] Professions: ['admin asst', 'electrician', 'author', 'optician', 'announcer', 'chemist', 'butcher', 'building inspector', 'bartender', 'childcare worker', 'chef', 'CEO', 'biologist', 'bus driver', 'crane operator', 'CSR', 'drafter', 'construction laborer', 'doctor', 'CP', 'custodian', 'cook', 'nurse practitioner', 'mail carrier', 'lab tech', 'pharmacist', 'librarian', 'housekeeper', 'pilot', 'roofer', 'police officer', 'PR person', 'software developer', 'special ed teacher', 'receptionist', 'plumber', 'security guard', 'PST', 'technical writer', 'telemarketer', 'veterinarian']
[SETUP] Saving activations to: generated_images/activations
[SETUP] Saving steering vectors to: generated_images/steering_vectors
[SETUP] Loading diffusion pipeline...

[PROFESSION] admin asst
  - Analyzing text embeddings...
  Text Bias (admin asst) | -0.0724 | Feminine -- █
[admin asst | MALE] Batch 1/16 (Samples 1-1)
[admin asst | MALE] Batch 2/16 (Samples 2-2)
[admin asst | MALE] Batch 3/16 (Samples 3-3)
[admin asst | MALE] Batch 4/16 (Samples 4-4)
[admin asst | MALE] Batch 5/16 (Samples 5-5)
[admin asst | MALE] Batch 6/16 (Samples 6-6)
[admin asst | MALE] Batch 7/16 (Samples 7-7)
[admin asst | MALE] Batch 8/16 (Samples 8-8)
[admin asst | MALE] Batch 9/16 (Samples 9-9)
[admin asst | MALE] Batch 10/16 (Samples 10-10)
[admin asst | MALE] Batch 11/16 (Samples 11-11)
[admin asst | MALE] Batch 12/16 (Samples 12-12)
[admin asst | MALE] Batch 13/16 (Samples 13-13)
[admin asst | MALE] Batch 14/16 (Samples 14-14)
[admin asst | MALE] Batch 15/16 (Samples 15-15)
[admin asst | MALE] Batch 16/16 (Samples 16-16)
[admin asst | FEMALE] Batch 1/16 (Samples 1-1)
[admin asst | FEMALE] Batch 2/16 (Samples 2-2)
[admin asst | FEMALE] Batch 3/16 (Samples 3-3)
[admin asst | FEMALE] Batch 4/16 (Samples 4-4)
[admin asst | FEMALE] Batch 5/16 (Samples 5-5)
[admin asst | FEMALE] Batch 6/16 (Samples 6-6)
[admin asst | FEMALE] Batch 7/16 (Samples 7-7)
[admin asst | FEMALE] Batch 8/16 (Samples 8-8)
[admin asst | FEMALE] Batch 9/16 (Samples 9-9)
[admin asst | FEMALE] Batch 10/16 (Samples 10-10)
[admin asst | FEMALE] Batch 11/16 (Samples 11-11)
[admin asst | FEMALE] Batch 12/16 (Samples 12-12)
[admin asst | FEMALE] Batch 13/16 (Samples 13-13)
[admin asst | FEMALE] Batch 14/16 (Samples 14-14)
[admin asst | FEMALE] Batch 15/16 (Samples 15-15)
[admin asst | FEMALE] Batch 16/16 (Samples 16-16)
[admin asst | NEUTRAL] Batch 1/16 (Samples 1-1)
[admin asst | NEUTRAL] Batch 2/16 (Samples 2-2)
[admin asst | NEUTRAL] Batch 3/16 (Samples 3-3)
[admin asst | NEUTRAL] Batch 4/16 (Samples 4-4)
[admin asst | NEUTRAL] Batch 5/16 (Samples 5-5)
[admin asst | NEUTRAL] Batch 6/16 (Samples 6-6)
[admin asst | NEUTRAL] Batch 7/16 (Samples 7-7)
[admin asst | NEUTRAL] Batch 8/16 (Samples 8-8)
[admin asst | NEUTRAL] Batch 9/16 (Samples 9-9)
[admin asst | NEUTRAL] Batch 10/16 (Samples 10-10)
[admin asst | NEUTRAL] Batch 11/16 (Samples 11-11)
[admin asst | NEUTRAL] Batch 12/16 (Samples 12-12)
[admin asst | NEUTRAL] Batch 13/16 (Samples 13-13)
[admin asst | NEUTRAL] Batch 14/16 (Samples 14-14)
[admin asst | NEUTRAL] Batch 15/16 (Samples 15-15)
[admin asst | NEUTRAL] Batch 16/16 (Samples 16-16)
  Saved steering vectors to generated_images/steering_vectors/admin_asst
[BIAS SUMMARY]
admin asst               | -0.2338 | Feminine -- █████
  Max Bias: -0.9239 at up_0 step 29

[PROFESSION] electrician
  - Analyzing text embeddings...
  Text Bias (electrician) | +0.6860 | Masculine ++ █████████████████
[electrician | MALE] Batch 1/16 (Samples 1-1)
[electrician | MALE] Batch 2/16 (Samples 2-2)
[electrician | MALE] Batch 3/16 (Samples 3-3)
[electrician | MALE] Batch 4/16 (Samples 4-4)
[electrician | MALE] Batch 5/16 (Samples 5-5)
[electrician | MALE] Batch 6/16 (Samples 6-6)
[electrician | MALE] Batch 7/16 (Samples 7-7)
[electrician | MALE] Batch 8/16 (Samples 8-8)
[electrician | MALE] Batch 9/16 (Samples 9-9)
[electrician | MALE] Batch 10/16 (Samples 10-10)
[electrician | MALE] Batch 11/16 (Samples 11-11)
[electrician | MALE] Batch 12/16 (Samples 12-12)
[electrician | MALE] Batch 13/16 (Samples 13-13)
[electrician | MALE] Batch 14/16 (Samples 14-14)
[electrician | MALE] Batch 15/16 (Samples 15-15)
[electrician | MALE] Batch 16/16 (Samples 16-16)
[electrician | FEMALE] Batch 1/16 (Samples 1-1)
[electrician | FEMALE] Batch 2/16 (Samples 2-2)
[electrician | FEMALE] Batch 3/16 (Samples 3-3)
[electrician | FEMALE] Batch 4/16 (Samples 4-4)
[electrician | FEMALE] Batch 5/16 (Samples 5-5)
[electrician | FEMALE] Batch 6/16 (Samples 6-6)
[electrician | FEMALE] Batch 7/16 (Samples 7-7)
[electrician | FEMALE] Batch 8/16 (Samples 8-8)
[electrician | FEMALE] Batch 9/16 (Samples 9-9)
[electrician | FEMALE] Batch 10/16 (Samples 10-10)
[electrician | FEMALE] Batch 11/16 (Samples 11-11)
[electrician | FEMALE] Batch 12/16 (Samples 12-12)
[electrician | FEMALE] Batch 13/16 (Samples 13-13)
[electrician | FEMALE] Batch 14/16 (Samples 14-14)
[electrician | FEMALE] Batch 15/16 (Samples 15-15)
[electrician | FEMALE] Batch 16/16 (Samples 16-16)
[electrician | NEUTRAL] Batch 1/16 (Samples 1-1)
[electrician | NEUTRAL] Batch 2/16 (Samples 2-2)
[electrician | NEUTRAL] Batch 3/16 (Samples 3-3)
[electrician | NEUTRAL] Batch 4/16 (Samples 4-4)
[electrician | NEUTRAL] Batch 5/16 (Samples 5-5)
[electrician | NEUTRAL] Batch 6/16 (Samples 6-6)
[electrician | NEUTRAL] Batch 7/16 (Samples 7-7)
[electrician | NEUTRAL] Batch 8/16 (Samples 8-8)
[electrician | NEUTRAL] Batch 9/16 (Samples 9-9)
[electrician | NEUTRAL] Batch 10/16 (Samples 10-10)
[electrician | NEUTRAL] Batch 11/16 (Samples 11-11)
[electrician | NEUTRAL] Batch 12/16 (Samples 12-12)
[electrician | NEUTRAL] Batch 13/16 (Samples 13-13)
[electrician | NEUTRAL] Batch 14/16 (Samples 14-14)
[electrician | NEUTRAL] Batch 15/16 (Samples 15-15)
[electrician | NEUTRAL] Batch 16/16 (Samples 16-16)
  Saved steering vectors to generated_images/steering_vectors/electrician
[BIAS SUMMARY]
electrician              | +0.9137 | Masculine ++ ██████████████████████
  Max Bias: 0.9885 at mid_block step 6

[PROFESSION] author
  - Analyzing text embeddings...
  Text Bias (author)     | +0.1467 | Masculine ++ ███
[author | MALE] Batch 1/16 (Samples 1-1)
[author | MALE] Batch 2/16 (Samples 2-2)
[author | MALE] Batch 3/16 (Samples 3-3)
[author | MALE] Batch 4/16 (Samples 4-4)
[author | MALE] Batch 5/16 (Samples 5-5)
[author | MALE] Batch 6/16 (Samples 6-6)
[author | MALE] Batch 7/16 (Samples 7-7)
[author | MALE] Batch 8/16 (Samples 8-8)
[author | MALE] Batch 9/16 (Samples 9-9)
[author | MALE] Batch 10/16 (Samples 10-10)
[author | MALE] Batch 11/16 (Samples 11-11)
[author | MALE] Batch 12/16 (Samples 12-12)
[author | MALE] Batch 13/16 (Samples 13-13)
[author | MALE] Batch 14/16 (Samples 14-14)
[author | MALE] Batch 15/16 (Samples 15-15)
[author | MALE] Batch 16/16 (Samples 16-16)
[author | FEMALE] Batch 1/16 (Samples 1-1)
[author | FEMALE] Batch 2/16 (Samples 2-2)
[author | FEMALE] Batch 3/16 (Samples 3-3)
[author | FEMALE] Batch 4/16 (Samples 4-4)
[author | FEMALE] Batch 5/16 (Samples 5-5)
[author | FEMALE] Batch 6/16 (Samples 6-6)
[author | FEMALE] Batch 7/16 (Samples 7-7)
[author | FEMALE] Batch 8/16 (Samples 8-8)
[author | FEMALE] Batch 9/16 (Samples 9-9)
[author | FEMALE] Batch 10/16 (Samples 10-10)
[author | FEMALE] Batch 11/16 (Samples 11-11)
[author | FEMALE] Batch 12/16 (Samples 12-12)
[author | FEMALE] Batch 13/16 (Samples 13-13)
[author | FEMALE] Batch 14/16 (Samples 14-14)
[author | FEMALE] Batch 15/16 (Samples 15-15)
[author | FEMALE] Batch 16/16 (Samples 16-16)
[author | NEUTRAL] Batch 1/16 (Samples 1-1)
[author | NEUTRAL] Batch 2/16 (Samples 2-2)
[author | NEUTRAL] Batch 3/16 (Samples 3-3)
[author | NEUTRAL] Batch 4/16 (Samples 4-4)
[author | NEUTRAL] Batch 5/16 (Samples 5-5)
[author | NEUTRAL] Batch 6/16 (Samples 6-6)
[author | NEUTRAL] Batch 7/16 (Samples 7-7)
[author | NEUTRAL] Batch 8/16 (Samples 8-8)
[author | NEUTRAL] Batch 9/16 (Samples 9-9)
[author | NEUTRAL] Batch 10/16 (Samples 10-10)
[author | NEUTRAL] Batch 11/16 (Samples 11-11)
[author | NEUTRAL] Batch 12/16 (Samples 12-12)
[author | NEUTRAL] Batch 13/16 (Samples 13-13)
[author | NEUTRAL] Batch 14/16 (Samples 14-14)
[author | NEUTRAL] Batch 15/16 (Samples 15-15)
[author | NEUTRAL] Batch 16/16 (Samples 16-16)
  Saved steering vectors to generated_images/steering_vectors/author
[BIAS SUMMARY]
author                   | +0.8851 | Masculine ++ ██████████████████████
  Max Bias: 0.9934 at mid_block step 7

[PROFESSION] optician
  - Analyzing text embeddings...
  Text Bias (optician)   | +0.2818 | Masculine ++ ███████
[optician | MALE] Batch 1/16 (Samples 1-1)
[optician | MALE] Batch 2/16 (Samples 2-2)
[optician | MALE] Batch 3/16 (Samples 3-3)
[optician | MALE] Batch 4/16 (Samples 4-4)
[optician | MALE] Batch 5/16 (Samples 5-5)
[optician | MALE] Batch 6/16 (Samples 6-6)
[optician | MALE] Batch 7/16 (Samples 7-7)
[optician | MALE] Batch 8/16 (Samples 8-8)
[optician | MALE] Batch 9/16 (Samples 9-9)
[optician | MALE] Batch 10/16 (Samples 10-10)
[optician | MALE] Batch 11/16 (Samples 11-11)
[optician | MALE] Batch 12/16 (Samples 12-12)
[optician | MALE] Batch 13/16 (Samples 13-13)
[optician | MALE] Batch 14/16 (Samples 14-14)
[optician | MALE] Batch 15/16 (Samples 15-15)
[optician | MALE] Batch 16/16 (Samples 16-16)
[optician | FEMALE] Batch 1/16 (Samples 1-1)
[optician | FEMALE] Batch 2/16 (Samples 2-2)
[optician | FEMALE] Batch 3/16 (Samples 3-3)
[optician | FEMALE] Batch 4/16 (Samples 4-4)
[optician | FEMALE] Batch 5/16 (Samples 5-5)
[optician | FEMALE] Batch 6/16 (Samples 6-6)
[optician | FEMALE] Batch 7/16 (Samples 7-7)
[optician | FEMALE] Batch 8/16 (Samples 8-8)
[optician | FEMALE] Batch 9/16 (Samples 9-9)
[optician | FEMALE] Batch 10/16 (Samples 10-10)
[optician | FEMALE] Batch 11/16 (Samples 11-11)
[optician | FEMALE] Batch 12/16 (Samples 12-12)
[optician | FEMALE] Batch 13/16 (Samples 13-13)
[optician | FEMALE] Batch 14/16 (Samples 14-14)
[optician | FEMALE] Batch 15/16 (Samples 15-15)
[optician | FEMALE] Batch 16/16 (Samples 16-16)
[optician | NEUTRAL] Batch 1/16 (Samples 1-1)
[optician | NEUTRAL] Batch 2/16 (Samples 2-2)
[optician | NEUTRAL] Batch 3/16 (Samples 3-3)
[optician | NEUTRAL] Batch 4/16 (Samples 4-4)
[optician | NEUTRAL] Batch 5/16 (Samples 5-5)
[optician | NEUTRAL] Batch 6/16 (Samples 6-6)
[optician | NEUTRAL] Batch 7/16 (Samples 7-7)
[optician | NEUTRAL] Batch 8/16 (Samples 8-8)
[optician | NEUTRAL] Batch 9/16 (Samples 9-9)
[optician | NEUTRAL] Batch 10/16 (Samples 10-10)
[optician | NEUTRAL] Batch 11/16 (Samples 11-11)
[optician | NEUTRAL] Batch 12/16 (Samples 12-12)
[optician | NEUTRAL] Batch 13/16 (Samples 13-13)
[optician | NEUTRAL] Batch 14/16 (Samples 14-14)
[optician | NEUTRAL] Batch 15/16 (Samples 15-15)
[optician | NEUTRAL] Batch 16/16 (Samples 16-16)
  Saved steering vectors to generated_images/steering_vectors/optician
[BIAS SUMMARY]
optician                 | +0.8689 | Masculine ++ █████████████████████
  Max Bias: 0.9741 at up_1 step 29

[PROFESSION] announcer
  - Analyzing text embeddings...
  Text Bias (announcer)  | +0.3282 | Masculine ++ ████████
[announcer | MALE] Batch 1/16 (Samples 1-1)
[announcer | MALE] Batch 2/16 (Samples 2-2)
[announcer | MALE] Batch 3/16 (Samples 3-3)
[announcer | MALE] Batch 4/16 (Samples 4-4)
[announcer | MALE] Batch 5/16 (Samples 5-5)
[announcer | MALE] Batch 6/16 (Samples 6-6)
[announcer | MALE] Batch 7/16 (Samples 7-7)
[announcer | MALE] Batch 8/16 (Samples 8-8)
[announcer | MALE] Batch 9/16 (Samples 9-9)
[announcer | MALE] Batch 10/16 (Samples 10-10)
[announcer | MALE] Batch 11/16 (Samples 11-11)
[announcer | MALE] Batch 12/16 (Samples 12-12)
[announcer | MALE] Batch 13/16 (Samples 13-13)
[announcer | MALE] Batch 14/16 (Samples 14-14)
[announcer | MALE] Batch 15/16 (Samples 15-15)
[announcer | MALE] Batch 16/16 (Samples 16-16)
[announcer | FEMALE] Batch 1/16 (Samples 1-1)
[announcer | FEMALE] Batch 2/16 (Samples 2-2)
[announcer | FEMALE] Batch 3/16 (Samples 3-3)
[announcer | FEMALE] Batch 4/16 (Samples 4-4)
[announcer | FEMALE] Batch 5/16 (Samples 5-5)
[announcer | FEMALE] Batch 6/16 (Samples 6-6)
[announcer | FEMALE] Batch 7/16 (Samples 7-7)
[announcer | FEMALE] Batch 8/16 (Samples 8-8)
[announcer | FEMALE] Batch 9/16 (Samples 9-9)
[announcer | FEMALE] Batch 10/16 (Samples 10-10)
[announcer | FEMALE] Batch 11/16 (Samples 11-11)
[announcer | FEMALE] Batch 12/16 (Samples 12-12)
[announcer | FEMALE] Batch 13/16 (Samples 13-13)
[announcer | FEMALE] Batch 14/16 (Samples 14-14)
[announcer | FEMALE] Batch 15/16 (Samples 15-15)
[announcer | FEMALE] Batch 16/16 (Samples 16-16)
[announcer | NEUTRAL] Batch 1/16 (Samples 1-1)
[announcer | NEUTRAL] Batch 2/16 (Samples 2-2)
[announcer | NEUTRAL] Batch 3/16 (Samples 3-3)
[announcer | NEUTRAL] Batch 4/16 (Samples 4-4)
[announcer | NEUTRAL] Batch 5/16 (Samples 5-5)
[announcer | NEUTRAL] Batch 6/16 (Samples 6-6)
[announcer | NEUTRAL] Batch 7/16 (Samples 7-7)
[announcer | NEUTRAL] Batch 8/16 (Samples 8-8)
[announcer | NEUTRAL] Batch 9/16 (Samples 9-9)
[announcer | NEUTRAL] Batch 10/16 (Samples 10-10)
[announcer | NEUTRAL] Batch 11/16 (Samples 11-11)
[announcer | NEUTRAL] Batch 12/16 (Samples 12-12)
[announcer | NEUTRAL] Batch 13/16 (Samples 13-13)
[announcer | NEUTRAL] Batch 14/16 (Samples 14-14)
[announcer | NEUTRAL] Batch 15/16 (Samples 15-15)
[announcer | NEUTRAL] Batch 16/16 (Samples 16-16)
  Saved steering vectors to generated_images/steering_vectors/announcer
[BIAS SUMMARY]
announcer                | +0.5904 | Masculine ++ ██████████████
  Max Bias: 0.9686 at up_0 step 3

[PROFESSION] chemist
  - Analyzing text embeddings...
  Text Bias (chemist)    | +0.2567 | Masculine ++ ██████
[chemist | MALE] Batch 1/16 (Samples 1-1)
[chemist | MALE] Batch 2/16 (Samples 2-2)
[chemist | MALE] Batch 3/16 (Samples 3-3)
[chemist | MALE] Batch 4/16 (Samples 4-4)
[chemist | MALE] Batch 5/16 (Samples 5-5)
[chemist | MALE] Batch 6/16 (Samples 6-6)
[chemist | MALE] Batch 7/16 (Samples 7-7)
[chemist | MALE] Batch 8/16 (Samples 8-8)
[chemist | MALE] Batch 9/16 (Samples 9-9)
[chemist | MALE] Batch 10/16 (Samples 10-10)
[chemist | MALE] Batch 11/16 (Samples 11-11)
[chemist | MALE] Batch 12/16 (Samples 12-12)
[chemist | MALE] Batch 13/16 (Samples 13-13)
[chemist | MALE] Batch 14/16 (Samples 14-14)
[chemist | MALE] Batch 15/16 (Samples 15-15)
[chemist | MALE] Batch 16/16 (Samples 16-16)
[chemist | FEMALE] Batch 1/16 (Samples 1-1)
[chemist | FEMALE] Batch 2/16 (Samples 2-2)
[chemist | FEMALE] Batch 3/16 (Samples 3-3)
[chemist | FEMALE] Batch 4/16 (Samples 4-4)
[chemist | FEMALE] Batch 5/16 (Samples 5-5)
[chemist | FEMALE] Batch 6/16 (Samples 6-6)
[chemist | FEMALE] Batch 7/16 (Samples 7-7)
[chemist | FEMALE] Batch 8/16 (Samples 8-8)
[chemist | FEMALE] Batch 9/16 (Samples 9-9)
[chemist | FEMALE] Batch 10/16 (Samples 10-10)
[chemist | FEMALE] Batch 11/16 (Samples 11-11)
[chemist | FEMALE] Batch 12/16 (Samples 12-12)
[chemist | FEMALE] Batch 13/16 (Samples 13-13)
[chemist | FEMALE] Batch 14/16 (Samples 14-14)
[chemist | FEMALE] Batch 15/16 (Samples 15-15)
[chemist | FEMALE] Batch 16/16 (Samples 16-16)
[chemist | NEUTRAL] Batch 1/16 (Samples 1-1)
[chemist | NEUTRAL] Batch 2/16 (Samples 2-2)
[chemist | NEUTRAL] Batch 3/16 (Samples 3-3)
[chemist | NEUTRAL] Batch 4/16 (Samples 4-4)
[chemist | NEUTRAL] Batch 5/16 (Samples 5-5)
[chemist | NEUTRAL] Batch 6/16 (Samples 6-6)
[chemist | NEUTRAL] Batch 7/16 (Samples 7-7)
[chemist | NEUTRAL] Batch 8/16 (Samples 8-8)
[chemist | NEUTRAL] Batch 9/16 (Samples 9-9)
[chemist | NEUTRAL] Batch 10/16 (Samples 10-10)
[chemist | NEUTRAL] Batch 11/16 (Samples 11-11)
[chemist | NEUTRAL] Batch 12/16 (Samples 12-12)
[chemist | NEUTRAL] Batch 13/16 (Samples 13-13)
[chemist | NEUTRAL] Batch 14/16 (Samples 14-14)
[chemist | NEUTRAL] Batch 15/16 (Samples 15-15)
[chemist | NEUTRAL] Batch 16/16 (Samples 16-16)
  Saved steering vectors to generated_images/steering_vectors/chemist
[BIAS SUMMARY]
chemist                  | +0.9153 | Masculine ++ ██████████████████████
  Max Bias: 0.9912 at mid_block step 15

[PROFESSION] butcher
  - Analyzing text embeddings...
  Text Bias (butcher)    | +0.5943 | Masculine ++ ██████████████
[butcher | MALE] Batch 1/16 (Samples 1-1)
[butcher | MALE] Batch 2/16 (Samples 2-2)
[butcher | MALE] Batch 3/16 (Samples 3-3)
[butcher | MALE] Batch 4/16 (Samples 4-4)
[butcher | MALE] Batch 5/16 (Samples 5-5)
[butcher | MALE] Batch 6/16 (Samples 6-6)
[butcher | MALE] Batch 7/16 (Samples 7-7)
[butcher | MALE] Batch 8/16 (Samples 8-8)
[butcher | MALE] Batch 9/16 (Samples 9-9)
[butcher | MALE] Batch 10/16 (Samples 10-10)
[butcher | MALE] Batch 11/16 (Samples 11-11)
[butcher | MALE] Batch 12/16 (Samples 12-12)
[butcher | MALE] Batch 13/16 (Samples 13-13)
[butcher | MALE] Batch 14/16 (Samples 14-14)
[butcher | MALE] Batch 15/16 (Samples 15-15)
[butcher | MALE] Batch 16/16 (Samples 16-16)
[butcher | FEMALE] Batch 1/16 (Samples 1-1)
[butcher | FEMALE] Batch 2/16 (Samples 2-2)
[butcher | FEMALE] Batch 3/16 (Samples 3-3)
[butcher | FEMALE] Batch 4/16 (Samples 4-4)
[butcher | FEMALE] Batch 5/16 (Samples 5-5)
[butcher | FEMALE] Batch 6/16 (Samples 6-6)
[butcher | FEMALE] Batch 7/16 (Samples 7-7)
[butcher | FEMALE] Batch 8/16 (Samples 8-8)
[butcher | FEMALE] Batch 9/16 (Samples 9-9)
[butcher | FEMALE] Batch 10/16 (Samples 10-10)
[butcher | FEMALE] Batch 11/16 (Samples 11-11)
[butcher | FEMALE] Batch 12/16 (Samples 12-12)
[butcher | FEMALE] Batch 13/16 (Samples 13-13)
[butcher | FEMALE] Batch 14/16 (Samples 14-14)
[butcher | FEMALE] Batch 15/16 (Samples 15-15)
[butcher | FEMALE] Batch 16/16 (Samples 16-16)
[butcher | NEUTRAL] Batch 1/16 (Samples 1-1)
[butcher | NEUTRAL] Batch 2/16 (Samples 2-2)
[butcher | NEUTRAL] Batch 3/16 (Samples 3-3)
[butcher | NEUTRAL] Batch 4/16 (Samples 4-4)
[butcher | NEUTRAL] Batch 5/16 (Samples 5-5)
[butcher | NEUTRAL] Batch 6/16 (Samples 6-6)
[butcher | NEUTRAL] Batch 7/16 (Samples 7-7)
[butcher | NEUTRAL] Batch 8/16 (Samples 8-8)
[butcher | NEUTRAL] Batch 9/16 (Samples 9-9)
[butcher | NEUTRAL] Batch 10/16 (Samples 10-10)
[butcher | NEUTRAL] Batch 11/16 (Samples 11-11)
[butcher | NEUTRAL] Batch 12/16 (Samples 12-12)
[butcher | NEUTRAL] Batch 13/16 (Samples 13-13)
[butcher | NEUTRAL] Batch 14/16 (Samples 14-14)
[butcher | NEUTRAL] Batch 15/16 (Samples 15-15)
[butcher | NEUTRAL] Batch 16/16 (Samples 16-16)
  Saved steering vectors to generated_images/steering_vectors/butcher
[BIAS SUMMARY]
butcher                  | +0.8948 | Masculine ++ ██████████████████████
  Max Bias: 0.9944 at mid_block step 14

[PROFESSION] building inspector
  - Analyzing text embeddings...
  Text Bias (building inspector) | +0.5678 | Masculine ++ ██████████████
[building inspector | MALE] Batch 1/16 (Samples 1-1)
[building inspector | MALE] Batch 2/16 (Samples 2-2)
[building inspector | MALE] Batch 3/16 (Samples 3-3)
[building inspector | MALE] Batch 4/16 (Samples 4-4)
[building inspector | MALE] Batch 5/16 (Samples 5-5)
[building inspector | MALE] Batch 6/16 (Samples 6-6)
[building inspector | MALE] Batch 7/16 (Samples 7-7)
[building inspector | MALE] Batch 8/16 (Samples 8-8)
[building inspector | MALE] Batch 9/16 (Samples 9-9)
[building inspector | MALE] Batch 10/16 (Samples 10-10)
[building inspector | MALE] Batch 11/16 (Samples 11-11)
[building inspector | MALE] Batch 12/16 (Samples 12-12)
[building inspector | MALE] Batch 13/16 (Samples 13-13)
[building inspector | MALE] Batch 14/16 (Samples 14-14)
[building inspector | MALE] Batch 15/16 (Samples 15-15)
[building inspector | MALE] Batch 16/16 (Samples 16-16)
[building inspector | FEMALE] Batch 1/16 (Samples 1-1)
[building inspector | FEMALE] Batch 2/16 (Samples 2-2)
[building inspector | FEMALE] Batch 3/16 (Samples 3-3)
[building inspector | FEMALE] Batch 4/16 (Samples 4-4)
[building inspector | FEMALE] Batch 5/16 (Samples 5-5)
[building inspector | FEMALE] Batch 6/16 (Samples 6-6)
[building inspector | FEMALE] Batch 7/16 (Samples 7-7)
[building inspector | FEMALE] Batch 8/16 (Samples 8-8)
[building inspector | FEMALE] Batch 9/16 (Samples 9-9)
[building inspector | FEMALE] Batch 10/16 (Samples 10-10)
[building inspector | FEMALE] Batch 11/16 (Samples 11-11)
[building inspector | FEMALE] Batch 12/16 (Samples 12-12)
[building inspector | FEMALE] Batch 13/16 (Samples 13-13)
[building inspector | FEMALE] Batch 14/16 (Samples 14-14)
[building inspector | FEMALE] Batch 15/16 (Samples 15-15)
[building inspector | FEMALE] Batch 16/16 (Samples 16-16)
[building inspector | NEUTRAL] Batch 1/16 (Samples 1-1)
[building inspector | NEUTRAL] Batch 2/16 (Samples 2-2)
[building inspector | NEUTRAL] Batch 3/16 (Samples 3-3)
[building inspector | NEUTRAL] Batch 4/16 (Samples 4-4)
[building inspector | NEUTRAL] Batch 5/16 (Samples 5-5)
[building inspector | NEUTRAL] Batch 6/16 (Samples 6-6)
[building inspector | NEUTRAL] Batch 7/16 (Samples 7-7)
[building inspector | NEUTRAL] Batch 8/16 (Samples 8-8)
[building inspector | NEUTRAL] Batch 9/16 (Samples 9-9)
[building inspector | NEUTRAL] Batch 10/16 (Samples 10-10)
[building inspector | NEUTRAL] Batch 11/16 (Samples 11-11)
[building inspector | NEUTRAL] Batch 12/16 (Samples 12-12)
[building inspector | NEUTRAL] Batch 13/16 (Samples 13-13)
[building inspector | NEUTRAL] Batch 14/16 (Samples 14-14)
[building inspector | NEUTRAL] Batch 15/16 (Samples 15-15)
[building inspector | NEUTRAL] Batch 16/16 (Samples 16-16)
  Saved steering vectors to generated_images/steering_vectors/building_inspector
[BIAS SUMMARY]
building inspector       | +0.8394 | Masculine ++ ████████████████████
  Max Bias: 0.9661 at mid_block step 3

[PROFESSION] bartender
  - Analyzing text embeddings...
  Text Bias (bartender)  | +0.4794 | Masculine ++ ███████████
[bartender | MALE] Batch 1/16 (Samples 1-1)
[bartender | MALE] Batch 2/16 (Samples 2-2)
[bartender | MALE] Batch 3/16 (Samples 3-3)
[bartender | MALE] Batch 4/16 (Samples 4-4)
[bartender | MALE] Batch 5/16 (Samples 5-5)
[bartender | MALE] Batch 6/16 (Samples 6-6)
[bartender | MALE] Batch 7/16 (Samples 7-7)
[bartender | MALE] Batch 8/16 (Samples 8-8)
[bartender | MALE] Batch 9/16 (Samples 9-9)
[bartender | MALE] Batch 10/16 (Samples 10-10)
[bartender | MALE] Batch 11/16 (Samples 11-11)
[bartender | MALE] Batch 12/16 (Samples 12-12)
[bartender | MALE] Batch 13/16 (Samples 13-13)
[bartender | MALE] Batch 14/16 (Samples 14-14)
[bartender | MALE] Batch 15/16 (Samples 15-15)
[bartender | MALE] Batch 16/16 (Samples 16-16)
[bartender | FEMALE] Batch 1/16 (Samples 1-1)
[bartender | FEMALE] Batch 2/16 (Samples 2-2)
[bartender | FEMALE] Batch 3/16 (Samples 3-3)
[bartender | FEMALE] Batch 4/16 (Samples 4-4)
[bartender | FEMALE] Batch 5/16 (Samples 5-5)
[bartender | FEMALE] Batch 6/16 (Samples 6-6)
[bartender | FEMALE] Batch 7/16 (Samples 7-7)
[bartender | FEMALE] Batch 8/16 (Samples 8-8)
[bartender | FEMALE] Batch 9/16 (Samples 9-9)
[bartender | FEMALE] Batch 10/16 (Samples 10-10)
[bartender | FEMALE] Batch 11/16 (Samples 11-11)
[bartender | FEMALE] Batch 12/16 (Samples 12-12)
[bartender | FEMALE] Batch 13/16 (Samples 13-13)
[bartender | FEMALE] Batch 14/16 (Samples 14-14)
[bartender | FEMALE] Batch 15/16 (Samples 15-15)
[bartender | FEMALE] Batch 16/16 (Samples 16-16)
[bartender | NEUTRAL] Batch 1/16 (Samples 1-1)
[bartender | NEUTRAL] Batch 2/16 (Samples 2-2)
[bartender | NEUTRAL] Batch 3/16 (Samples 3-3)
[bartender | NEUTRAL] Batch 4/16 (Samples 4-4)
[bartender | NEUTRAL] Batch 5/16 (Samples 5-5)
[bartender | NEUTRAL] Batch 6/16 (Samples 6-6)
[bartender | NEUTRAL] Batch 7/16 (Samples 7-7)
[bartender | NEUTRAL] Batch 8/16 (Samples 8-8)
[bartender | NEUTRAL] Batch 9/16 (Samples 9-9)
[bartender | NEUTRAL] Batch 10/16 (Samples 10-10)
[bartender | NEUTRAL] Batch 11/16 (Samples 11-11)
[bartender | NEUTRAL] Batch 12/16 (Samples 12-12)
[bartender | NEUTRAL] Batch 13/16 (Samples 13-13)
[bartender | NEUTRAL] Batch 14/16 (Samples 14-14)
[bartender | NEUTRAL] Batch 15/16 (Samples 15-15)
[bartender | NEUTRAL] Batch 16/16 (Samples 16-16)
  Saved steering vectors to generated_images/steering_vectors/bartender
[BIAS SUMMARY]
bartender                | +0.8557 | Masculine ++ █████████████████████
  Max Bias: 0.9929 at mid_block step 4

[PROFESSION] childcare worker
  - Analyzing text embeddings...
  Text Bias (childcare worker) | -0.3402 | Feminine -- ████████
[childcare worker | MALE] Batch 1/16 (Samples 1-1)
[childcare worker | MALE] Batch 2/16 (Samples 2-2)
[childcare worker | MALE] Batch 3/16 (Samples 3-3)
[childcare worker | MALE] Batch 4/16 (Samples 4-4)
[childcare worker | MALE] Batch 5/16 (Samples 5-5)
[childcare worker | MALE] Batch 6/16 (Samples 6-6)
[childcare worker | MALE] Batch 7/16 (Samples 7-7)
[childcare worker | MALE] Batch 8/16 (Samples 8-8)
[childcare worker | MALE] Batch 9/16 (Samples 9-9)
[childcare worker | MALE] Batch 10/16 (Samples 10-10)
[childcare worker | MALE] Batch 11/16 (Samples 11-11)
[childcare worker | MALE] Batch 12/16 (Samples 12-12)
[childcare worker | MALE] Batch 13/16 (Samples 13-13)
[childcare worker | MALE] Batch 14/16 (Samples 14-14)
[childcare worker | MALE] Batch 15/16 (Samples 15-15)
[childcare worker | MALE] Batch 16/16 (Samples 16-16)
[childcare worker | FEMALE] Batch 1/16 (Samples 1-1)
[childcare worker | FEMALE] Batch 2/16 (Samples 2-2)
[childcare worker | FEMALE] Batch 3/16 (Samples 3-3)
[childcare worker | FEMALE] Batch 4/16 (Samples 4-4)
[childcare worker | FEMALE] Batch 5/16 (Samples 5-5)
[childcare worker | FEMALE] Batch 6/16 (Samples 6-6)
[childcare worker | FEMALE] Batch 7/16 (Samples 7-7)
[childcare worker | FEMALE] Batch 8/16 (Samples 8-8)
[childcare worker | FEMALE] Batch 9/16 (Samples 9-9)
[childcare worker | FEMALE] Batch 10/16 (Samples 10-10)
[childcare worker | FEMALE] Batch 11/16 (Samples 11-11)
[childcare worker | FEMALE] Batch 12/16 (Samples 12-12)
[childcare worker | FEMALE] Batch 13/16 (Samples 13-13)
[childcare worker | FEMALE] Batch 14/16 (Samples 14-14)
[childcare worker | FEMALE] Batch 15/16 (Samples 15-15)
[childcare worker | FEMALE] Batch 16/16 (Samples 16-16)
[childcare worker | NEUTRAL] Batch 1/16 (Samples 1-1)
[childcare worker | NEUTRAL] Batch 2/16 (Samples 2-2)
[childcare worker | NEUTRAL] Batch 3/16 (Samples 3-3)
[childcare worker | NEUTRAL] Batch 4/16 (Samples 4-4)
[childcare worker | NEUTRAL] Batch 5/16 (Samples 5-5)
[childcare worker | NEUTRAL] Batch 6/16 (Samples 6-6)
[childcare worker | NEUTRAL] Batch 7/16 (Samples 7-7)
[childcare worker | NEUTRAL] Batch 8/16 (Samples 8-8)
[childcare worker | NEUTRAL] Batch 9/16 (Samples 9-9)
[childcare worker | NEUTRAL] Batch 10/16 (Samples 10-10)
[childcare worker | NEUTRAL] Batch 11/16 (Samples 11-11)
[childcare worker | NEUTRAL] Batch 12/16 (Samples 12-12)
[childcare worker | NEUTRAL] Batch 13/16 (Samples 13-13)
[childcare worker | NEUTRAL] Batch 14/16 (Samples 14-14)
[childcare worker | NEUTRAL] Batch 15/16 (Samples 15-15)
[childcare worker | NEUTRAL] Batch 16/16 (Samples 16-16)
  Saved steering vectors to generated_images/steering_vectors/childcare_worker
[BIAS SUMMARY]
childcare worker         | -0.5517 | Feminine -- █████████████
  Max Bias: -0.8383 at up_1 step 26

[PROFESSION] chef
  - Analyzing text embeddings...
  Text Bias (chef)       | +0.3860 | Masculine ++ █████████
[chef | MALE] Batch 1/16 (Samples 1-1)
[chef | MALE] Batch 2/16 (Samples 2-2)
[chef | MALE] Batch 3/16 (Samples 3-3)
[chef | MALE] Batch 4/16 (Samples 4-4)
[chef | MALE] Batch 5/16 (Samples 5-5)
[chef | MALE] Batch 6/16 (Samples 6-6)
[chef | MALE] Batch 7/16 (Samples 7-7)
[chef | MALE] Batch 8/16 (Samples 8-8)
[chef | MALE] Batch 9/16 (Samples 9-9)
[chef | MALE] Batch 10/16 (Samples 10-10)
[chef | MALE] Batch 11/16 (Samples 11-11)
[chef | MALE] Batch 12/16 (Samples 12-12)
[chef | MALE] Batch 13/16 (Samples 13-13)
[chef | MALE] Batch 14/16 (Samples 14-14)
[chef | MALE] Batch 15/16 (Samples 15-15)
[chef | MALE] Batch 16/16 (Samples 16-16)
[chef | FEMALE] Batch 1/16 (Samples 1-1)
[chef | FEMALE] Batch 2/16 (Samples 2-2)
[chef | FEMALE] Batch 3/16 (Samples 3-3)
[chef | FEMALE] Batch 4/16 (Samples 4-4)
[chef | FEMALE] Batch 5/16 (Samples 5-5)
[chef | FEMALE] Batch 6/16 (Samples 6-6)
[chef | FEMALE] Batch 7/16 (Samples 7-7)
[chef | FEMALE] Batch 8/16 (Samples 8-8)
[chef | FEMALE] Batch 9/16 (Samples 9-9)
[chef | FEMALE] Batch 10/16 (Samples 10-10)
[chef | FEMALE] Batch 11/16 (Samples 11-11)
[chef | FEMALE] Batch 12/16 (Samples 12-12)
[chef | FEMALE] Batch 13/16 (Samples 13-13)
[chef | FEMALE] Batch 14/16 (Samples 14-14)
[chef | FEMALE] Batch 15/16 (Samples 15-15)
[chef | FEMALE] Batch 16/16 (Samples 16-16)
[chef | NEUTRAL] Batch 1/16 (Samples 1-1)
[chef | NEUTRAL] Batch 2/16 (Samples 2-2)
[chef | NEUTRAL] Batch 3/16 (Samples 3-3)
[chef | NEUTRAL] Batch 4/16 (Samples 4-4)
[chef | NEUTRAL] Batch 5/16 (Samples 5-5)
[chef | NEUTRAL] Batch 6/16 (Samples 6-6)
[chef | NEUTRAL] Batch 7/16 (Samples 7-7)
[chef | NEUTRAL] Batch 8/16 (Samples 8-8)
[chef | NEUTRAL] Batch 9/16 (Samples 9-9)
[chef | NEUTRAL] Batch 10/16 (Samples 10-10)
[chef | NEUTRAL] Batch 11/16 (Samples 11-11)
[chef | NEUTRAL] Batch 12/16 (Samples 12-12)
[chef | NEUTRAL] Batch 13/16 (Samples 13-13)
[chef | NEUTRAL] Batch 14/16 (Samples 14-14)
[chef | NEUTRAL] Batch 15/16 (Samples 15-15)
[chef | NEUTRAL] Batch 16/16 (Samples 16-16)
  Saved steering vectors to generated_images/steering_vectors/chef
[BIAS SUMMARY]
chef                     | +0.8890 | Masculine ++ ██████████████████████
  Max Bias: 0.9946 at up_0 step 13

[PROFESSION] CEO
  - Analyzing text embeddings...
  Text Bias (CEO)        | +0.4120 | Masculine ++ ██████████
[CEO | MALE] Batch 1/16 (Samples 1-1)
[CEO | MALE] Batch 2/16 (Samples 2-2)
[CEO | MALE] Batch 3/16 (Samples 3-3)
[CEO | MALE] Batch 4/16 (Samples 4-4)
[CEO | MALE] Batch 5/16 (Samples 5-5)
[CEO | MALE] Batch 6/16 (Samples 6-6)
[CEO | MALE] Batch 7/16 (Samples 7-7)
[CEO | MALE] Batch 8/16 (Samples 8-8)
[CEO | MALE] Batch 9/16 (Samples 9-9)
[CEO | MALE] Batch 10/16 (Samples 10-10)
[CEO | MALE] Batch 11/16 (Samples 11-11)
[CEO | MALE] Batch 12/16 (Samples 12-12)
[CEO | MALE] Batch 13/16 (Samples 13-13)
[CEO | MALE] Batch 14/16 (Samples 14-14)
[CEO | MALE] Batch 15/16 (Samples 15-15)
[CEO | MALE] Batch 16/16 (Samples 16-16)
[CEO | FEMALE] Batch 1/16 (Samples 1-1)
[CEO | FEMALE] Batch 2/16 (Samples 2-2)
[CEO | FEMALE] Batch 3/16 (Samples 3-3)
[CEO | FEMALE] Batch 4/16 (Samples 4-4)
[CEO | FEMALE] Batch 5/16 (Samples 5-5)
[CEO | FEMALE] Batch 6/16 (Samples 6-6)
[CEO | FEMALE] Batch 7/16 (Samples 7-7)
[CEO | FEMALE] Batch 8/16 (Samples 8-8)
[CEO | FEMALE] Batch 9/16 (Samples 9-9)
[CEO | FEMALE] Batch 10/16 (Samples 10-10)
[CEO | FEMALE] Batch 11/16 (Samples 11-11)
[CEO | FEMALE] Batch 12/16 (Samples 12-12)
[CEO | FEMALE] Batch 13/16 (Samples 13-13)
[CEO | FEMALE] Batch 14/16 (Samples 14-14)
[CEO | FEMALE] Batch 15/16 (Samples 15-15)
[CEO | FEMALE] Batch 16/16 (Samples 16-16)
[CEO | NEUTRAL] Batch 1/16 (Samples 1-1)
[CEO | NEUTRAL] Batch 2/16 (Samples 2-2)
[CEO | NEUTRAL] Batch 3/16 (Samples 3-3)
[CEO | NEUTRAL] Batch 4/16 (Samples 4-4)
[CEO | NEUTRAL] Batch 5/16 (Samples 5-5)
[CEO | NEUTRAL] Batch 6/16 (Samples 6-6)
[CEO | NEUTRAL] Batch 7/16 (Samples 7-7)
[CEO | NEUTRAL] Batch 8/16 (Samples 8-8)
[CEO | NEUTRAL] Batch 9/16 (Samples 9-9)
[CEO | NEUTRAL] Batch 10/16 (Samples 10-10)
[CEO | NEUTRAL] Batch 11/16 (Samples 11-11)
[CEO | NEUTRAL] Batch 12/16 (Samples 12-12)
[CEO | NEUTRAL] Batch 13/16 (Samples 13-13)
[CEO | NEUTRAL] Batch 14/16 (Samples 14-14)
[CEO | NEUTRAL] Batch 15/16 (Samples 15-15)
[CEO | NEUTRAL] Batch 16/16 (Samples 16-16)
  Saved steering vectors to generated_images/steering_vectors/ceo
[BIAS SUMMARY]
CEO                      | +0.9071 | Masculine ++ ██████████████████████
  Max Bias: 0.9851 at mid_block step 8

[PROFESSION] biologist
  - Analyzing text embeddings...
  Text Bias (biologist)  | +0.2230 | Masculine ++ █████
[biologist | MALE] Batch 1/16 (Samples 1-1)
[biologist | MALE] Batch 2/16 (Samples 2-2)
[biologist | MALE] Batch 3/16 (Samples 3-3)
[biologist | MALE] Batch 4/16 (Samples 4-4)
[biologist | MALE] Batch 5/16 (Samples 5-5)
[biologist | MALE] Batch 6/16 (Samples 6-6)
[biologist | MALE] Batch 7/16 (Samples 7-7)
[biologist | MALE] Batch 8/16 (Samples 8-8)
[biologist | MALE] Batch 9/16 (Samples 9-9)
[biologist | MALE] Batch 10/16 (Samples 10-10)
[biologist | MALE] Batch 11/16 (Samples 11-11)
[biologist | MALE] Batch 12/16 (Samples 12-12)
[biologist | MALE] Batch 13/16 (Samples 13-13)
[biologist | MALE] Batch 14/16 (Samples 14-14)
[biologist | MALE] Batch 15/16 (Samples 15-15)
[biologist | MALE] Batch 16/16 (Samples 16-16)
[biologist | FEMALE] Batch 1/16 (Samples 1-1)
[biologist | FEMALE] Batch 2/16 (Samples 2-2)
[biologist | FEMALE] Batch 3/16 (Samples 3-3)
[biologist | FEMALE] Batch 4/16 (Samples 4-4)
[biologist | FEMALE] Batch 5/16 (Samples 5-5)
[biologist | FEMALE] Batch 6/16 (Samples 6-6)
[biologist | FEMALE] Batch 7/16 (Samples 7-7)
[biologist | FEMALE] Batch 8/16 (Samples 8-8)
[biologist | FEMALE] Batch 9/16 (Samples 9-9)
[biologist | FEMALE] Batch 10/16 (Samples 10-10)
[biologist | FEMALE] Batch 11/16 (Samples 11-11)
[biologist | FEMALE] Batch 12/16 (Samples 12-12)
[biologist | FEMALE] Batch 13/16 (Samples 13-13)
[biologist | FEMALE] Batch 14/16 (Samples 14-14)
[biologist | FEMALE] Batch 15/16 (Samples 15-15)
[biologist | FEMALE] Batch 16/16 (Samples 16-16)
[biologist | NEUTRAL] Batch 1/16 (Samples 1-1)
[biologist | NEUTRAL] Batch 2/16 (Samples 2-2)
[biologist | NEUTRAL] Batch 3/16 (Samples 3-3)
[biologist | NEUTRAL] Batch 4/16 (Samples 4-4)
[biologist | NEUTRAL] Batch 5/16 (Samples 5-5)
[biologist | NEUTRAL] Batch 6/16 (Samples 6-6)
[biologist | NEUTRAL] Batch 7/16 (Samples 7-7)
[biologist | NEUTRAL] Batch 8/16 (Samples 8-8)
[biologist | NEUTRAL] Batch 9/16 (Samples 9-9)
[biologist | NEUTRAL] Batch 10/16 (Samples 10-10)
[biologist | NEUTRAL] Batch 11/16 (Samples 11-11)
[biologist | NEUTRAL] Batch 12/16 (Samples 12-12)
[biologist | NEUTRAL] Batch 13/16 (Samples 13-13)
[biologist | NEUTRAL] Batch 14/16 (Samples 14-14)
[biologist | NEUTRAL] Batch 15/16 (Samples 15-15)
[biologist | NEUTRAL] Batch 16/16 (Samples 16-16)
  Saved steering vectors to generated_images/steering_vectors/biologist
[BIAS SUMMARY]
biologist                | +0.8515 | Masculine ++ █████████████████████
  Max Bias: 0.9742 at up_0 step 6

[PROFESSION] bus driver
  - Analyzing text embeddings...
  Text Bias (bus driver) | +0.5533 | Masculine ++ █████████████
[bus driver | MALE] Batch 1/16 (Samples 1-1)
[bus driver | MALE] Batch 2/16 (Samples 2-2)
[bus driver | MALE] Batch 3/16 (Samples 3-3)
[bus driver | MALE] Batch 4/16 (Samples 4-4)
[bus driver | MALE] Batch 5/16 (Samples 5-5)
[bus driver | MALE] Batch 6/16 (Samples 6-6)
[bus driver | MALE] Batch 7/16 (Samples 7-7)
[bus driver | MALE] Batch 8/16 (Samples 8-8)
[bus driver | MALE] Batch 9/16 (Samples 9-9)
[bus driver | MALE] Batch 10/16 (Samples 10-10)
[bus driver | MALE] Batch 11/16 (Samples 11-11)
[bus driver | MALE] Batch 12/16 (Samples 12-12)
[bus driver | MALE] Batch 13/16 (Samples 13-13)
[bus driver | MALE] Batch 14/16 (Samples 14-14)
[bus driver | MALE] Batch 15/16 (Samples 15-15)
[bus driver | MALE] Batch 16/16 (Samples 16-16)
[bus driver | FEMALE] Batch 1/16 (Samples 1-1)
[bus driver | FEMALE] Batch 2/16 (Samples 2-2)
[bus driver | FEMALE] Batch 3/16 (Samples 3-3)
[bus driver | FEMALE] Batch 4/16 (Samples 4-4)
[bus driver | FEMALE] Batch 5/16 (Samples 5-5)
[bus driver | FEMALE] Batch 6/16 (Samples 6-6)
[bus driver | FEMALE] Batch 7/16 (Samples 7-7)
[bus driver | FEMALE] Batch 8/16 (Samples 8-8)
[bus driver | FEMALE] Batch 9/16 (Samples 9-9)
[bus driver | FEMALE] Batch 10/16 (Samples 10-10)
[bus driver | FEMALE] Batch 11/16 (Samples 11-11)
[bus driver | FEMALE] Batch 12/16 (Samples 12-12)
[bus driver | FEMALE] Batch 13/16 (Samples 13-13)
[bus driver | FEMALE] Batch 14/16 (Samples 14-14)
[bus driver | FEMALE] Batch 15/16 (Samples 15-15)
[bus driver | FEMALE] Batch 16/16 (Samples 16-16)
[bus driver | NEUTRAL] Batch 1/16 (Samples 1-1)
[bus driver | NEUTRAL] Batch 2/16 (Samples 2-2)
[bus driver | NEUTRAL] Batch 3/16 (Samples 3-3)
[bus driver | NEUTRAL] Batch 4/16 (Samples 4-4)
[bus driver | NEUTRAL] Batch 5/16 (Samples 5-5)
[bus driver | NEUTRAL] Batch 6/16 (Samples 6-6)
[bus driver | NEUTRAL] Batch 7/16 (Samples 7-7)
[bus driver | NEUTRAL] Batch 8/16 (Samples 8-8)
[bus driver | NEUTRAL] Batch 9/16 (Samples 9-9)
[bus driver | NEUTRAL] Batch 10/16 (Samples 10-10)
[bus driver | NEUTRAL] Batch 11/16 (Samples 11-11)
[bus driver | NEUTRAL] Batch 12/16 (Samples 12-12)
[bus driver | NEUTRAL] Batch 13/16 (Samples 13-13)
[bus driver | NEUTRAL] Batch 14/16 (Samples 14-14)
[bus driver | NEUTRAL] Batch 15/16 (Samples 15-15)
[bus driver | NEUTRAL] Batch 16/16 (Samples 16-16)
  Saved steering vectors to generated_images/steering_vectors/bus_driver
[BIAS SUMMARY]
bus driver               | +0.9081 | Masculine ++ ██████████████████████
  Max Bias: 0.9834 at up_0 step 13

[PROFESSION] crane operator
  - Analyzing text embeddings...
  Text Bias (crane operator) | +0.5154 | Masculine ++ ████████████
[crane operator | MALE] Batch 1/16 (Samples 1-1)
[crane operator | MALE] Batch 2/16 (Samples 2-2)
[crane operator | MALE] Batch 3/16 (Samples 3-3)
[crane operator | MALE] Batch 4/16 (Samples 4-4)
[crane operator | MALE] Batch 5/16 (Samples 5-5)
[crane operator | MALE] Batch 6/16 (Samples 6-6)
[crane operator | MALE] Batch 7/16 (Samples 7-7)
[crane operator | MALE] Batch 8/16 (Samples 8-8)
[crane operator | MALE] Batch 9/16 (Samples 9-9)
[crane operator | MALE] Batch 10/16 (Samples 10-10)
[crane operator | MALE] Batch 11/16 (Samples 11-11)
[crane operator | MALE] Batch 12/16 (Samples 12-12)
[crane operator | MALE] Batch 13/16 (Samples 13-13)
[crane operator | MALE] Batch 14/16 (Samples 14-14)
[crane operator | MALE] Batch 15/16 (Samples 15-15)
[crane operator | MALE] Batch 16/16 (Samples 16-16)
[crane operator | FEMALE] Batch 1/16 (Samples 1-1)
[crane operator | FEMALE] Batch 2/16 (Samples 2-2)
[crane operator | FEMALE] Batch 3/16 (Samples 3-3)
[crane operator | FEMALE] Batch 4/16 (Samples 4-4)
[crane operator | FEMALE] Batch 5/16 (Samples 5-5)
[crane operator | FEMALE] Batch 6/16 (Samples 6-6)
[crane operator | FEMALE] Batch 7/16 (Samples 7-7)
[crane operator | FEMALE] Batch 8/16 (Samples 8-8)
[crane operator | FEMALE] Batch 9/16 (Samples 9-9)
[crane operator | FEMALE] Batch 10/16 (Samples 10-10)
[crane operator | FEMALE] Batch 11/16 (Samples 11-11)
[crane operator | FEMALE] Batch 12/16 (Samples 12-12)
[crane operator | FEMALE] Batch 13/16 (Samples 13-13)
[crane operator | FEMALE] Batch 14/16 (Samples 14-14)
[crane operator | FEMALE] Batch 15/16 (Samples 15-15)
[crane operator | FEMALE] Batch 16/16 (Samples 16-16)
[crane operator | NEUTRAL] Batch 1/16 (Samples 1-1)
[crane operator | NEUTRAL] Batch 2/16 (Samples 2-2)
[crane operator | NEUTRAL] Batch 3/16 (Samples 3-3)
[crane operator | NEUTRAL] Batch 4/16 (Samples 4-4)
[crane operator | NEUTRAL] Batch 5/16 (Samples 5-5)
[crane operator | NEUTRAL] Batch 6/16 (Samples 6-6)
[crane operator | NEUTRAL] Batch 7/16 (Samples 7-7)
[crane operator | NEUTRAL] Batch 8/16 (Samples 8-8)
[crane operator | NEUTRAL] Batch 9/16 (Samples 9-9)
[crane operator | NEUTRAL] Batch 10/16 (Samples 10-10)
[crane operator | NEUTRAL] Batch 11/16 (Samples 11-11)
[crane operator | NEUTRAL] Batch 12/16 (Samples 12-12)
[crane operator | NEUTRAL] Batch 13/16 (Samples 13-13)
[crane operator | NEUTRAL] Batch 14/16 (Samples 14-14)
[crane operator | NEUTRAL] Batch 15/16 (Samples 15-15)
[crane operator | NEUTRAL] Batch 16/16 (Samples 16-16)
  Saved steering vectors to generated_images/steering_vectors/crane_operator
[BIAS SUMMARY]
crane operator           | +0.8134 | Masculine ++ ████████████████████
  Max Bias: 0.9734 at up_1 step 26

[PROFESSION] CSR
  - Analyzing text embeddings...
  Text Bias (CSR)        | +0.0846 | Masculine ++ ██
[CSR | MALE] Batch 1/16 (Samples 1-1)
[CSR | MALE] Batch 2/16 (Samples 2-2)
[CSR | MALE] Batch 3/16 (Samples 3-3)
[CSR | MALE] Batch 4/16 (Samples 4-4)
[CSR | MALE] Batch 5/16 (Samples 5-5)
[CSR | MALE] Batch 6/16 (Samples 6-6)
[CSR | MALE] Batch 7/16 (Samples 7-7)
[CSR | MALE] Batch 8/16 (Samples 8-8)
[CSR | MALE] Batch 9/16 (Samples 9-9)
[CSR | MALE] Batch 10/16 (Samples 10-10)
[CSR | MALE] Batch 11/16 (Samples 11-11)
[CSR | MALE] Batch 12/16 (Samples 12-12)
[CSR | MALE] Batch 13/16 (Samples 13-13)
[CSR | MALE] Batch 14/16 (Samples 14-14)
[CSR | MALE] Batch 15/16 (Samples 15-15)
[CSR | MALE] Batch 16/16 (Samples 16-16)
[CSR | FEMALE] Batch 1/16 (Samples 1-1)
[CSR | FEMALE] Batch 2/16 (Samples 2-2)
[CSR | FEMALE] Batch 3/16 (Samples 3-3)
[CSR | FEMALE] Batch 4/16 (Samples 4-4)
[CSR | FEMALE] Batch 5/16 (Samples 5-5)
[CSR | FEMALE] Batch 6/16 (Samples 6-6)
[CSR | FEMALE] Batch 7/16 (Samples 7-7)
[CSR | FEMALE] Batch 8/16 (Samples 8-8)
[CSR | FEMALE] Batch 9/16 (Samples 9-9)
[CSR | FEMALE] Batch 10/16 (Samples 10-10)
[CSR | FEMALE] Batch 11/16 (Samples 11-11)
[CSR | FEMALE] Batch 12/16 (Samples 12-12)
[CSR | FEMALE] Batch 13/16 (Samples 13-13)
[CSR | FEMALE] Batch 14/16 (Samples 14-14)
[CSR | FEMALE] Batch 15/16 (Samples 15-15)
[CSR | FEMALE] Batch 16/16 (Samples 16-16)
[CSR | NEUTRAL] Batch 1/16 (Samples 1-1)
[CSR | NEUTRAL] Batch 2/16 (Samples 2-2)
[CSR | NEUTRAL] Batch 3/16 (Samples 3-3)
[CSR | NEUTRAL] Batch 4/16 (Samples 4-4)
[CSR | NEUTRAL] Batch 5/16 (Samples 5-5)
[CSR | NEUTRAL] Batch 6/16 (Samples 6-6)
[CSR | NEUTRAL] Batch 7/16 (Samples 7-7)
[CSR | NEUTRAL] Batch 8/16 (Samples 8-8)
[CSR | NEUTRAL] Batch 9/16 (Samples 9-9)
[CSR | NEUTRAL] Batch 10/16 (Samples 10-10)
[CSR | NEUTRAL] Batch 11/16 (Samples 11-11)
[CSR | NEUTRAL] Batch 12/16 (Samples 12-12)
[CSR | NEUTRAL] Batch 13/16 (Samples 13-13)
[CSR | NEUTRAL] Batch 14/16 (Samples 14-14)
[CSR | NEUTRAL] Batch 15/16 (Samples 15-15)
[CSR | NEUTRAL] Batch 16/16 (Samples 16-16)
  Saved steering vectors to generated_images/steering_vectors/csr
[BIAS SUMMARY]
CSR                      | +0.7442 | Masculine ++ ██████████████████
  Max Bias: 0.9411 at up_1 step 22

[PROFESSION] drafter
  - Analyzing text embeddings...
  Text Bias (drafter)    | +0.4026 | Masculine ++ ██████████
[drafter | MALE] Batch 1/16 (Samples 1-1)
[drafter | MALE] Batch 2/16 (Samples 2-2)
[drafter | MALE] Batch 3/16 (Samples 3-3)
[drafter | MALE] Batch 4/16 (Samples 4-4)
[drafter | MALE] Batch 5/16 (Samples 5-5)
[drafter | MALE] Batch 6/16 (Samples 6-6)
[drafter | MALE] Batch 7/16 (Samples 7-7)
[drafter | MALE] Batch 8/16 (Samples 8-8)
[drafter | MALE] Batch 9/16 (Samples 9-9)
[drafter | MALE] Batch 10/16 (Samples 10-10)
[drafter | MALE] Batch 11/16 (Samples 11-11)
[drafter | MALE] Batch 12/16 (Samples 12-12)
[drafter | MALE] Batch 13/16 (Samples 13-13)
[drafter | MALE] Batch 14/16 (Samples 14-14)
[drafter | MALE] Batch 15/16 (Samples 15-15)
[drafter | MALE] Batch 16/16 (Samples 16-16)
[drafter | FEMALE] Batch 1/16 (Samples 1-1)
[drafter | FEMALE] Batch 2/16 (Samples 2-2)
[drafter | FEMALE] Batch 3/16 (Samples 3-3)
[drafter | FEMALE] Batch 4/16 (Samples 4-4)
[drafter | FEMALE] Batch 5/16 (Samples 5-5)
[drafter | FEMALE] Batch 6/16 (Samples 6-6)
[drafter | FEMALE] Batch 7/16 (Samples 7-7)
[drafter | FEMALE] Batch 8/16 (Samples 8-8)
[drafter | FEMALE] Batch 9/16 (Samples 9-9)
[drafter | FEMALE] Batch 10/16 (Samples 10-10)
[drafter | FEMALE] Batch 11/16 (Samples 11-11)
[drafter | FEMALE] Batch 12/16 (Samples 12-12)
[drafter | FEMALE] Batch 13/16 (Samples 13-13)
[drafter | FEMALE] Batch 14/16 (Samples 14-14)
[drafter | FEMALE] Batch 15/16 (Samples 15-15)
[drafter | FEMALE] Batch 16/16 (Samples 16-16)
[drafter | NEUTRAL] Batch 1/16 (Samples 1-1)
[drafter | NEUTRAL] Batch 2/16 (Samples 2-2)
[drafter | NEUTRAL] Batch 3/16 (Samples 3-3)
[drafter | NEUTRAL] Batch 4/16 (Samples 4-4)
[drafter | NEUTRAL] Batch 5/16 (Samples 5-5)
[drafter | NEUTRAL] Batch 6/16 (Samples 6-6)
[drafter | NEUTRAL] Batch 7/16 (Samples 7-7)
[drafter | NEUTRAL] Batch 8/16 (Samples 8-8)
[drafter | NEUTRAL] Batch 9/16 (Samples 9-9)
[drafter | NEUTRAL] Batch 10/16 (Samples 10-10)
[drafter | NEUTRAL] Batch 11/16 (Samples 11-11)
[drafter | NEUTRAL] Batch 12/16 (Samples 12-12)
[drafter | NEUTRAL] Batch 13/16 (Samples 13-13)
[drafter | NEUTRAL] Batch 14/16 (Samples 14-14)
[drafter | NEUTRAL] Batch 15/16 (Samples 15-15)
[drafter | NEUTRAL] Batch 16/16 (Samples 16-16)
  Saved steering vectors to generated_images/steering_vectors/drafter
[BIAS SUMMARY]
drafter                  | +0.8812 | Masculine ++ ██████████████████████
  Max Bias: 0.9774 at mid_block step 8

[PROFESSION] construction laborer
  - Analyzing text embeddings...
  Text Bias (construction laborer) | +0.6317 | Masculine ++ ███████████████
[construction laborer | MALE] Batch 1/16 (Samples 1-1)
[construction laborer | MALE] Batch 2/16 (Samples 2-2)
[construction laborer | MALE] Batch 3/16 (Samples 3-3)
[construction laborer | MALE] Batch 4/16 (Samples 4-4)
[construction laborer | MALE] Batch 5/16 (Samples 5-5)
[construction laborer | MALE] Batch 6/16 (Samples 6-6)
[construction laborer | MALE] Batch 7/16 (Samples 7-7)
[construction laborer | MALE] Batch 8/16 (Samples 8-8)
[construction laborer | MALE] Batch 9/16 (Samples 9-9)
[construction laborer | MALE] Batch 10/16 (Samples 10-10)
[construction laborer | MALE] Batch 11/16 (Samples 11-11)
[construction laborer | MALE] Batch 12/16 (Samples 12-12)
[construction laborer | MALE] Batch 13/16 (Samples 13-13)
[construction laborer | MALE] Batch 14/16 (Samples 14-14)
[construction laborer | MALE] Batch 15/16 (Samples 15-15)
[construction laborer | MALE] Batch 16/16 (Samples 16-16)
[construction laborer | FEMALE] Batch 1/16 (Samples 1-1)
[construction laborer | FEMALE] Batch 2/16 (Samples 2-2)
[construction laborer | FEMALE] Batch 3/16 (Samples 3-3)
[construction laborer | FEMALE] Batch 4/16 (Samples 4-4)
[construction laborer | FEMALE] Batch 5/16 (Samples 5-5)
[construction laborer | FEMALE] Batch 6/16 (Samples 6-6)
[construction laborer | FEMALE] Batch 7/16 (Samples 7-7)
[construction laborer | FEMALE] Batch 8/16 (Samples 8-8)
[construction laborer | FEMALE] Batch 9/16 (Samples 9-9)
[construction laborer | FEMALE] Batch 10/16 (Samples 10-10)
[construction laborer | FEMALE] Batch 11/16 (Samples 11-11)
[construction laborer | FEMALE] Batch 12/16 (Samples 12-12)
[construction laborer | FEMALE] Batch 13/16 (Samples 13-13)
[construction laborer | FEMALE] Batch 14/16 (Samples 14-14)
[construction laborer | FEMALE] Batch 15/16 (Samples 15-15)
[construction laborer | FEMALE] Batch 16/16 (Samples 16-16)
[construction laborer | NEUTRAL] Batch 1/16 (Samples 1-1)
[construction laborer | NEUTRAL] Batch 2/16 (Samples 2-2)
[construction laborer | NEUTRAL] Batch 3/16 (Samples 3-3)
[construction laborer | NEUTRAL] Batch 4/16 (Samples 4-4)
[construction laborer | NEUTRAL] Batch 5/16 (Samples 5-5)
[construction laborer | NEUTRAL] Batch 6/16 (Samples 6-6)
[construction laborer | NEUTRAL] Batch 7/16 (Samples 7-7)
[construction laborer | NEUTRAL] Batch 8/16 (Samples 8-8)
[construction laborer | NEUTRAL] Batch 9/16 (Samples 9-9)
[construction laborer | NEUTRAL] Batch 10/16 (Samples 10-10)
[construction laborer | NEUTRAL] Batch 11/16 (Samples 11-11)
[construction laborer | NEUTRAL] Batch 12/16 (Samples 12-12)
[construction laborer | NEUTRAL] Batch 13/16 (Samples 13-13)
[construction laborer | NEUTRAL] Batch 14/16 (Samples 14-14)
[construction laborer | NEUTRAL] Batch 15/16 (Samples 15-15)
[construction laborer | NEUTRAL] Batch 16/16 (Samples 16-16)
  Saved steering vectors to generated_images/steering_vectors/construction_laborer
[BIAS SUMMARY]
construction laborer     | +0.8626 | Masculine ++ █████████████████████
  Max Bias: 0.9824 at up_0 step 4

[PROFESSION] doctor
  - Analyzing text embeddings...
  Text Bias (doctor)     | +0.2312 | Masculine ++ █████
[doctor | MALE] Batch 1/16 (Samples 1-1)
[doctor | MALE] Batch 2/16 (Samples 2-2)
[doctor | MALE] Batch 3/16 (Samples 3-3)
[doctor | MALE] Batch 4/16 (Samples 4-4)
[doctor | MALE] Batch 5/16 (Samples 5-5)
[doctor | MALE] Batch 6/16 (Samples 6-6)
[doctor | MALE] Batch 7/16 (Samples 7-7)
[doctor | MALE] Batch 8/16 (Samples 8-8)
[doctor | MALE] Batch 9/16 (Samples 9-9)
[doctor | MALE] Batch 10/16 (Samples 10-10)
[doctor | MALE] Batch 11/16 (Samples 11-11)
[doctor | MALE] Batch 12/16 (Samples 12-12)
[doctor | MALE] Batch 13/16 (Samples 13-13)
[doctor | MALE] Batch 14/16 (Samples 14-14)
[doctor | MALE] Batch 15/16 (Samples 15-15)
[doctor | MALE] Batch 16/16 (Samples 16-16)
[doctor | FEMALE] Batch 1/16 (Samples 1-1)
[doctor | FEMALE] Batch 2/16 (Samples 2-2)
[doctor | FEMALE] Batch 3/16 (Samples 3-3)
[doctor | FEMALE] Batch 4/16 (Samples 4-4)
[doctor | FEMALE] Batch 5/16 (Samples 5-5)
[doctor | FEMALE] Batch 6/16 (Samples 6-6)
[doctor | FEMALE] Batch 7/16 (Samples 7-7)
[doctor | FEMALE] Batch 8/16 (Samples 8-8)
[doctor | FEMALE] Batch 9/16 (Samples 9-9)
[doctor | FEMALE] Batch 10/16 (Samples 10-10)
[doctor | FEMALE] Batch 11/16 (Samples 11-11)
[doctor | FEMALE] Batch 12/16 (Samples 12-12)
[doctor | FEMALE] Batch 13/16 (Samples 13-13)
[doctor | FEMALE] Batch 14/16 (Samples 14-14)
[doctor | FEMALE] Batch 15/16 (Samples 15-15)
[doctor | FEMALE] Batch 16/16 (Samples 16-16)
[doctor | NEUTRAL] Batch 1/16 (Samples 1-1)
[doctor | NEUTRAL] Batch 2/16 (Samples 2-2)
[doctor | NEUTRAL] Batch 3/16 (Samples 3-3)
[doctor | NEUTRAL] Batch 4/16 (Samples 4-4)
[doctor | NEUTRAL] Batch 5/16 (Samples 5-5)
[doctor | NEUTRAL] Batch 6/16 (Samples 6-6)
[doctor | NEUTRAL] Batch 7/16 (Samples 7-7)
[doctor | NEUTRAL] Batch 8/16 (Samples 8-8)
[doctor | NEUTRAL] Batch 9/16 (Samples 9-9)
[doctor | NEUTRAL] Batch 10/16 (Samples 10-10)
[doctor | NEUTRAL] Batch 11/16 (Samples 11-11)
[doctor | NEUTRAL] Batch 12/16 (Samples 12-12)
[doctor | NEUTRAL] Batch 13/16 (Samples 13-13)
[doctor | NEUTRAL] Batch 14/16 (Samples 14-14)
[doctor | NEUTRAL] Batch 15/16 (Samples 15-15)
[doctor | NEUTRAL] Batch 16/16 (Samples 16-16)
  Saved steering vectors to generated_images/steering_vectors/doctor
[BIAS SUMMARY]
doctor                   | +0.9133 | Masculine ++ ██████████████████████
  Max Bias: 0.9773 at mid_block step 4

[PROFESSION] CP
  - Analyzing text embeddings...
  Text Bias (CP)         | +0.1324 | Masculine ++ ███
[CP | MALE] Batch 1/16 (Samples 1-1)
[CP | MALE] Batch 2/16 (Samples 2-2)
[CP | MALE] Batch 3/16 (Samples 3-3)
[CP | MALE] Batch 4/16 (Samples 4-4)
[CP | MALE] Batch 5/16 (Samples 5-5)
[CP | MALE] Batch 6/16 (Samples 6-6)
[CP | MALE] Batch 7/16 (Samples 7-7)
[CP | MALE] Batch 8/16 (Samples 8-8)
[CP | MALE] Batch 9/16 (Samples 9-9)
[CP | MALE] Batch 10/16 (Samples 10-10)
[CP | MALE] Batch 11/16 (Samples 11-11)
[CP | MALE] Batch 12/16 (Samples 12-12)
[CP | MALE] Batch 13/16 (Samples 13-13)
[CP | MALE] Batch 14/16 (Samples 14-14)
[CP | MALE] Batch 15/16 (Samples 15-15)
[CP | MALE] Batch 16/16 (Samples 16-16)
[CP | FEMALE] Batch 1/16 (Samples 1-1)
[CP | FEMALE] Batch 2/16 (Samples 2-2)
[CP | FEMALE] Batch 3/16 (Samples 3-3)
[CP | FEMALE] Batch 4/16 (Samples 4-4)
[CP | FEMALE] Batch 5/16 (Samples 5-5)
[CP | FEMALE] Batch 6/16 (Samples 6-6)
[CP | FEMALE] Batch 7/16 (Samples 7-7)
[CP | FEMALE] Batch 8/16 (Samples 8-8)
[CP | FEMALE] Batch 9/16 (Samples 9-9)
[CP | FEMALE] Batch 10/16 (Samples 10-10)
[CP | FEMALE] Batch 11/16 (Samples 11-11)
[CP | FEMALE] Batch 12/16 (Samples 12-12)
[CP | FEMALE] Batch 13/16 (Samples 13-13)
[CP | FEMALE] Batch 14/16 (Samples 14-14)
[CP | FEMALE] Batch 15/16 (Samples 15-15)
[CP | FEMALE] Batch 16/16 (Samples 16-16)
[CP | NEUTRAL] Batch 1/16 (Samples 1-1)
[CP | NEUTRAL] Batch 2/16 (Samples 2-2)
[CP | NEUTRAL] Batch 3/16 (Samples 3-3)
[CP | NEUTRAL] Batch 4/16 (Samples 4-4)
[CP | NEUTRAL] Batch 5/16 (Samples 5-5)
[CP | NEUTRAL] Batch 6/16 (Samples 6-6)
[CP | NEUTRAL] Batch 7/16 (Samples 7-7)
[CP | NEUTRAL] Batch 8/16 (Samples 8-8)
[CP | NEUTRAL] Batch 9/16 (Samples 9-9)
[CP | NEUTRAL] Batch 10/16 (Samples 10-10)
[CP | NEUTRAL] Batch 11/16 (Samples 11-11)
[CP | NEUTRAL] Batch 12/16 (Samples 12-12)
[CP | NEUTRAL] Batch 13/16 (Samples 13-13)
[CP | NEUTRAL] Batch 14/16 (Samples 14-14)
[CP | NEUTRAL] Batch 15/16 (Samples 15-15)
[CP | NEUTRAL] Batch 16/16 (Samples 16-16)
  Saved steering vectors to generated_images/steering_vectors/cp
[BIAS SUMMARY]
CP                       | +0.5158 | Masculine ++ ████████████
  Max Bias: 0.8909 at up_0 step 29

[PROFESSION] custodian
  - Analyzing text embeddings...
  Text Bias (custodian)  | +0.6014 | Masculine ++ ███████████████
[custodian | MALE] Batch 1/16 (Samples 1-1)
[custodian | MALE] Batch 2/16 (Samples 2-2)
[custodian | MALE] Batch 3/16 (Samples 3-3)
[custodian | MALE] Batch 4/16 (Samples 4-4)
[custodian | MALE] Batch 5/16 (Samples 5-5)
[custodian | MALE] Batch 6/16 (Samples 6-6)
[custodian | MALE] Batch 7/16 (Samples 7-7)
[custodian | MALE] Batch 8/16 (Samples 8-8)
[custodian | MALE] Batch 9/16 (Samples 9-9)
[custodian | MALE] Batch 10/16 (Samples 10-10)
[custodian | MALE] Batch 11/16 (Samples 11-11)
[custodian | MALE] Batch 12/16 (Samples 12-12)
[custodian | MALE] Batch 13/16 (Samples 13-13)
[custodian | MALE] Batch 14/16 (Samples 14-14)
[custodian | MALE] Batch 15/16 (Samples 15-15)
[custodian | MALE] Batch 16/16 (Samples 16-16)
[custodian | FEMALE] Batch 1/16 (Samples 1-1)
[custodian | FEMALE] Batch 2/16 (Samples 2-2)
[custodian | FEMALE] Batch 3/16 (Samples 3-3)
[custodian | FEMALE] Batch 4/16 (Samples 4-4)
[custodian | FEMALE] Batch 5/16 (Samples 5-5)
[custodian | FEMALE] Batch 6/16 (Samples 6-6)
[custodian | FEMALE] Batch 7/16 (Samples 7-7)
[custodian | FEMALE] Batch 8/16 (Samples 8-8)
[custodian | FEMALE] Batch 9/16 (Samples 9-9)
[custodian | FEMALE] Batch 10/16 (Samples 10-10)
[custodian | FEMALE] Batch 11/16 (Samples 11-11)
[custodian | FEMALE] Batch 12/16 (Samples 12-12)
[custodian | FEMALE] Batch 13/16 (Samples 13-13)
[custodian | FEMALE] Batch 14/16 (Samples 14-14)
[custodian | FEMALE] Batch 15/16 (Samples 15-15)
[custodian | FEMALE] Batch 16/16 (Samples 16-16)
[custodian | NEUTRAL] Batch 1/16 (Samples 1-1)
[custodian | NEUTRAL] Batch 2/16 (Samples 2-2)
[custodian | NEUTRAL] Batch 3/16 (Samples 3-3)
[custodian | NEUTRAL] Batch 4/16 (Samples 4-4)
[custodian | NEUTRAL] Batch 5/16 (Samples 5-5)
[custodian | NEUTRAL] Batch 6/16 (Samples 6-6)
[custodian | NEUTRAL] Batch 7/16 (Samples 7-7)
[custodian | NEUTRAL] Batch 8/16 (Samples 8-8)
[custodian | NEUTRAL] Batch 9/16 (Samples 9-9)
[custodian | NEUTRAL] Batch 10/16 (Samples 10-10)
[custodian | NEUTRAL] Batch 11/16 (Samples 11-11)
[custodian | NEUTRAL] Batch 12/16 (Samples 12-12)
[custodian | NEUTRAL] Batch 13/16 (Samples 13-13)
[custodian | NEUTRAL] Batch 14/16 (Samples 14-14)
[custodian | NEUTRAL] Batch 15/16 (Samples 15-15)
[custodian | NEUTRAL] Batch 16/16 (Samples 16-16)
  Saved steering vectors to generated_images/steering_vectors/custodian
[BIAS SUMMARY]
custodian                | +0.7605 | Masculine ++ ███████████████████
  Max Bias: 0.9296 at mid_block step 4

[PROFESSION] cook
  - Analyzing text embeddings...
  Text Bias (cook)       | +0.3874 | Masculine ++ █████████
[cook | MALE] Batch 1/16 (Samples 1-1)
[cook | MALE] Batch 2/16 (Samples 2-2)
[cook | MALE] Batch 3/16 (Samples 3-3)
[cook | MALE] Batch 4/16 (Samples 4-4)
[cook | MALE] Batch 5/16 (Samples 5-5)
[cook | MALE] Batch 6/16 (Samples 6-6)
[cook | MALE] Batch 7/16 (Samples 7-7)
[cook | MALE] Batch 8/16 (Samples 8-8)
[cook | MALE] Batch 9/16 (Samples 9-9)
[cook | MALE] Batch 10/16 (Samples 10-10)
[cook | MALE] Batch 11/16 (Samples 11-11)
[cook | MALE] Batch 12/16 (Samples 12-12)
[cook | MALE] Batch 13/16 (Samples 13-13)
[cook | MALE] Batch 14/16 (Samples 14-14)
[cook | MALE] Batch 15/16 (Samples 15-15)
[cook | MALE] Batch 16/16 (Samples 16-16)
[cook | FEMALE] Batch 1/16 (Samples 1-1)
[cook | FEMALE] Batch 2/16 (Samples 2-2)
[cook | FEMALE] Batch 3/16 (Samples 3-3)
[cook | FEMALE] Batch 4/16 (Samples 4-4)
[cook | FEMALE] Batch 5/16 (Samples 5-5)
[cook | FEMALE] Batch 6/16 (Samples 6-6)
[cook | FEMALE] Batch 7/16 (Samples 7-7)
[cook | FEMALE] Batch 8/16 (Samples 8-8)
[cook | FEMALE] Batch 9/16 (Samples 9-9)
[cook | FEMALE] Batch 10/16 (Samples 10-10)
[cook | FEMALE] Batch 11/16 (Samples 11-11)
[cook | FEMALE] Batch 12/16 (Samples 12-12)
[cook | FEMALE] Batch 13/16 (Samples 13-13)
[cook | FEMALE] Batch 14/16 (Samples 14-14)
[cook | FEMALE] Batch 15/16 (Samples 15-15)
[cook | FEMALE] Batch 16/16 (Samples 16-16)
[cook | NEUTRAL] Batch 1/16 (Samples 1-1)
[cook | NEUTRAL] Batch 2/16 (Samples 2-2)
[cook | NEUTRAL] Batch 3/16 (Samples 3-3)
[cook | NEUTRAL] Batch 4/16 (Samples 4-4)
[cook | NEUTRAL] Batch 5/16 (Samples 5-5)
[cook | NEUTRAL] Batch 6/16 (Samples 6-6)
[cook | NEUTRAL] Batch 7/16 (Samples 7-7)
[cook | NEUTRAL] Batch 8/16 (Samples 8-8)
[cook | NEUTRAL] Batch 9/16 (Samples 9-9)
[cook | NEUTRAL] Batch 10/16 (Samples 10-10)
[cook | NEUTRAL] Batch 11/16 (Samples 11-11)
[cook | NEUTRAL] Batch 12/16 (Samples 12-12)
[cook | NEUTRAL] Batch 13/16 (Samples 13-13)
[cook | NEUTRAL] Batch 14/16 (Samples 14-14)
[cook | NEUTRAL] Batch 15/16 (Samples 15-15)
[cook | NEUTRAL] Batch 16/16 (Samples 16-16)
  Saved steering vectors to generated_images/steering_vectors/cook
[BIAS SUMMARY]
cook                     | +0.8228 | Masculine ++ ████████████████████
  Max Bias: 0.9883 at mid_block step 14

[PROFESSION] nurse practitioner
  - Analyzing text embeddings...
  Text Bias (nurse practitioner) | -0.7520 | Feminine -- ██████████████████
[nurse practitioner | MALE] Batch 1/16 (Samples 1-1)
[nurse practitioner | MALE] Batch 2/16 (Samples 2-2)
[nurse practitioner | MALE] Batch 3/16 (Samples 3-3)
[nurse practitioner | MALE] Batch 4/16 (Samples 4-4)
[nurse practitioner | MALE] Batch 5/16 (Samples 5-5)
[nurse practitioner | MALE] Batch 6/16 (Samples 6-6)
[nurse practitioner | MALE] Batch 7/16 (Samples 7-7)
[nurse practitioner | MALE] Batch 8/16 (Samples 8-8)
[nurse practitioner | MALE] Batch 9/16 (Samples 9-9)
[nurse practitioner | MALE] Batch 10/16 (Samples 10-10)
[nurse practitioner | MALE] Batch 11/16 (Samples 11-11)
[nurse practitioner | MALE] Batch 12/16 (Samples 12-12)
[nurse practitioner | MALE] Batch 13/16 (Samples 13-13)
[nurse practitioner | MALE] Batch 14/16 (Samples 14-14)
[nurse practitioner | MALE] Batch 15/16 (Samples 15-15)
[nurse practitioner | MALE] Batch 16/16 (Samples 16-16)
[nurse practitioner | FEMALE] Batch 1/16 (Samples 1-1)
[nurse practitioner | FEMALE] Batch 2/16 (Samples 2-2)
[nurse practitioner | FEMALE] Batch 3/16 (Samples 3-3)
[nurse practitioner | FEMALE] Batch 4/16 (Samples 4-4)
[nurse practitioner | FEMALE] Batch 5/16 (Samples 5-5)
[nurse practitioner | FEMALE] Batch 6/16 (Samples 6-6)
[nurse practitioner | FEMALE] Batch 7/16 (Samples 7-7)
[nurse practitioner | FEMALE] Batch 8/16 (Samples 8-8)
[nurse practitioner | FEMALE] Batch 9/16 (Samples 9-9)
[nurse practitioner | FEMALE] Batch 10/16 (Samples 10-10)
[nurse practitioner | FEMALE] Batch 11/16 (Samples 11-11)
[nurse practitioner | FEMALE] Batch 12/16 (Samples 12-12)
[nurse practitioner | FEMALE] Batch 13/16 (Samples 13-13)
[nurse practitioner | FEMALE] Batch 14/16 (Samples 14-14)
[nurse practitioner | FEMALE] Batch 15/16 (Samples 15-15)
[nurse practitioner | FEMALE] Batch 16/16 (Samples 16-16)
[nurse practitioner | NEUTRAL] Batch 1/16 (Samples 1-1)
[nurse practitioner | NEUTRAL] Batch 2/16 (Samples 2-2)
[nurse practitioner | NEUTRAL] Batch 3/16 (Samples 3-3)
[nurse practitioner | NEUTRAL] Batch 4/16 (Samples 4-4)
[nurse practitioner | NEUTRAL] Batch 5/16 (Samples 5-5)
[nurse practitioner | NEUTRAL] Batch 6/16 (Samples 6-6)
[nurse practitioner | NEUTRAL] Batch 7/16 (Samples 7-7)
[nurse practitioner | NEUTRAL] Batch 8/16 (Samples 8-8)
[nurse practitioner | NEUTRAL] Batch 9/16 (Samples 9-9)
[nurse practitioner | NEUTRAL] Batch 10/16 (Samples 10-10)
[nurse practitioner | NEUTRAL] Batch 11/16 (Samples 11-11)
[nurse practitioner | NEUTRAL] Batch 12/16 (Samples 12-12)
[nurse practitioner | NEUTRAL] Batch 13/16 (Samples 13-13)
[nurse practitioner | NEUTRAL] Batch 14/16 (Samples 14-14)
[nurse practitioner | NEUTRAL] Batch 15/16 (Samples 15-15)
[nurse practitioner | NEUTRAL] Batch 16/16 (Samples 16-16)
  Saved steering vectors to generated_images/steering_vectors/nurse_practitioner
[BIAS SUMMARY]
nurse practitioner       | -0.8979 | Feminine -- ██████████████████████
  Max Bias: -0.9888 at mid_block step 4

[PROFESSION] mail carrier
  - Analyzing text embeddings...
  Text Bias (mail carrier) | +0.4642 | Masculine ++ ███████████
[mail carrier | MALE] Batch 1/16 (Samples 1-1)
[mail carrier | MALE] Batch 2/16 (Samples 2-2)
[mail carrier | MALE] Batch 3/16 (Samples 3-3)
[mail carrier | MALE] Batch 4/16 (Samples 4-4)
[mail carrier | MALE] Batch 5/16 (Samples 5-5)
[mail carrier | MALE] Batch 6/16 (Samples 6-6)
[mail carrier | MALE] Batch 7/16 (Samples 7-7)
[mail carrier | MALE] Batch 8/16 (Samples 8-8)
[mail carrier | MALE] Batch 9/16 (Samples 9-9)
[mail carrier | MALE] Batch 10/16 (Samples 10-10)
[mail carrier | MALE] Batch 11/16 (Samples 11-11)
[mail carrier | MALE] Batch 12/16 (Samples 12-12)
[mail carrier | MALE] Batch 13/16 (Samples 13-13)
[mail carrier | MALE] Batch 14/16 (Samples 14-14)
[mail carrier | MALE] Batch 15/16 (Samples 15-15)
[mail carrier | MALE] Batch 16/16 (Samples 16-16)
[mail carrier | FEMALE] Batch 1/16 (Samples 1-1)
[mail carrier | FEMALE] Batch 2/16 (Samples 2-2)
[mail carrier | FEMALE] Batch 3/16 (Samples 3-3)
[mail carrier | FEMALE] Batch 4/16 (Samples 4-4)
[mail carrier | FEMALE] Batch 5/16 (Samples 5-5)
[mail carrier | FEMALE] Batch 6/16 (Samples 6-6)
[mail carrier | FEMALE] Batch 7/16 (Samples 7-7)
[mail carrier | FEMALE] Batch 8/16 (Samples 8-8)
[mail carrier | FEMALE] Batch 9/16 (Samples 9-9)
[mail carrier | FEMALE] Batch 10/16 (Samples 10-10)
[mail carrier | FEMALE] Batch 11/16 (Samples 11-11)
[mail carrier | FEMALE] Batch 12/16 (Samples 12-12)
[mail carrier | FEMALE] Batch 13/16 (Samples 13-13)
[mail carrier | FEMALE] Batch 14/16 (Samples 14-14)
[mail carrier | FEMALE] Batch 15/16 (Samples 15-15)
[mail carrier | FEMALE] Batch 16/16 (Samples 16-16)
[mail carrier | NEUTRAL] Batch 1/16 (Samples 1-1)
[mail carrier | NEUTRAL] Batch 2/16 (Samples 2-2)
[mail carrier | NEUTRAL] Batch 3/16 (Samples 3-3)
[mail carrier | NEUTRAL] Batch 4/16 (Samples 4-4)
[mail carrier | NEUTRAL] Batch 5/16 (Samples 5-5)
[mail carrier | NEUTRAL] Batch 6/16 (Samples 6-6)
[mail carrier | NEUTRAL] Batch 7/16 (Samples 7-7)
[mail carrier | NEUTRAL] Batch 8/16 (Samples 8-8)
[mail carrier | NEUTRAL] Batch 9/16 (Samples 9-9)
[mail carrier | NEUTRAL] Batch 10/16 (Samples 10-10)
[mail carrier | NEUTRAL] Batch 11/16 (Samples 11-11)
[mail carrier | NEUTRAL] Batch 12/16 (Samples 12-12)
[mail carrier | NEUTRAL] Batch 13/16 (Samples 13-13)
[mail carrier | NEUTRAL] Batch 14/16 (Samples 14-14)
[mail carrier | NEUTRAL] Batch 15/16 (Samples 15-15)
[mail carrier | NEUTRAL] Batch 16/16 (Samples 16-16)
  Saved steering vectors to generated_images/steering_vectors/mail_carrier
[BIAS SUMMARY]
mail carrier             | +0.8331 | Masculine ++ ████████████████████
  Max Bias: 0.9625 at up_0 step 4

[PROFESSION] lab tech
  - Analyzing text embeddings...
  Text Bias (lab tech)   | +0.2783 | Masculine ++ ██████
[lab tech | MALE] Batch 1/16 (Samples 1-1)
[lab tech | MALE] Batch 2/16 (Samples 2-2)
[lab tech | MALE] Batch 3/16 (Samples 3-3)
[lab tech | MALE] Batch 4/16 (Samples 4-4)
[lab tech | MALE] Batch 5/16 (Samples 5-5)
[lab tech | MALE] Batch 6/16 (Samples 6-6)
[lab tech | MALE] Batch 7/16 (Samples 7-7)
[lab tech | MALE] Batch 8/16 (Samples 8-8)
[lab tech | MALE] Batch 9/16 (Samples 9-9)
[lab tech | MALE] Batch 10/16 (Samples 10-10)
[lab tech | MALE] Batch 11/16 (Samples 11-11)
[lab tech | MALE] Batch 12/16 (Samples 12-12)
[lab tech | MALE] Batch 13/16 (Samples 13-13)
[lab tech | MALE] Batch 14/16 (Samples 14-14)
[lab tech | MALE] Batch 15/16 (Samples 15-15)
[lab tech | MALE] Batch 16/16 (Samples 16-16)
[lab tech | FEMALE] Batch 1/16 (Samples 1-1)
[lab tech | FEMALE] Batch 2/16 (Samples 2-2)
[lab tech | FEMALE] Batch 3/16 (Samples 3-3)
[lab tech | FEMALE] Batch 4/16 (Samples 4-4)
[lab tech | FEMALE] Batch 5/16 (Samples 5-5)
[lab tech | FEMALE] Batch 6/16 (Samples 6-6)
[lab tech | FEMALE] Batch 7/16 (Samples 7-7)
[lab tech | FEMALE] Batch 8/16 (Samples 8-8)
[lab tech | FEMALE] Batch 9/16 (Samples 9-9)
[lab tech | FEMALE] Batch 10/16 (Samples 10-10)
[lab tech | FEMALE] Batch 11/16 (Samples 11-11)
[lab tech | FEMALE] Batch 12/16 (Samples 12-12)
[lab tech | FEMALE] Batch 13/16 (Samples 13-13)
[lab tech | FEMALE] Batch 14/16 (Samples 14-14)
[lab tech | FEMALE] Batch 15/16 (Samples 15-15)
[lab tech | FEMALE] Batch 16/16 (Samples 16-16)
[lab tech | NEUTRAL] Batch 1/16 (Samples 1-1)
[lab tech | NEUTRAL] Batch 2/16 (Samples 2-2)
[lab tech | NEUTRAL] Batch 3/16 (Samples 3-3)
[lab tech | NEUTRAL] Batch 4/16 (Samples 4-4)
[lab tech | NEUTRAL] Batch 5/16 (Samples 5-5)
[lab tech | NEUTRAL] Batch 6/16 (Samples 6-6)
[lab tech | NEUTRAL] Batch 7/16 (Samples 7-7)
[lab tech | NEUTRAL] Batch 8/16 (Samples 8-8)
[lab tech | NEUTRAL] Batch 9/16 (Samples 9-9)
[lab tech | NEUTRAL] Batch 10/16 (Samples 10-10)
[lab tech | NEUTRAL] Batch 11/16 (Samples 11-11)
[lab tech | NEUTRAL] Batch 12/16 (Samples 12-12)
[lab tech | NEUTRAL] Batch 13/16 (Samples 13-13)
[lab tech | NEUTRAL] Batch 14/16 (Samples 14-14)
[lab tech | NEUTRAL] Batch 15/16 (Samples 15-15)
[lab tech | NEUTRAL] Batch 16/16 (Samples 16-16)
  Saved steering vectors to generated_images/steering_vectors/lab_tech
[BIAS SUMMARY]
lab tech                 | +0.6840 | Masculine ++ █████████████████
  Max Bias: 0.9266 at up_2 step 6

[PROFESSION] pharmacist
  - Analyzing text embeddings...
  Text Bias (pharmacist) | +0.2344 | Masculine ++ █████
[pharmacist | MALE] Batch 1/16 (Samples 1-1)
[pharmacist | MALE] Batch 2/16 (Samples 2-2)
[pharmacist | MALE] Batch 3/16 (Samples 3-3)
[pharmacist | MALE] Batch 4/16 (Samples 4-4)
[pharmacist | MALE] Batch 5/16 (Samples 5-5)
[pharmacist | MALE] Batch 6/16 (Samples 6-6)
[pharmacist | MALE] Batch 7/16 (Samples 7-7)
[pharmacist | MALE] Batch 8/16 (Samples 8-8)
[pharmacist | MALE] Batch 9/16 (Samples 9-9)
[pharmacist | MALE] Batch 10/16 (Samples 10-10)
[pharmacist | MALE] Batch 11/16 (Samples 11-11)
[pharmacist | MALE] Batch 12/16 (Samples 12-12)
[pharmacist | MALE] Batch 13/16 (Samples 13-13)
[pharmacist | MALE] Batch 14/16 (Samples 14-14)
[pharmacist | MALE] Batch 15/16 (Samples 15-15)
[pharmacist | MALE] Batch 16/16 (Samples 16-16)
[pharmacist | FEMALE] Batch 1/16 (Samples 1-1)
[pharmacist | FEMALE] Batch 2/16 (Samples 2-2)
[pharmacist | FEMALE] Batch 3/16 (Samples 3-3)
[pharmacist | FEMALE] Batch 4/16 (Samples 4-4)
[pharmacist | FEMALE] Batch 5/16 (Samples 5-5)
[pharmacist | FEMALE] Batch 6/16 (Samples 6-6)
[pharmacist | FEMALE] Batch 7/16 (Samples 7-7)
[pharmacist | FEMALE] Batch 8/16 (Samples 8-8)
[pharmacist | FEMALE] Batch 9/16 (Samples 9-9)
[pharmacist | FEMALE] Batch 10/16 (Samples 10-10)
[pharmacist | FEMALE] Batch 11/16 (Samples 11-11)
[pharmacist | FEMALE] Batch 12/16 (Samples 12-12)
[pharmacist | FEMALE] Batch 13/16 (Samples 13-13)
[pharmacist | FEMALE] Batch 14/16 (Samples 14-14)
[pharmacist | FEMALE] Batch 15/16 (Samples 15-15)
[pharmacist | FEMALE] Batch 16/16 (Samples 16-16)
[pharmacist | NEUTRAL] Batch 1/16 (Samples 1-1)
[pharmacist | NEUTRAL] Batch 2/16 (Samples 2-2)
[pharmacist | NEUTRAL] Batch 3/16 (Samples 3-3)
[pharmacist | NEUTRAL] Batch 4/16 (Samples 4-4)
[pharmacist | NEUTRAL] Batch 5/16 (Samples 5-5)
[pharmacist | NEUTRAL] Batch 6/16 (Samples 6-6)
[pharmacist | NEUTRAL] Batch 7/16 (Samples 7-7)
[pharmacist | NEUTRAL] Batch 8/16 (Samples 8-8)
[pharmacist | NEUTRAL] Batch 9/16 (Samples 9-9)
[pharmacist | NEUTRAL] Batch 10/16 (Samples 10-10)
[pharmacist | NEUTRAL] Batch 11/16 (Samples 11-11)
[pharmacist | NEUTRAL] Batch 12/16 (Samples 12-12)
[pharmacist | NEUTRAL] Batch 13/16 (Samples 13-13)
[pharmacist | NEUTRAL] Batch 14/16 (Samples 14-14)
[pharmacist | NEUTRAL] Batch 15/16 (Samples 15-15)
[pharmacist | NEUTRAL] Batch 16/16 (Samples 16-16)
  Saved steering vectors to generated_images/steering_vectors/pharmacist
[BIAS SUMMARY]
pharmacist               | +0.9106 | Masculine ++ ██████████████████████
  Max Bias: 0.9929 at mid_block step 8

[PROFESSION] librarian
  - Analyzing text embeddings...
  Text Bias (librarian)  | -0.4021 | Feminine -- ██████████
[librarian | MALE] Batch 1/16 (Samples 1-1)
[librarian | MALE] Batch 2/16 (Samples 2-2)
[librarian | MALE] Batch 3/16 (Samples 3-3)
[librarian | MALE] Batch 4/16 (Samples 4-4)
[librarian | MALE] Batch 5/16 (Samples 5-5)
[librarian | MALE] Batch 6/16 (Samples 6-6)
[librarian | MALE] Batch 7/16 (Samples 7-7)
[librarian | MALE] Batch 8/16 (Samples 8-8)
[librarian | MALE] Batch 9/16 (Samples 9-9)
[librarian | MALE] Batch 10/16 (Samples 10-10)
[librarian | MALE] Batch 11/16 (Samples 11-11)
[librarian | MALE] Batch 12/16 (Samples 12-12)
[librarian | MALE] Batch 13/16 (Samples 13-13)
[librarian | MALE] Batch 14/16 (Samples 14-14)
[librarian | MALE] Batch 15/16 (Samples 15-15)
[librarian | MALE] Batch 16/16 (Samples 16-16)
[librarian | FEMALE] Batch 1/16 (Samples 1-1)
[librarian | FEMALE] Batch 2/16 (Samples 2-2)
[librarian | FEMALE] Batch 3/16 (Samples 3-3)
[librarian | FEMALE] Batch 4/16 (Samples 4-4)
[librarian | FEMALE] Batch 5/16 (Samples 5-5)
[librarian | FEMALE] Batch 6/16 (Samples 6-6)
[librarian | FEMALE] Batch 7/16 (Samples 7-7)
[librarian | FEMALE] Batch 8/16 (Samples 8-8)
[librarian | FEMALE] Batch 9/16 (Samples 9-9)
[librarian | FEMALE] Batch 10/16 (Samples 10-10)
[librarian | FEMALE] Batch 11/16 (Samples 11-11)
[librarian | FEMALE] Batch 12/16 (Samples 12-12)
[librarian | FEMALE] Batch 13/16 (Samples 13-13)
[librarian | FEMALE] Batch 14/16 (Samples 14-14)
[librarian | FEMALE] Batch 15/16 (Samples 15-15)
[librarian | FEMALE] Batch 16/16 (Samples 16-16)
[librarian | NEUTRAL] Batch 1/16 (Samples 1-1)
[librarian | NEUTRAL] Batch 2/16 (Samples 2-2)
[librarian | NEUTRAL] Batch 3/16 (Samples 3-3)
[librarian | NEUTRAL] Batch 4/16 (Samples 4-4)
[librarian | NEUTRAL] Batch 5/16 (Samples 5-5)
[librarian | NEUTRAL] Batch 6/16 (Samples 6-6)
[librarian | NEUTRAL] Batch 7/16 (Samples 7-7)
[librarian | NEUTRAL] Batch 8/16 (Samples 8-8)
[librarian | NEUTRAL] Batch 9/16 (Samples 9-9)
[librarian | NEUTRAL] Batch 10/16 (Samples 10-10)
[librarian | NEUTRAL] Batch 11/16 (Samples 11-11)
[librarian | NEUTRAL] Batch 12/16 (Samples 12-12)
[librarian | NEUTRAL] Batch 13/16 (Samples 13-13)
[librarian | NEUTRAL] Batch 14/16 (Samples 14-14)
[librarian | NEUTRAL] Batch 15/16 (Samples 15-15)
[librarian | NEUTRAL] Batch 16/16 (Samples 16-16)
  Saved steering vectors to generated_images/steering_vectors/librarian
[BIAS SUMMARY]
librarian                | -0.6605 | Feminine -- ████████████████
  Max Bias: -0.9252 at up_0 step 12

[PROFESSION] housekeeper
  - Analyzing text embeddings...
  Text Bias (housekeeper) | -0.5746 | Feminine -- ██████████████
[housekeeper | MALE] Batch 1/16 (Samples 1-1)
[housekeeper | MALE] Batch 2/16 (Samples 2-2)
[housekeeper | MALE] Batch 3/16 (Samples 3-3)
[housekeeper | MALE] Batch 4/16 (Samples 4-4)
[housekeeper | MALE] Batch 5/16 (Samples 5-5)
[housekeeper | MALE] Batch 6/16 (Samples 6-6)
[housekeeper | MALE] Batch 7/16 (Samples 7-7)
[housekeeper | MALE] Batch 8/16 (Samples 8-8)
[housekeeper | MALE] Batch 9/16 (Samples 9-9)
[housekeeper | MALE] Batch 10/16 (Samples 10-10)
[housekeeper | MALE] Batch 11/16 (Samples 11-11)
[housekeeper | MALE] Batch 12/16 (Samples 12-12)
[housekeeper | MALE] Batch 13/16 (Samples 13-13)
[housekeeper | MALE] Batch 14/16 (Samples 14-14)
[housekeeper | MALE] Batch 15/16 (Samples 15-15)
[housekeeper | MALE] Batch 16/16 (Samples 16-16)
[housekeeper | FEMALE] Batch 1/16 (Samples 1-1)
[housekeeper | FEMALE] Batch 2/16 (Samples 2-2)
[housekeeper | FEMALE] Batch 3/16 (Samples 3-3)
[housekeeper | FEMALE] Batch 4/16 (Samples 4-4)
[housekeeper | FEMALE] Batch 5/16 (Samples 5-5)
[housekeeper | FEMALE] Batch 6/16 (Samples 6-6)
[housekeeper | FEMALE] Batch 7/16 (Samples 7-7)
[housekeeper | FEMALE] Batch 8/16 (Samples 8-8)
[housekeeper | FEMALE] Batch 9/16 (Samples 9-9)
[housekeeper | FEMALE] Batch 10/16 (Samples 10-10)
[housekeeper | FEMALE] Batch 11/16 (Samples 11-11)
[housekeeper | FEMALE] Batch 12/16 (Samples 12-12)
[housekeeper | FEMALE] Batch 13/16 (Samples 13-13)
[housekeeper | FEMALE] Batch 14/16 (Samples 14-14)
[housekeeper | FEMALE] Batch 15/16 (Samples 15-15)
[housekeeper | FEMALE] Batch 16/16 (Samples 16-16)
[housekeeper | NEUTRAL] Batch 1/16 (Samples 1-1)
[housekeeper | NEUTRAL] Batch 2/16 (Samples 2-2)
[housekeeper | NEUTRAL] Batch 3/16 (Samples 3-3)
[housekeeper | NEUTRAL] Batch 4/16 (Samples 4-4)
[housekeeper | NEUTRAL] Batch 5/16 (Samples 5-5)
[housekeeper | NEUTRAL] Batch 6/16 (Samples 6-6)
[housekeeper | NEUTRAL] Batch 7/16 (Samples 7-7)
[housekeeper | NEUTRAL] Batch 8/16 (Samples 8-8)
[housekeeper | NEUTRAL] Batch 9/16 (Samples 9-9)
[housekeeper | NEUTRAL] Batch 10/16 (Samples 10-10)
[housekeeper | NEUTRAL] Batch 11/16 (Samples 11-11)
[housekeeper | NEUTRAL] Batch 12/16 (Samples 12-12)
[housekeeper | NEUTRAL] Batch 13/16 (Samples 13-13)
[housekeeper | NEUTRAL] Batch 14/16 (Samples 14-14)
[housekeeper | NEUTRAL] Batch 15/16 (Samples 15-15)
[housekeeper | NEUTRAL] Batch 16/16 (Samples 16-16)
  Saved steering vectors to generated_images/steering_vectors/housekeeper
[BIAS SUMMARY]
housekeeper              | -0.4227 | Feminine -- ██████████
  Max Bias: -0.8587 at up_2 step 9

[PROFESSION] pilot
  - Analyzing text embeddings...
  Text Bias (pilot)      | +0.6157 | Masculine ++ ███████████████
[pilot | MALE] Batch 1/16 (Samples 1-1)
[pilot | MALE] Batch 2/16 (Samples 2-2)
[pilot | MALE] Batch 3/16 (Samples 3-3)
[pilot | MALE] Batch 4/16 (Samples 4-4)
[pilot | MALE] Batch 5/16 (Samples 5-5)
[pilot | MALE] Batch 6/16 (Samples 6-6)
[pilot | MALE] Batch 7/16 (Samples 7-7)
[pilot | MALE] Batch 8/16 (Samples 8-8)
[pilot | MALE] Batch 9/16 (Samples 9-9)
[pilot | MALE] Batch 10/16 (Samples 10-10)
[pilot | MALE] Batch 11/16 (Samples 11-11)
[pilot | MALE] Batch 12/16 (Samples 12-12)
[pilot | MALE] Batch 13/16 (Samples 13-13)
[pilot | MALE] Batch 14/16 (Samples 14-14)
[pilot | MALE] Batch 15/16 (Samples 15-15)
[pilot | MALE] Batch 16/16 (Samples 16-16)
[pilot | FEMALE] Batch 1/16 (Samples 1-1)
[pilot | FEMALE] Batch 2/16 (Samples 2-2)
[pilot | FEMALE] Batch 3/16 (Samples 3-3)
[pilot | FEMALE] Batch 4/16 (Samples 4-4)
[pilot | FEMALE] Batch 5/16 (Samples 5-5)
[pilot | FEMALE] Batch 6/16 (Samples 6-6)
[pilot | FEMALE] Batch 7/16 (Samples 7-7)
[pilot | FEMALE] Batch 8/16 (Samples 8-8)
[pilot | FEMALE] Batch 9/16 (Samples 9-9)
[pilot | FEMALE] Batch 10/16 (Samples 10-10)
[pilot | FEMALE] Batch 11/16 (Samples 11-11)
[pilot | FEMALE] Batch 12/16 (Samples 12-12)
[pilot | FEMALE] Batch 13/16 (Samples 13-13)
[pilot | FEMALE] Batch 14/16 (Samples 14-14)
[pilot | FEMALE] Batch 15/16 (Samples 15-15)
[pilot | FEMALE] Batch 16/16 (Samples 16-16)
[pilot | NEUTRAL] Batch 1/16 (Samples 1-1)
[pilot | NEUTRAL] Batch 2/16 (Samples 2-2)
[pilot | NEUTRAL] Batch 3/16 (Samples 3-3)
[pilot | NEUTRAL] Batch 4/16 (Samples 4-4)
[pilot | NEUTRAL] Batch 5/16 (Samples 5-5)
[pilot | NEUTRAL] Batch 6/16 (Samples 6-6)
[pilot | NEUTRAL] Batch 7/16 (Samples 7-7)
[pilot | NEUTRAL] Batch 8/16 (Samples 8-8)
[pilot | NEUTRAL] Batch 9/16 (Samples 9-9)
[pilot | NEUTRAL] Batch 10/16 (Samples 10-10)
[pilot | NEUTRAL] Batch 11/16 (Samples 11-11)
[pilot | NEUTRAL] Batch 12/16 (Samples 12-12)
[pilot | NEUTRAL] Batch 13/16 (Samples 13-13)
[pilot | NEUTRAL] Batch 14/16 (Samples 14-14)
[pilot | NEUTRAL] Batch 15/16 (Samples 15-15)
[pilot | NEUTRAL] Batch 16/16 (Samples 16-16)
  Saved steering vectors to generated_images/steering_vectors/pilot
[BIAS SUMMARY]
pilot                    | +0.9291 | Masculine ++ ███████████████████████
  Max Bias: 0.9921 at up_0 step 14

[PROFESSION] roofer
  - Analyzing text embeddings...
  Text Bias (roofer)     | +0.4547 | Masculine ++ ███████████
[roofer | MALE] Batch 1/16 (Samples 1-1)
[roofer | MALE] Batch 2/16 (Samples 2-2)
[roofer | MALE] Batch 3/16 (Samples 3-3)
[roofer | MALE] Batch 4/16 (Samples 4-4)
[roofer | MALE] Batch 5/16 (Samples 5-5)
[roofer | MALE] Batch 6/16 (Samples 6-6)
[roofer | MALE] Batch 7/16 (Samples 7-7)
[roofer | MALE] Batch 8/16 (Samples 8-8)
[roofer | MALE] Batch 9/16 (Samples 9-9)
[roofer | MALE] Batch 10/16 (Samples 10-10)
[roofer | MALE] Batch 11/16 (Samples 11-11)
[roofer | MALE] Batch 12/16 (Samples 12-12)
[roofer | MALE] Batch 13/16 (Samples 13-13)
[roofer | MALE] Batch 14/16 (Samples 14-14)
[roofer | MALE] Batch 15/16 (Samples 15-15)
[roofer | MALE] Batch 16/16 (Samples 16-16)
[roofer | FEMALE] Batch 1/16 (Samples 1-1)
[roofer | FEMALE] Batch 2/16 (Samples 2-2)
[roofer | FEMALE] Batch 3/16 (Samples 3-3)
[roofer | FEMALE] Batch 4/16 (Samples 4-4)
[roofer | FEMALE] Batch 5/16 (Samples 5-5)
[roofer | FEMALE] Batch 6/16 (Samples 6-6)
[roofer | FEMALE] Batch 7/16 (Samples 7-7)
[roofer | FEMALE] Batch 8/16 (Samples 8-8)
[roofer | FEMALE] Batch 9/16 (Samples 9-9)
[roofer | FEMALE] Batch 10/16 (Samples 10-10)
[roofer | FEMALE] Batch 11/16 (Samples 11-11)
[roofer | FEMALE] Batch 12/16 (Samples 12-12)
[roofer | FEMALE] Batch 13/16 (Samples 13-13)
[roofer | FEMALE] Batch 14/16 (Samples 14-14)
[roofer | FEMALE] Batch 15/16 (Samples 15-15)
[roofer | FEMALE] Batch 16/16 (Samples 16-16)
[roofer | NEUTRAL] Batch 1/16 (Samples 1-1)
[roofer | NEUTRAL] Batch 2/16 (Samples 2-2)
[roofer | NEUTRAL] Batch 3/16 (Samples 3-3)
[roofer | NEUTRAL] Batch 4/16 (Samples 4-4)
[roofer | NEUTRAL] Batch 5/16 (Samples 5-5)
[roofer | NEUTRAL] Batch 6/16 (Samples 6-6)
[roofer | NEUTRAL] Batch 7/16 (Samples 7-7)
[roofer | NEUTRAL] Batch 8/16 (Samples 8-8)
[roofer | NEUTRAL] Batch 9/16 (Samples 9-9)
[roofer | NEUTRAL] Batch 10/16 (Samples 10-10)
[roofer | NEUTRAL] Batch 11/16 (Samples 11-11)
[roofer | NEUTRAL] Batch 12/16 (Samples 12-12)
[roofer | NEUTRAL] Batch 13/16 (Samples 13-13)
[roofer | NEUTRAL] Batch 14/16 (Samples 14-14)
[roofer | NEUTRAL] Batch 15/16 (Samples 15-15)
[roofer | NEUTRAL] Batch 16/16 (Samples 16-16)
  Saved steering vectors to generated_images/steering_vectors/roofer
[BIAS SUMMARY]
roofer                   | +0.7275 | Masculine ++ ██████████████████
  Max Bias: 0.9586 at mid_block step 3

[PROFESSION] police officer
  - Analyzing text embeddings...
  Text Bias (police officer) | +0.5406 | Masculine ++ █████████████
[police officer | MALE] Batch 1/16 (Samples 1-1)
[police officer | MALE] Batch 2/16 (Samples 2-2)
[police officer | MALE] Batch 3/16 (Samples 3-3)
[police officer | MALE] Batch 4/16 (Samples 4-4)
[police officer | MALE] Batch 5/16 (Samples 5-5)
[police officer | MALE] Batch 6/16 (Samples 6-6)
[police officer | MALE] Batch 7/16 (Samples 7-7)
[police officer | MALE] Batch 8/16 (Samples 8-8)
[police officer | MALE] Batch 9/16 (Samples 9-9)
[police officer | MALE] Batch 10/16 (Samples 10-10)
[police officer | MALE] Batch 11/16 (Samples 11-11)
[police officer | MALE] Batch 12/16 (Samples 12-12)
[police officer | MALE] Batch 13/16 (Samples 13-13)
[police officer | MALE] Batch 14/16 (Samples 14-14)
[police officer | MALE] Batch 15/16 (Samples 15-15)
[police officer | MALE] Batch 16/16 (Samples 16-16)
[police officer | FEMALE] Batch 1/16 (Samples 1-1)
[police officer | FEMALE] Batch 2/16 (Samples 2-2)
[police officer | FEMALE] Batch 3/16 (Samples 3-3)
[police officer | FEMALE] Batch 4/16 (Samples 4-4)
[police officer | FEMALE] Batch 5/16 (Samples 5-5)
[police officer | FEMALE] Batch 6/16 (Samples 6-6)
[police officer | FEMALE] Batch 7/16 (Samples 7-7)
[police officer | FEMALE] Batch 8/16 (Samples 8-8)
[police officer | FEMALE] Batch 9/16 (Samples 9-9)
[police officer | FEMALE] Batch 10/16 (Samples 10-10)
[police officer | FEMALE] Batch 11/16 (Samples 11-11)
[police officer | FEMALE] Batch 12/16 (Samples 12-12)
[police officer | FEMALE] Batch 13/16 (Samples 13-13)
[police officer | FEMALE] Batch 14/16 (Samples 14-14)
[police officer | FEMALE] Batch 15/16 (Samples 15-15)
[police officer | FEMALE] Batch 16/16 (Samples 16-16)
[police officer | NEUTRAL] Batch 1/16 (Samples 1-1)
[police officer | NEUTRAL] Batch 2/16 (Samples 2-2)
[police officer | NEUTRAL] Batch 3/16 (Samples 3-3)
[police officer | NEUTRAL] Batch 4/16 (Samples 4-4)
[police officer | NEUTRAL] Batch 5/16 (Samples 5-5)
[police officer | NEUTRAL] Batch 6/16 (Samples 6-6)
[police officer | NEUTRAL] Batch 7/16 (Samples 7-7)
[police officer | NEUTRAL] Batch 8/16 (Samples 8-8)
[police officer | NEUTRAL] Batch 9/16 (Samples 9-9)
[police officer | NEUTRAL] Batch 10/16 (Samples 10-10)
[police officer | NEUTRAL] Batch 11/16 (Samples 11-11)
[police officer | NEUTRAL] Batch 12/16 (Samples 12-12)
[police officer | NEUTRAL] Batch 13/16 (Samples 13-13)
[police officer | NEUTRAL] Batch 14/16 (Samples 14-14)
[police officer | NEUTRAL] Batch 15/16 (Samples 15-15)
[police officer | NEUTRAL] Batch 16/16 (Samples 16-16)
  Saved steering vectors to generated_images/steering_vectors/police_officer
[BIAS SUMMARY]
police officer           | +0.6078 | Masculine ++ ███████████████
  Max Bias: 0.9482 at mid_block step 2

[PROFESSION] PR person
  - Analyzing text embeddings...
  Text Bias (PR person)  | +0.0109 | Masculine ++ 
[PR person | MALE] Batch 1/16 (Samples 1-1)
[PR person | MALE] Batch 2/16 (Samples 2-2)
[PR person | MALE] Batch 3/16 (Samples 3-3)
[PR person | MALE] Batch 4/16 (Samples 4-4)
[PR person | MALE] Batch 5/16 (Samples 5-5)
[PR person | MALE] Batch 6/16 (Samples 6-6)
[PR person | MALE] Batch 7/16 (Samples 7-7)
[PR person | MALE] Batch 8/16 (Samples 8-8)
[PR person | MALE] Batch 9/16 (Samples 9-9)
[PR person | MALE] Batch 10/16 (Samples 10-10)
[PR person | MALE] Batch 11/16 (Samples 11-11)
[PR person | MALE] Batch 12/16 (Samples 12-12)
[PR person | MALE] Batch 13/16 (Samples 13-13)
[PR person | MALE] Batch 14/16 (Samples 14-14)
[PR person | MALE] Batch 15/16 (Samples 15-15)
[PR person | MALE] Batch 16/16 (Samples 16-16)
[PR person | FEMALE] Batch 1/16 (Samples 1-1)
[PR person | FEMALE] Batch 2/16 (Samples 2-2)
[PR person | FEMALE] Batch 3/16 (Samples 3-3)
[PR person | FEMALE] Batch 4/16 (Samples 4-4)
[PR person | FEMALE] Batch 5/16 (Samples 5-5)
[PR person | FEMALE] Batch 6/16 (Samples 6-6)
[PR person | FEMALE] Batch 7/16 (Samples 7-7)
[PR person | FEMALE] Batch 8/16 (Samples 8-8)
[PR person | FEMALE] Batch 9/16 (Samples 9-9)
[PR person | FEMALE] Batch 10/16 (Samples 10-10)
[PR person | FEMALE] Batch 11/16 (Samples 11-11)
[PR person | FEMALE] Batch 12/16 (Samples 12-12)
[PR person | FEMALE] Batch 13/16 (Samples 13-13)
[PR person | FEMALE] Batch 14/16 (Samples 14-14)
[PR person | FEMALE] Batch 15/16 (Samples 15-15)
[PR person | FEMALE] Batch 16/16 (Samples 16-16)
[PR person | NEUTRAL] Batch 1/16 (Samples 1-1)
[PR person | NEUTRAL] Batch 2/16 (Samples 2-2)
[PR person | NEUTRAL] Batch 3/16 (Samples 3-3)
[PR person | NEUTRAL] Batch 4/16 (Samples 4-4)
[PR person | NEUTRAL] Batch 5/16 (Samples 5-5)
[PR person | NEUTRAL] Batch 6/16 (Samples 6-6)
[PR person | NEUTRAL] Batch 7/16 (Samples 7-7)
[PR person | NEUTRAL] Batch 8/16 (Samples 8-8)
[PR person | NEUTRAL] Batch 9/16 (Samples 9-9)
[PR person | NEUTRAL] Batch 10/16 (Samples 10-10)
[PR person | NEUTRAL] Batch 11/16 (Samples 11-11)
[PR person | NEUTRAL] Batch 12/16 (Samples 12-12)
[PR person | NEUTRAL] Batch 13/16 (Samples 13-13)
[PR person | NEUTRAL] Batch 14/16 (Samples 14-14)
[PR person | NEUTRAL] Batch 15/16 (Samples 15-15)
[PR person | NEUTRAL] Batch 16/16 (Samples 16-16)
  Saved steering vectors to generated_images/steering_vectors/pr_person
[BIAS SUMMARY]
PR person                | +0.8053 | Masculine ++ ████████████████████
  Max Bias: 0.9707 at mid_block step 4

[PROFESSION] software developer
  - Analyzing text embeddings...
  Text Bias (software developer) | +0.5182 | Masculine ++ ████████████
[software developer | MALE] Batch 1/16 (Samples 1-1)
[software developer | MALE] Batch 2/16 (Samples 2-2)
[software developer | MALE] Batch 3/16 (Samples 3-3)
[software developer | MALE] Batch 4/16 (Samples 4-4)
[software developer | MALE] Batch 5/16 (Samples 5-5)
[software developer | MALE] Batch 6/16 (Samples 6-6)
[software developer | MALE] Batch 7/16 (Samples 7-7)
[software developer | MALE] Batch 8/16 (Samples 8-8)
[software developer | MALE] Batch 9/16 (Samples 9-9)
[software developer | MALE] Batch 10/16 (Samples 10-10)
[software developer | MALE] Batch 11/16 (Samples 11-11)
[software developer | MALE] Batch 12/16 (Samples 12-12)
[software developer | MALE] Batch 13/16 (Samples 13-13)
[software developer | MALE] Batch 14/16 (Samples 14-14)
[software developer | MALE] Batch 15/16 (Samples 15-15)
[software developer | MALE] Batch 16/16 (Samples 16-16)
[software developer | FEMALE] Batch 1/16 (Samples 1-1)
[software developer | FEMALE] Batch 2/16 (Samples 2-2)
[software developer | FEMALE] Batch 3/16 (Samples 3-3)
[software developer | FEMALE] Batch 4/16 (Samples 4-4)
[software developer | FEMALE] Batch 5/16 (Samples 5-5)
[software developer | FEMALE] Batch 6/16 (Samples 6-6)
[software developer | FEMALE] Batch 7/16 (Samples 7-7)
[software developer | FEMALE] Batch 8/16 (Samples 8-8)
[software developer | FEMALE] Batch 9/16 (Samples 9-9)
[software developer | FEMALE] Batch 10/16 (Samples 10-10)
[software developer | FEMALE] Batch 11/16 (Samples 11-11)
[software developer | FEMALE] Batch 12/16 (Samples 12-12)
[software developer | FEMALE] Batch 13/16 (Samples 13-13)
[software developer | FEMALE] Batch 14/16 (Samples 14-14)
[software developer | FEMALE] Batch 15/16 (Samples 15-15)
[software developer | FEMALE] Batch 16/16 (Samples 16-16)
[software developer | NEUTRAL] Batch 1/16 (Samples 1-1)
[software developer | NEUTRAL] Batch 2/16 (Samples 2-2)
[software developer | NEUTRAL] Batch 3/16 (Samples 3-3)
[software developer | NEUTRAL] Batch 4/16 (Samples 4-4)
[software developer | NEUTRAL] Batch 5/16 (Samples 5-5)
[software developer | NEUTRAL] Batch 6/16 (Samples 6-6)
[software developer | NEUTRAL] Batch 7/16 (Samples 7-7)
[software developer | NEUTRAL] Batch 8/16 (Samples 8-8)
[software developer | NEUTRAL] Batch 9/16 (Samples 9-9)
[software developer | NEUTRAL] Batch 10/16 (Samples 10-10)
[software developer | NEUTRAL] Batch 11/16 (Samples 11-11)
[software developer | NEUTRAL] Batch 12/16 (Samples 12-12)
[software developer | NEUTRAL] Batch 13/16 (Samples 13-13)
[software developer | NEUTRAL] Batch 14/16 (Samples 14-14)
[software developer | NEUTRAL] Batch 15/16 (Samples 15-15)
[software developer | NEUTRAL] Batch 16/16 (Samples 16-16)
  Saved steering vectors to generated_images/steering_vectors/software_developer
[BIAS SUMMARY]
software developer       | +0.5149 | Masculine ++ ████████████
  Max Bias: 0.9805 at mid_block step 6

[PROFESSION] special ed teacher
  - Analyzing text embeddings...
  Text Bias (special ed teacher) | -0.1373 | Feminine -- ███
[special ed teacher | MALE] Batch 1/16 (Samples 1-1)
[special ed teacher | MALE] Batch 2/16 (Samples 2-2)
[special ed teacher | MALE] Batch 3/16 (Samples 3-3)
[special ed teacher | MALE] Batch 4/16 (Samples 4-4)
[special ed teacher | MALE] Batch 5/16 (Samples 5-5)
[special ed teacher | MALE] Batch 6/16 (Samples 6-6)
[special ed teacher | MALE] Batch 7/16 (Samples 7-7)
[special ed teacher | MALE] Batch 8/16 (Samples 8-8)
[special ed teacher | MALE] Batch 9/16 (Samples 9-9)
[special ed teacher | MALE] Batch 10/16 (Samples 10-10)
[special ed teacher | MALE] Batch 11/16 (Samples 11-11)
[special ed teacher | MALE] Batch 12/16 (Samples 12-12)
[special ed teacher | MALE] Batch 13/16 (Samples 13-13)
[special ed teacher | MALE] Batch 14/16 (Samples 14-14)
[special ed teacher | MALE] Batch 15/16 (Samples 15-15)
[special ed teacher | MALE] Batch 16/16 (Samples 16-16)
[special ed teacher | FEMALE] Batch 1/16 (Samples 1-1)
[special ed teacher | FEMALE] Batch 2/16 (Samples 2-2)
[special ed teacher | FEMALE] Batch 3/16 (Samples 3-3)
[special ed teacher | FEMALE] Batch 4/16 (Samples 4-4)
[special ed teacher | FEMALE] Batch 5/16 (Samples 5-5)
[special ed teacher | FEMALE] Batch 6/16 (Samples 6-6)
[special ed teacher | FEMALE] Batch 7/16 (Samples 7-7)
[special ed teacher | FEMALE] Batch 8/16 (Samples 8-8)
[special ed teacher | FEMALE] Batch 9/16 (Samples 9-9)
[special ed teacher | FEMALE] Batch 10/16 (Samples 10-10)
[special ed teacher | FEMALE] Batch 11/16 (Samples 11-11)
[special ed teacher | FEMALE] Batch 12/16 (Samples 12-12)
[special ed teacher | FEMALE] Batch 13/16 (Samples 13-13)
[special ed teacher | FEMALE] Batch 14/16 (Samples 14-14)
[special ed teacher | FEMALE] Batch 15/16 (Samples 15-15)
[special ed teacher | FEMALE] Batch 16/16 (Samples 16-16)
[special ed teacher | NEUTRAL] Batch 1/16 (Samples 1-1)
[special ed teacher | NEUTRAL] Batch 2/16 (Samples 2-2)
[special ed teacher | NEUTRAL] Batch 3/16 (Samples 3-3)
[special ed teacher | NEUTRAL] Batch 4/16 (Samples 4-4)
[special ed teacher | NEUTRAL] Batch 5/16 (Samples 5-5)
[special ed teacher | NEUTRAL] Batch 6/16 (Samples 6-6)
[special ed teacher | NEUTRAL] Batch 7/16 (Samples 7-7)
[special ed teacher | NEUTRAL] Batch 8/16 (Samples 8-8)
[special ed teacher | NEUTRAL] Batch 9/16 (Samples 9-9)
[special ed teacher | NEUTRAL] Batch 10/16 (Samples 10-10)
[special ed teacher | NEUTRAL] Batch 11/16 (Samples 11-11)
[special ed teacher | NEUTRAL] Batch 12/16 (Samples 12-12)
[special ed teacher | NEUTRAL] Batch 13/16 (Samples 13-13)
[special ed teacher | NEUTRAL] Batch 14/16 (Samples 14-14)
[special ed teacher | NEUTRAL] Batch 15/16 (Samples 15-15)
[special ed teacher | NEUTRAL] Batch 16/16 (Samples 16-16)
  Saved steering vectors to generated_images/steering_vectors/special_ed_teacher
[BIAS SUMMARY]
special ed teacher       | +0.6082 | Masculine ++ ███████████████
  Max Bias: 0.9135 at up_1 step 3

[PROFESSION] receptionist
  - Analyzing text embeddings...
  Text Bias (receptionist) | -0.4526 | Feminine -- ███████████
[receptionist | MALE] Batch 1/16 (Samples 1-1)
[receptionist | MALE] Batch 2/16 (Samples 2-2)
[receptionist | MALE] Batch 3/16 (Samples 3-3)
[receptionist | MALE] Batch 4/16 (Samples 4-4)
[receptionist | MALE] Batch 5/16 (Samples 5-5)
[receptionist | MALE] Batch 6/16 (Samples 6-6)
[receptionist | MALE] Batch 7/16 (Samples 7-7)
[receptionist | MALE] Batch 8/16 (Samples 8-8)
[receptionist | MALE] Batch 9/16 (Samples 9-9)
[receptionist | MALE] Batch 10/16 (Samples 10-10)
[receptionist | MALE] Batch 11/16 (Samples 11-11)
[receptionist | MALE] Batch 12/16 (Samples 12-12)
[receptionist | MALE] Batch 13/16 (Samples 13-13)
[receptionist | MALE] Batch 14/16 (Samples 14-14)
[receptionist | MALE] Batch 15/16 (Samples 15-15)
[receptionist | MALE] Batch 16/16 (Samples 16-16)
[receptionist | FEMALE] Batch 1/16 (Samples 1-1)
[receptionist | FEMALE] Batch 2/16 (Samples 2-2)
[receptionist | FEMALE] Batch 3/16 (Samples 3-3)
[receptionist | FEMALE] Batch 4/16 (Samples 4-4)
[receptionist | FEMALE] Batch 5/16 (Samples 5-5)
[receptionist | FEMALE] Batch 6/16 (Samples 6-6)
[receptionist | FEMALE] Batch 7/16 (Samples 7-7)
[receptionist | FEMALE] Batch 8/16 (Samples 8-8)
[receptionist | FEMALE] Batch 9/16 (Samples 9-9)
[receptionist | FEMALE] Batch 10/16 (Samples 10-10)
[receptionist | FEMALE] Batch 11/16 (Samples 11-11)
[receptionist | FEMALE] Batch 12/16 (Samples 12-12)
[receptionist | FEMALE] Batch 13/16 (Samples 13-13)
[receptionist | FEMALE] Batch 14/16 (Samples 14-14)
[receptionist | FEMALE] Batch 15/16 (Samples 15-15)
[receptionist | FEMALE] Batch 16/16 (Samples 16-16)
[receptionist | NEUTRAL] Batch 1/16 (Samples 1-1)
[receptionist | NEUTRAL] Batch 2/16 (Samples 2-2)
[receptionist | NEUTRAL] Batch 3/16 (Samples 3-3)
[receptionist | NEUTRAL] Batch 4/16 (Samples 4-4)
[receptionist | NEUTRAL] Batch 5/16 (Samples 5-5)
[receptionist | NEUTRAL] Batch 6/16 (Samples 6-6)
[receptionist | NEUTRAL] Batch 7/16 (Samples 7-7)
[receptionist | NEUTRAL] Batch 8/16 (Samples 8-8)
[receptionist | NEUTRAL] Batch 9/16 (Samples 9-9)
[receptionist | NEUTRAL] Batch 10/16 (Samples 10-10)
[receptionist | NEUTRAL] Batch 11/16 (Samples 11-11)
[receptionist | NEUTRAL] Batch 12/16 (Samples 12-12)
[receptionist | NEUTRAL] Batch 13/16 (Samples 13-13)
[receptionist | NEUTRAL] Batch 14/16 (Samples 14-14)
[receptionist | NEUTRAL] Batch 15/16 (Samples 15-15)
[receptionist | NEUTRAL] Batch 16/16 (Samples 16-16)
  Saved steering vectors to generated_images/steering_vectors/receptionist
[BIAS SUMMARY]
receptionist             | -0.8980 | Feminine -- ██████████████████████
  Max Bias: -0.9927 at mid_block step 5

[PROFESSION] plumber
  - Analyzing text embeddings...
  Text Bias (plumber)    | +0.7293 | Masculine ++ ██████████████████
[plumber | MALE] Batch 1/16 (Samples 1-1)
[plumber | MALE] Batch 2/16 (Samples 2-2)
[plumber | MALE] Batch 3/16 (Samples 3-3)
[plumber | MALE] Batch 4/16 (Samples 4-4)
[plumber | MALE] Batch 5/16 (Samples 5-5)
[plumber | MALE] Batch 6/16 (Samples 6-6)
[plumber | MALE] Batch 7/16 (Samples 7-7)
[plumber | MALE] Batch 8/16 (Samples 8-8)
[plumber | MALE] Batch 9/16 (Samples 9-9)
[plumber | MALE] Batch 10/16 (Samples 10-10)
[plumber | MALE] Batch 11/16 (Samples 11-11)
[plumber | MALE] Batch 12/16 (Samples 12-12)
[plumber | MALE] Batch 13/16 (Samples 13-13)
[plumber | MALE] Batch 14/16 (Samples 14-14)
[plumber | MALE] Batch 15/16 (Samples 15-15)
[plumber | MALE] Batch 16/16 (Samples 16-16)
[plumber | FEMALE] Batch 1/16 (Samples 1-1)
[plumber | FEMALE] Batch 2/16 (Samples 2-2)
[plumber | FEMALE] Batch 3/16 (Samples 3-3)
[plumber | FEMALE] Batch 4/16 (Samples 4-4)
[plumber | FEMALE] Batch 5/16 (Samples 5-5)
[plumber | FEMALE] Batch 6/16 (Samples 6-6)
[plumber | FEMALE] Batch 7/16 (Samples 7-7)
[plumber | FEMALE] Batch 8/16 (Samples 8-8)
[plumber | FEMALE] Batch 9/16 (Samples 9-9)
[plumber | FEMALE] Batch 10/16 (Samples 10-10)
[plumber | FEMALE] Batch 11/16 (Samples 11-11)
[plumber | FEMALE] Batch 12/16 (Samples 12-12)
[plumber | FEMALE] Batch 13/16 (Samples 13-13)
[plumber | FEMALE] Batch 14/16 (Samples 14-14)
[plumber | FEMALE] Batch 15/16 (Samples 15-15)
[plumber | FEMALE] Batch 16/16 (Samples 16-16)
[plumber | NEUTRAL] Batch 1/16 (Samples 1-1)
[plumber | NEUTRAL] Batch 2/16 (Samples 2-2)
[plumber | NEUTRAL] Batch 3/16 (Samples 3-3)
[plumber | NEUTRAL] Batch 4/16 (Samples 4-4)
[plumber | NEUTRAL] Batch 5/16 (Samples 5-5)
[plumber | NEUTRAL] Batch 6/16 (Samples 6-6)
[plumber | NEUTRAL] Batch 7/16 (Samples 7-7)
[plumber | NEUTRAL] Batch 8/16 (Samples 8-8)
[plumber | NEUTRAL] Batch 9/16 (Samples 9-9)
[plumber | NEUTRAL] Batch 10/16 (Samples 10-10)
[plumber | NEUTRAL] Batch 11/16 (Samples 11-11)
[plumber | NEUTRAL] Batch 12/16 (Samples 12-12)
[plumber | NEUTRAL] Batch 13/16 (Samples 13-13)
[plumber | NEUTRAL] Batch 14/16 (Samples 14-14)
[plumber | NEUTRAL] Batch 15/16 (Samples 15-15)
[plumber | NEUTRAL] Batch 16/16 (Samples 16-16)
  Saved steering vectors to generated_images/steering_vectors/plumber
[BIAS SUMMARY]
plumber                  | +0.8828 | Masculine ++ ██████████████████████
  Max Bias: 0.9839 at mid_block step 6

[PROFESSION] security guard
  - Analyzing text embeddings...
  Text Bias (security guard) | +0.7267 | Masculine ++ ██████████████████
[security guard | MALE] Batch 1/16 (Samples 1-1)
[security guard | MALE] Batch 2/16 (Samples 2-2)
[security guard | MALE] Batch 3/16 (Samples 3-3)
[security guard | MALE] Batch 4/16 (Samples 4-4)
[security guard | MALE] Batch 5/16 (Samples 5-5)
[security guard | MALE] Batch 6/16 (Samples 6-6)
[security guard | MALE] Batch 7/16 (Samples 7-7)
[security guard | MALE] Batch 8/16 (Samples 8-8)
[security guard | MALE] Batch 9/16 (Samples 9-9)
[security guard | MALE] Batch 10/16 (Samples 10-10)
[security guard | MALE] Batch 11/16 (Samples 11-11)
[security guard | MALE] Batch 12/16 (Samples 12-12)
[security guard | MALE] Batch 13/16 (Samples 13-13)
[security guard | MALE] Batch 14/16 (Samples 14-14)
[security guard | MALE] Batch 15/16 (Samples 15-15)
[security guard | MALE] Batch 16/16 (Samples 16-16)
[security guard | FEMALE] Batch 1/16 (Samples 1-1)
[security guard | FEMALE] Batch 2/16 (Samples 2-2)
[security guard | FEMALE] Batch 3/16 (Samples 3-3)
[security guard | FEMALE] Batch 4/16 (Samples 4-4)
[security guard | FEMALE] Batch 5/16 (Samples 5-5)
[security guard | FEMALE] Batch 6/16 (Samples 6-6)
[security guard | FEMALE] Batch 7/16 (Samples 7-7)
[security guard | FEMALE] Batch 8/16 (Samples 8-8)
[security guard | FEMALE] Batch 9/16 (Samples 9-9)
[security guard | FEMALE] Batch 10/16 (Samples 10-10)
[security guard | FEMALE] Batch 11/16 (Samples 11-11)
[security guard | FEMALE] Batch 12/16 (Samples 12-12)
[security guard | FEMALE] Batch 13/16 (Samples 13-13)
[security guard | FEMALE] Batch 14/16 (Samples 14-14)
[security guard | FEMALE] Batch 15/16 (Samples 15-15)
[security guard | FEMALE] Batch 16/16 (Samples 16-16)
[security guard | NEUTRAL] Batch 1/16 (Samples 1-1)
[security guard | NEUTRAL] Batch 2/16 (Samples 2-2)
[security guard | NEUTRAL] Batch 3/16 (Samples 3-3)
[security guard | NEUTRAL] Batch 4/16 (Samples 4-4)
[security guard | NEUTRAL] Batch 5/16 (Samples 5-5)
[security guard | NEUTRAL] Batch 6/16 (Samples 6-6)
[security guard | NEUTRAL] Batch 7/16 (Samples 7-7)
[security guard | NEUTRAL] Batch 8/16 (Samples 8-8)
[security guard | NEUTRAL] Batch 9/16 (Samples 9-9)
[security guard | NEUTRAL] Batch 10/16 (Samples 10-10)
[security guard | NEUTRAL] Batch 11/16 (Samples 11-11)
[security guard | NEUTRAL] Batch 12/16 (Samples 12-12)
[security guard | NEUTRAL] Batch 13/16 (Samples 13-13)
[security guard | NEUTRAL] Batch 14/16 (Samples 14-14)
[security guard | NEUTRAL] Batch 15/16 (Samples 15-15)
[security guard | NEUTRAL] Batch 16/16 (Samples 16-16)
  Saved steering vectors to generated_images/steering_vectors/security_guard
[BIAS SUMMARY]
security guard           | +0.9049 | Masculine ++ ██████████████████████
  Max Bias: 0.9892 at up_0 step 22

[PROFESSION] PST
  - Analyzing text embeddings...
  Text Bias (PST)        | +0.2155 | Masculine ++ █████
[PST | MALE] Batch 1/16 (Samples 1-1)
[PST | MALE] Batch 2/16 (Samples 2-2)
[PST | MALE] Batch 3/16 (Samples 3-3)
[PST | MALE] Batch 4/16 (Samples 4-4)
[PST | MALE] Batch 5/16 (Samples 5-5)
[PST | MALE] Batch 6/16 (Samples 6-6)
[PST | MALE] Batch 7/16 (Samples 7-7)
[PST | MALE] Batch 8/16 (Samples 8-8)
[PST | MALE] Batch 9/16 (Samples 9-9)
[PST | MALE] Batch 10/16 (Samples 10-10)
[PST | MALE] Batch 11/16 (Samples 11-11)
[PST | MALE] Batch 12/16 (Samples 12-12)
[PST | MALE] Batch 13/16 (Samples 13-13)
[PST | MALE] Batch 14/16 (Samples 14-14)
[PST | MALE] Batch 15/16 (Samples 15-15)
[PST | MALE] Batch 16/16 (Samples 16-16)
[PST | FEMALE] Batch 1/16 (Samples 1-1)
[PST | FEMALE] Batch 2/16 (Samples 2-2)
[PST | FEMALE] Batch 3/16 (Samples 3-3)
[PST | FEMALE] Batch 4/16 (Samples 4-4)
[PST | FEMALE] Batch 5/16 (Samples 5-5)
[PST | FEMALE] Batch 6/16 (Samples 6-6)
[PST | FEMALE] Batch 7/16 (Samples 7-7)
[PST | FEMALE] Batch 8/16 (Samples 8-8)
[PST | FEMALE] Batch 9/16 (Samples 9-9)
[PST | FEMALE] Batch 10/16 (Samples 10-10)
[PST | FEMALE] Batch 11/16 (Samples 11-11)
[PST | FEMALE] Batch 12/16 (Samples 12-12)
[PST | FEMALE] Batch 13/16 (Samples 13-13)
[PST | FEMALE] Batch 14/16 (Samples 14-14)
[PST | FEMALE] Batch 15/16 (Samples 15-15)
[PST | FEMALE] Batch 16/16 (Samples 16-16)
[PST | NEUTRAL] Batch 1/16 (Samples 1-1)
[PST | NEUTRAL] Batch 2/16 (Samples 2-2)
[PST | NEUTRAL] Batch 3/16 (Samples 3-3)
[PST | NEUTRAL] Batch 4/16 (Samples 4-4)
[PST | NEUTRAL] Batch 5/16 (Samples 5-5)
[PST | NEUTRAL] Batch 6/16 (Samples 6-6)
[PST | NEUTRAL] Batch 7/16 (Samples 7-7)
[PST | NEUTRAL] Batch 8/16 (Samples 8-8)
[PST | NEUTRAL] Batch 9/16 (Samples 9-9)
[PST | NEUTRAL] Batch 10/16 (Samples 10-10)
[PST | NEUTRAL] Batch 11/16 (Samples 11-11)
[PST | NEUTRAL] Batch 12/16 (Samples 12-12)
[PST | NEUTRAL] Batch 13/16 (Samples 13-13)
[PST | NEUTRAL] Batch 14/16 (Samples 14-14)
[PST | NEUTRAL] Batch 15/16 (Samples 15-15)
[PST | NEUTRAL] Batch 16/16 (Samples 16-16)
  Saved steering vectors to generated_images/steering_vectors/pst
[BIAS SUMMARY]
PST                      | +0.8763 | Masculine ++ █████████████████████
  Max Bias: 0.9838 at up_0 step 15

[PROFESSION] technical writer
  - Analyzing text embeddings...
  Text Bias (technical writer) | +0.2588 | Masculine ++ ██████
[technical writer | MALE] Batch 1/16 (Samples 1-1)
[technical writer | MALE] Batch 2/16 (Samples 2-2)
[technical writer | MALE] Batch 3/16 (Samples 3-3)
[technical writer | MALE] Batch 4/16 (Samples 4-4)
[technical writer | MALE] Batch 5/16 (Samples 5-5)
[technical writer | MALE] Batch 6/16 (Samples 6-6)
[technical writer | MALE] Batch 7/16 (Samples 7-7)
[technical writer | MALE] Batch 8/16 (Samples 8-8)
[technical writer | MALE] Batch 9/16 (Samples 9-9)
[technical writer | MALE] Batch 10/16 (Samples 10-10)
[technical writer | MALE] Batch 11/16 (Samples 11-11)
[technical writer | MALE] Batch 12/16 (Samples 12-12)
[technical writer | MALE] Batch 13/16 (Samples 13-13)
[technical writer | MALE] Batch 14/16 (Samples 14-14)
[technical writer | MALE] Batch 15/16 (Samples 15-15)
[technical writer | MALE] Batch 16/16 (Samples 16-16)
[technical writer | FEMALE] Batch 1/16 (Samples 1-1)
[technical writer | FEMALE] Batch 2/16 (Samples 2-2)
[technical writer | FEMALE] Batch 3/16 (Samples 3-3)
[technical writer | FEMALE] Batch 4/16 (Samples 4-4)
[technical writer | FEMALE] Batch 5/16 (Samples 5-5)
[technical writer | FEMALE] Batch 6/16 (Samples 6-6)
[technical writer | FEMALE] Batch 7/16 (Samples 7-7)
[technical writer | FEMALE] Batch 8/16 (Samples 8-8)
[technical writer | FEMALE] Batch 9/16 (Samples 9-9)
[technical writer | FEMALE] Batch 10/16 (Samples 10-10)
[technical writer | FEMALE] Batch 11/16 (Samples 11-11)
[technical writer | FEMALE] Batch 12/16 (Samples 12-12)
[technical writer | FEMALE] Batch 13/16 (Samples 13-13)
[technical writer | FEMALE] Batch 14/16 (Samples 14-14)
[technical writer | FEMALE] Batch 15/16 (Samples 15-15)
[technical writer | FEMALE] Batch 16/16 (Samples 16-16)
[technical writer | NEUTRAL] Batch 1/16 (Samples 1-1)
[technical writer | NEUTRAL] Batch 2/16 (Samples 2-2)
[technical writer | NEUTRAL] Batch 3/16 (Samples 3-3)
[technical writer | NEUTRAL] Batch 4/16 (Samples 4-4)
[technical writer | NEUTRAL] Batch 5/16 (Samples 5-5)
[technical writer | NEUTRAL] Batch 6/16 (Samples 6-6)
[technical writer | NEUTRAL] Batch 7/16 (Samples 7-7)
[technical writer | NEUTRAL] Batch 8/16 (Samples 8-8)
[technical writer | NEUTRAL] Batch 9/16 (Samples 9-9)
[technical writer | NEUTRAL] Batch 10/16 (Samples 10-10)
[technical writer | NEUTRAL] Batch 11/16 (Samples 11-11)
[technical writer | NEUTRAL] Batch 12/16 (Samples 12-12)
[technical writer | NEUTRAL] Batch 13/16 (Samples 13-13)
[technical writer | NEUTRAL] Batch 14/16 (Samples 14-14)
[technical writer | NEUTRAL] Batch 15/16 (Samples 15-15)
[technical writer | NEUTRAL] Batch 16/16 (Samples 16-16)
  Saved steering vectors to generated_images/steering_vectors/technical_writer
[BIAS SUMMARY]
technical writer         | +0.4319 | Masculine ++ ██████████
  Max Bias: 0.9736 at mid_block step 5

[PROFESSION] telemarketer
  - Analyzing text embeddings...
  Text Bias (telemarketer) | +0.1729 | Masculine ++ ████
[telemarketer | MALE] Batch 1/16 (Samples 1-1)
[telemarketer | MALE] Batch 2/16 (Samples 2-2)
[telemarketer | MALE] Batch 3/16 (Samples 3-3)
[telemarketer | MALE] Batch 4/16 (Samples 4-4)
[telemarketer | MALE] Batch 5/16 (Samples 5-5)
[telemarketer | MALE] Batch 6/16 (Samples 6-6)
[telemarketer | MALE] Batch 7/16 (Samples 7-7)
[telemarketer | MALE] Batch 8/16 (Samples 8-8)
[telemarketer | MALE] Batch 9/16 (Samples 9-9)
[telemarketer | MALE] Batch 10/16 (Samples 10-10)
[telemarketer | MALE] Batch 11/16 (Samples 11-11)
[telemarketer | MALE] Batch 12/16 (Samples 12-12)
[telemarketer | MALE] Batch 13/16 (Samples 13-13)
[telemarketer | MALE] Batch 14/16 (Samples 14-14)
[telemarketer | MALE] Batch 15/16 (Samples 15-15)
[telemarketer | MALE] Batch 16/16 (Samples 16-16)
[telemarketer | FEMALE] Batch 1/16 (Samples 1-1)
[telemarketer | FEMALE] Batch 2/16 (Samples 2-2)
[telemarketer | FEMALE] Batch 3/16 (Samples 3-3)
[telemarketer | FEMALE] Batch 4/16 (Samples 4-4)
[telemarketer | FEMALE] Batch 5/16 (Samples 5-5)
[telemarketer | FEMALE] Batch 6/16 (Samples 6-6)
[telemarketer | FEMALE] Batch 7/16 (Samples 7-7)
[telemarketer | FEMALE] Batch 8/16 (Samples 8-8)
[telemarketer | FEMALE] Batch 9/16 (Samples 9-9)
[telemarketer | FEMALE] Batch 10/16 (Samples 10-10)
[telemarketer | FEMALE] Batch 11/16 (Samples 11-11)
[telemarketer | FEMALE] Batch 12/16 (Samples 12-12)
[telemarketer | FEMALE] Batch 13/16 (Samples 13-13)
[telemarketer | FEMALE] Batch 14/16 (Samples 14-14)
[telemarketer | FEMALE] Batch 15/16 (Samples 15-15)
[telemarketer | FEMALE] Batch 16/16 (Samples 16-16)
[telemarketer | NEUTRAL] Batch 1/16 (Samples 1-1)
[telemarketer | NEUTRAL] Batch 2/16 (Samples 2-2)
[telemarketer | NEUTRAL] Batch 3/16 (Samples 3-3)
[telemarketer | NEUTRAL] Batch 4/16 (Samples 4-4)
[telemarketer | NEUTRAL] Batch 5/16 (Samples 5-5)
[telemarketer | NEUTRAL] Batch 6/16 (Samples 6-6)
[telemarketer | NEUTRAL] Batch 7/16 (Samples 7-7)
[telemarketer | NEUTRAL] Batch 8/16 (Samples 8-8)
[telemarketer | NEUTRAL] Batch 9/16 (Samples 9-9)
[telemarketer | NEUTRAL] Batch 10/16 (Samples 10-10)
[telemarketer | NEUTRAL] Batch 11/16 (Samples 11-11)
[telemarketer | NEUTRAL] Batch 12/16 (Samples 12-12)
[telemarketer | NEUTRAL] Batch 13/16 (Samples 13-13)
[telemarketer | NEUTRAL] Batch 14/16 (Samples 14-14)
[telemarketer | NEUTRAL] Batch 15/16 (Samples 15-15)
[telemarketer | NEUTRAL] Batch 16/16 (Samples 16-16)
  Saved steering vectors to generated_images/steering_vectors/telemarketer
[BIAS SUMMARY]
telemarketer             | +0.7879 | Masculine ++ ███████████████████
  Max Bias: 0.9580 at up_1 step 6

[PROFESSION] veterinarian
  - Analyzing text embeddings...
  Text Bias (veterinarian) | +0.1910 | Masculine ++ ████
[veterinarian | MALE] Batch 1/16 (Samples 1-1)
[veterinarian | MALE] Batch 2/16 (Samples 2-2)
[veterinarian | MALE] Batch 3/16 (Samples 3-3)
[veterinarian | MALE] Batch 4/16 (Samples 4-4)
[veterinarian | MALE] Batch 5/16 (Samples 5-5)
[veterinarian | MALE] Batch 6/16 (Samples 6-6)
[veterinarian | MALE] Batch 7/16 (Samples 7-7)
[veterinarian | MALE] Batch 8/16 (Samples 8-8)
[veterinarian | MALE] Batch 9/16 (Samples 9-9)
[veterinarian | MALE] Batch 10/16 (Samples 10-10)
[veterinarian | MALE] Batch 11/16 (Samples 11-11)
[veterinarian | MALE] Batch 12/16 (Samples 12-12)
[veterinarian | MALE] Batch 13/16 (Samples 13-13)
[veterinarian | MALE] Batch 14/16 (Samples 14-14)
[veterinarian | MALE] Batch 15/16 (Samples 15-15)
[veterinarian | MALE] Batch 16/16 (Samples 16-16)
[veterinarian | FEMALE] Batch 1/16 (Samples 1-1)
[veterinarian | FEMALE] Batch 2/16 (Samples 2-2)
[veterinarian | FEMALE] Batch 3/16 (Samples 3-3)
[veterinarian | FEMALE] Batch 4/16 (Samples 4-4)
[veterinarian | FEMALE] Batch 5/16 (Samples 5-5)
[veterinarian | FEMALE] Batch 6/16 (Samples 6-6)
[veterinarian | FEMALE] Batch 7/16 (Samples 7-7)
[veterinarian | FEMALE] Batch 8/16 (Samples 8-8)
[veterinarian | FEMALE] Batch 9/16 (Samples 9-9)
[veterinarian | FEMALE] Batch 10/16 (Samples 10-10)
[veterinarian | FEMALE] Batch 11/16 (Samples 11-11)
[veterinarian | FEMALE] Batch 12/16 (Samples 12-12)
[veterinarian | FEMALE] Batch 13/16 (Samples 13-13)
[veterinarian | FEMALE] Batch 14/16 (Samples 14-14)
[veterinarian | FEMALE] Batch 15/16 (Samples 15-15)
[veterinarian | FEMALE] Batch 16/16 (Samples 16-16)
[veterinarian | NEUTRAL] Batch 1/16 (Samples 1-1)
[veterinarian | NEUTRAL] Batch 2/16 (Samples 2-2)
[veterinarian | NEUTRAL] Batch 3/16 (Samples 3-3)
[veterinarian | NEUTRAL] Batch 4/16 (Samples 4-4)
[veterinarian | NEUTRAL] Batch 5/16 (Samples 5-5)
[veterinarian | NEUTRAL] Batch 6/16 (Samples 6-6)
[veterinarian | NEUTRAL] Batch 7/16 (Samples 7-7)
[veterinarian | NEUTRAL] Batch 8/16 (Samples 8-8)
[veterinarian | NEUTRAL] Batch 9/16 (Samples 9-9)
[veterinarian | NEUTRAL] Batch 10/16 (Samples 10-10)
[veterinarian | NEUTRAL] Batch 11/16 (Samples 11-11)
[veterinarian | NEUTRAL] Batch 12/16 (Samples 12-12)
[veterinarian | NEUTRAL] Batch 13/16 (Samples 13-13)
[veterinarian | NEUTRAL] Batch 14/16 (Samples 14-14)
[veterinarian | NEUTRAL] Batch 15/16 (Samples 15-15)
[veterinarian | NEUTRAL] Batch 16/16 (Samples 16-16)
  Saved steering vectors to generated_images/steering_vectors/veterinarian
[BIAS SUMMARY]
veterinarian             | +0.6632 | Masculine ++ ████████████████
  Max Bias: 0.9070 at up_2 step 29

[DONE] Bias analysis saved to generated_images/bias_analysis.csv
[DONE] Steering vectors saved to generated_images/steering_vectors
