[2026-03-31 01:17:35] [init] Loading pipeline on cuda
[2026-03-31 01:17:38] [start] Beginning robust high-throughput discovery (N=5 seeds)
[2026-03-31 01:17:38] 
[capture] Profession: admin asst
[2026-03-31 01:17:38]   neutral: A professional studio portrait of a admin asst, isolated on a plain white background, centered composition, sharp focus on the subject, high detail, photorealistic lighting, unambiguous profession markers in clothing or tools.
[2026-03-31 01:17:38]   male:    A professional studio portrait of a male admin asst, isolated on a plain white background, centered composition, sharp focus on the subject, high detail, photorealistic lighting, unambiguous profession markers in clothing or tools.
[2026-03-31 01:17:38]   female:  A professional studio portrait of a female admin asst, isolated on a plain white background, centered composition, sharp focus on the subject, high detail, photorealistic lighting, unambiguous profession markers in clothing or tools.
[2026-03-31 01:22:05] [multi-layer] Capturing activations from layers: ['mid_block', 'up_0', 'up_1', 'up_2']
[2026-03-31 01:26:30]   Saved heatmap to outputs/robust_independent_injection/bias_heatmaps/admin_asst.png
[2026-03-31 01:26:30]   [MULTI-LAYER BIAS SUMMARY] Avg: -0.0153
[2026-03-31 01:26:30]   Max Bias: -0.0505 at up_0 step 4
[2026-03-31 01:26:30] [generate] Baseline for admin asst (seed=0)
[2026-03-31 01:26:49]   Saved heatmap to outputs/robust_independent_injection/bias_heatmaps/admin_asst_baseline_seed0.png
[2026-03-31 01:26:49] [generate] admin asst | MASCULINE | strength=10.00 | seed=0
[2026-03-31 01:26:49] [generate] admin asst | FEMININE | strength=10.00 | seed=0
[2026-03-31 01:27:26]   Saved heatmap to outputs/robust_independent_injection/bias_heatmaps/admin_asst_masculine_s10_seed0.png
[2026-03-31 01:27:27]   Saved heatmap to outputs/robust_independent_injection/bias_heatmaps/admin_asst_feminine_s10_seed0.png
[2026-03-31 01:27:28]   Saved comparison heatmap to outputs/robust_independent_injection/bias_heatmaps/admin_asst_comparison_s10_seed0.png
[2026-03-31 01:27:28]   [BIAS SHIFT] Baseline: -0.0008 -> Masculine: 0.0236, Feminine: -0.0848
[2026-03-31 01:27:28] [generate] admin asst | MASCULINE | strength=30.00 | seed=0
[2026-03-31 01:27:28] [generate] admin asst | FEMININE | strength=30.00 | seed=0
[2026-03-31 01:28:05]   Saved heatmap to outputs/robust_independent_injection/bias_heatmaps/admin_asst_masculine_s30_seed0.png
[2026-03-31 01:28:06]   Saved heatmap to outputs/robust_independent_injection/bias_heatmaps/admin_asst_feminine_s30_seed0.png
[2026-03-31 01:28:07]   Saved comparison heatmap to outputs/robust_independent_injection/bias_heatmaps/admin_asst_comparison_s30_seed0.png
[2026-03-31 01:28:07]   [BIAS SHIFT] Baseline: -0.0008 -> Masculine: 0.1558, Feminine: -0.1238
[2026-03-31 01:28:07] [generate] admin asst | MASCULINE | strength=50.00 | seed=0
[2026-03-31 01:28:07] [generate] admin asst | FEMININE | strength=50.00 | seed=0
[2026-03-31 01:28:44]   Saved heatmap to outputs/robust_independent_injection/bias_heatmaps/admin_asst_masculine_s50_seed0.png
[2026-03-31 01:28:45]   Saved heatmap to outputs/robust_independent_injection/bias_heatmaps/admin_asst_feminine_s50_seed0.png
[2026-03-31 01:28:46]   Saved comparison heatmap to outputs/robust_independent_injection/bias_heatmaps/admin_asst_comparison_s50_seed0.png
[2026-03-31 01:28:46]   [BIAS SHIFT] Baseline: -0.0008 -> Masculine: 0.1419, Feminine: -0.1540
[2026-03-31 01:28:46] [generate] Baseline for admin asst (seed=1)
[2026-03-31 01:29:05]   Saved heatmap to outputs/robust_independent_injection/bias_heatmaps/admin_asst_baseline_seed1.png
[2026-03-31 01:29:05] [generate] admin asst | MASCULINE | strength=10.00 | seed=1
[2026-03-31 01:29:05] [generate] admin asst | FEMININE | strength=10.00 | seed=1
[2026-03-31 01:29:42]   Saved heatmap to outputs/robust_independent_injection/bias_heatmaps/admin_asst_masculine_s10_seed1.png
[2026-03-31 01:29:43]   Saved heatmap to outputs/robust_independent_injection/bias_heatmaps/admin_asst_feminine_s10_seed1.png
[2026-03-31 01:29:43]   Saved comparison heatmap to outputs/robust_independent_injection/bias_heatmaps/admin_asst_comparison_s10_seed1.png
[2026-03-31 01:29:43]   [BIAS SHIFT] Baseline: -0.0206 -> Masculine: 0.0224, Feminine: -0.0399
[2026-03-31 01:29:43] [generate] admin asst | MASCULINE | strength=30.00 | seed=1
[2026-03-31 01:29:43] [generate] admin asst | FEMININE | strength=30.00 | seed=1
[2026-03-31 01:30:21]   Saved heatmap to outputs/robust_independent_injection/bias_heatmaps/admin_asst_masculine_s30_seed1.png
[2026-03-31 01:30:22]   Saved heatmap to outputs/robust_independent_injection/bias_heatmaps/admin_asst_feminine_s30_seed1.png
[2026-03-31 01:30:23]   Saved comparison heatmap to outputs/robust_independent_injection/bias_heatmaps/admin_asst_comparison_s30_seed1.png
[2026-03-31 01:30:23]   [BIAS SHIFT] Baseline: -0.0206 -> Masculine: 0.0958, Feminine: -0.1094
[2026-03-31 01:30:23] [generate] admin asst | MASCULINE | strength=50.00 | seed=1
[2026-03-31 01:30:23] [generate] admin asst | FEMININE | strength=50.00 | seed=1
[2026-03-31 01:31:00]   Saved heatmap to outputs/robust_independent_injection/bias_heatmaps/admin_asst_masculine_s50_seed1.png
[2026-03-31 01:31:00]   Saved heatmap to outputs/robust_independent_injection/bias_heatmaps/admin_asst_feminine_s50_seed1.png
[2026-03-31 01:31:01]   Saved comparison heatmap to outputs/robust_independent_injection/bias_heatmaps/admin_asst_comparison_s50_seed1.png
[2026-03-31 01:31:01]   [BIAS SHIFT] Baseline: -0.0206 -> Masculine: 0.1338, Feminine: -0.1279
[2026-03-31 01:31:01] [generate] Baseline for admin asst (seed=2)
[2026-03-31 01:31:21]   Saved heatmap to outputs/robust_independent_injection/bias_heatmaps/admin_asst_baseline_seed2.png
[2026-03-31 01:31:21] [generate] admin asst | MASCULINE | strength=10.00 | seed=2
[2026-03-31 01:31:21] [generate] admin asst | FEMININE | strength=10.00 | seed=2
[2026-03-31 01:31:57]   Saved heatmap to outputs/robust_independent_injection/bias_heatmaps/admin_asst_masculine_s10_seed2.png
[2026-03-31 01:31:58]   Saved heatmap to outputs/robust_independent_injection/bias_heatmaps/admin_asst_feminine_s10_seed2.png
[2026-03-31 01:31:59]   Saved comparison heatmap to outputs/robust_independent_injection/bias_heatmaps/admin_asst_comparison_s10_seed2.png
[2026-03-31 01:31:59]   [BIAS SHIFT] Baseline: -0.0751 -> Masculine: -0.0395, Feminine: -0.0994
[2026-03-31 01:31:59] [generate] admin asst | MASCULINE | strength=30.00 | seed=2
[2026-03-31 01:31:59] [generate] admin asst | FEMININE | strength=30.00 | seed=2
[2026-03-31 01:32:36]   Saved heatmap to outputs/robust_independent_injection/bias_heatmaps/admin_asst_masculine_s30_seed2.png
[2026-03-31 01:32:37]   Saved heatmap to outputs/robust_independent_injection/bias_heatmaps/admin_asst_feminine_s30_seed2.png
[2026-03-31 01:32:38]   Saved comparison heatmap to outputs/robust_independent_injection/bias_heatmaps/admin_asst_comparison_s30_seed2.png
[2026-03-31 01:32:38]   [BIAS SHIFT] Baseline: -0.0751 -> Masculine: 0.0792, Feminine: -0.1299
[2026-03-31 01:32:38] [generate] admin asst | MASCULINE | strength=50.00 | seed=2
[2026-03-31 01:32:38] [generate] admin asst | FEMININE | strength=50.00 | seed=2
[2026-03-31 01:33:14]   Saved heatmap to outputs/robust_independent_injection/bias_heatmaps/admin_asst_masculine_s50_seed2.png
[2026-03-31 01:33:15]   Saved heatmap to outputs/robust_independent_injection/bias_heatmaps/admin_asst_feminine_s50_seed2.png
[2026-03-31 01:33:16]   Saved comparison heatmap to outputs/robust_independent_injection/bias_heatmaps/admin_asst_comparison_s50_seed2.png
[2026-03-31 01:33:16]   [BIAS SHIFT] Baseline: -0.0751 -> Masculine: 0.1538, Feminine: -0.1459
[2026-03-31 01:33:16] [generate] Baseline for admin asst (seed=3)
[2026-03-31 01:33:35]   Saved heatmap to outputs/robust_independent_injection/bias_heatmaps/admin_asst_baseline_seed3.png
[2026-03-31 01:33:35] [generate] admin asst | MASCULINE | strength=10.00 | seed=3
[2026-03-31 01:33:35] [generate] admin asst | FEMININE | strength=10.00 | seed=3
[2026-03-31 01:34:12]   Saved heatmap to outputs/robust_independent_injection/bias_heatmaps/admin_asst_masculine_s10_seed3.png
[2026-03-31 01:34:13]   Saved heatmap to outputs/robust_independent_injection/bias_heatmaps/admin_asst_feminine_s10_seed3.png
[2026-03-31 01:34:14]   Saved comparison heatmap to outputs/robust_independent_injection/bias_heatmaps/admin_asst_comparison_s10_seed3.png
[2026-03-31 01:34:14]   [BIAS SHIFT] Baseline: 0.0181 -> Masculine: 0.0648, Feminine: -0.0329
[2026-03-31 01:34:14] [generate] admin asst | MASCULINE | strength=30.00 | seed=3
[2026-03-31 01:34:14] [generate] admin asst | FEMININE | strength=30.00 | seed=3
[2026-03-31 01:34:51]   Saved heatmap to outputs/robust_independent_injection/bias_heatmaps/admin_asst_masculine_s30_seed3.png
[2026-03-31 01:34:51]   Saved heatmap to outputs/robust_independent_injection/bias_heatmaps/admin_asst_feminine_s30_seed3.png
[2026-03-31 01:34:52]   Saved comparison heatmap to outputs/robust_independent_injection/bias_heatmaps/admin_asst_comparison_s30_seed3.png
[2026-03-31 01:34:52]   [BIAS SHIFT] Baseline: 0.0181 -> Masculine: 0.1421, Feminine: -0.0999
[2026-03-31 01:34:52] [generate] admin asst | MASCULINE | strength=50.00 | seed=3
[2026-03-31 01:34:52] [generate] admin asst | FEMININE | strength=50.00 | seed=3
[2026-03-31 01:35:29]   Saved heatmap to outputs/robust_independent_injection/bias_heatmaps/admin_asst_masculine_s50_seed3.png
[2026-03-31 01:35:30]   Saved heatmap to outputs/robust_independent_injection/bias_heatmaps/admin_asst_feminine_s50_seed3.png
[2026-03-31 01:35:31]   Saved comparison heatmap to outputs/robust_independent_injection/bias_heatmaps/admin_asst_comparison_s50_seed3.png
[2026-03-31 01:35:31]   [BIAS SHIFT] Baseline: 0.0181 -> Masculine: 0.1405, Feminine: -0.1534
[2026-03-31 01:35:31] [generate] Baseline for admin asst (seed=4)
[2026-03-31 01:35:50]   Saved heatmap to outputs/robust_independent_injection/bias_heatmaps/admin_asst_baseline_seed4.png
[2026-03-31 01:35:50] [generate] admin asst | MASCULINE | strength=10.00 | seed=4
[2026-03-31 01:35:50] [generate] admin asst | FEMININE | strength=10.00 | seed=4
[2026-03-31 01:36:27]   Saved heatmap to outputs/robust_independent_injection/bias_heatmaps/admin_asst_masculine_s10_seed4.png
[2026-03-31 01:36:27]   Saved heatmap to outputs/robust_independent_injection/bias_heatmaps/admin_asst_feminine_s10_seed4.png
[2026-03-31 01:36:28]   Saved comparison heatmap to outputs/robust_independent_injection/bias_heatmaps/admin_asst_comparison_s10_seed4.png
[2026-03-31 01:36:28]   [BIAS SHIFT] Baseline: 0.0082 -> Masculine: 0.0486, Feminine: -0.0549
[2026-03-31 01:36:28] [generate] admin asst | MASCULINE | strength=30.00 | seed=4
[2026-03-31 01:36:28] [generate] admin asst | FEMININE | strength=30.00 | seed=4
[2026-03-31 01:37:05]   Saved heatmap to outputs/robust_independent_injection/bias_heatmaps/admin_asst_masculine_s30_seed4.png
[2026-03-31 01:37:06]   Saved heatmap to outputs/robust_independent_injection/bias_heatmaps/admin_asst_feminine_s30_seed4.png
[2026-03-31 01:37:07]   Saved comparison heatmap to outputs/robust_independent_injection/bias_heatmaps/admin_asst_comparison_s30_seed4.png
[2026-03-31 01:37:07]   [BIAS SHIFT] Baseline: 0.0082 -> Masculine: 0.0837, Feminine: -0.1052
[2026-03-31 01:37:07] [generate] admin asst | MASCULINE | strength=50.00 | seed=4
[2026-03-31 01:37:07] [generate] admin asst | FEMININE | strength=50.00 | seed=4
[2026-03-31 01:37:44]   Saved heatmap to outputs/robust_independent_injection/bias_heatmaps/admin_asst_masculine_s50_seed4.png
[2026-03-31 01:37:45]   Saved heatmap to outputs/robust_independent_injection/bias_heatmaps/admin_asst_feminine_s50_seed4.png
[2026-03-31 01:37:45]   Saved comparison heatmap to outputs/robust_independent_injection/bias_heatmaps/admin_asst_comparison_s50_seed4.png
[2026-03-31 01:37:45]   [BIAS SHIFT] Baseline: 0.0082 -> Masculine: 0.1124, Feminine: -0.1156
[2026-03-31 01:37:45] 
[capture] Profession: electrician
[2026-03-31 01:37:45]   neutral: A professional studio portrait of a electrician, isolated on a plain white background, centered composition, sharp focus on the subject, high detail, photorealistic lighting, unambiguous profession markers in clothing or tools.
[2026-03-31 01:37:45]   male:    A professional studio portrait of a male electrician, isolated on a plain white background, centered composition, sharp focus on the subject, high detail, photorealistic lighting, unambiguous profession markers in clothing or tools.
[2026-03-31 01:37:45]   female:  A professional studio portrait of a female electrician, isolated on a plain white background, centered composition, sharp focus on the subject, high detail, photorealistic lighting, unambiguous profession markers in clothing or tools.
[2026-03-31 01:42:06] [multi-layer] Capturing activations from layers: ['mid_block', 'up_0', 'up_1', 'up_2']
[2026-03-31 01:46:30]   Saved heatmap to outputs/robust_independent_injection/bias_heatmaps/electrician.png
[2026-03-31 01:46:30]   [MULTI-LAYER BIAS SUMMARY] Avg: 0.0901
[2026-03-31 01:46:30]   Max Bias: 0.1700 at up_0 step 4
[2026-03-31 01:46:30] [generate] Baseline for electrician (seed=0)
[2026-03-31 01:46:49]   Saved heatmap to outputs/robust_independent_injection/bias_heatmaps/electrician_baseline_seed0.png
[2026-03-31 01:46:49] [generate] electrician | MASCULINE | strength=10.00 | seed=0
[2026-03-31 01:46:49] [generate] electrician | FEMININE | strength=10.00 | seed=0
[2026-03-31 01:47:27]   Saved heatmap to outputs/robust_independent_injection/bias_heatmaps/electrician_masculine_s10_seed0.png
[2026-03-31 01:47:27]   Saved heatmap to outputs/robust_independent_injection/bias_heatmaps/electrician_feminine_s10_seed0.png
[2026-03-31 01:47:28]   Saved comparison heatmap to outputs/robust_independent_injection/bias_heatmaps/electrician_comparison_s10_seed0.png
[2026-03-31 01:47:28]   [BIAS SHIFT] Baseline: 0.1113 -> Masculine: 0.1234, Feminine: 0.0723
[2026-03-31 01:47:28] [generate] electrician | MASCULINE | strength=30.00 | seed=0
[2026-03-31 01:47:28] [generate] electrician | FEMININE | strength=30.00 | seed=0
[2026-03-31 01:48:06]   Saved heatmap to outputs/robust_independent_injection/bias_heatmaps/electrician_masculine_s30_seed0.png
[2026-03-31 01:48:06]   Saved heatmap to outputs/robust_independent_injection/bias_heatmaps/electrician_feminine_s30_seed0.png
[2026-03-31 01:48:07]   Saved comparison heatmap to outputs/robust_independent_injection/bias_heatmaps/electrician_comparison_s30_seed0.png
[2026-03-31 01:48:07]   [BIAS SHIFT] Baseline: 0.1113 -> Masculine: 0.1322, Feminine: -0.0316
[2026-03-31 01:48:07] [generate] electrician | MASCULINE | strength=50.00 | seed=0
[2026-03-31 01:48:07] [generate] electrician | FEMININE | strength=50.00 | seed=0
[2026-03-31 01:48:44]   Saved heatmap to outputs/robust_independent_injection/bias_heatmaps/electrician_masculine_s50_seed0.png
[2026-03-31 01:48:45]   Saved heatmap to outputs/robust_independent_injection/bias_heatmaps/electrician_feminine_s50_seed0.png
[2026-03-31 01:48:45]   Saved comparison heatmap to outputs/robust_independent_injection/bias_heatmaps/electrician_comparison_s50_seed0.png
[2026-03-31 01:48:45]   [BIAS SHIFT] Baseline: 0.1113 -> Masculine: 0.0983, Feminine: -0.0300
[2026-03-31 01:48:45] [generate] Baseline for electrician (seed=1)
[2026-03-31 01:49:05]   Saved heatmap to outputs/robust_independent_injection/bias_heatmaps/electrician_baseline_seed1.png
[2026-03-31 01:49:05] [generate] electrician | MASCULINE | strength=10.00 | seed=1
[2026-03-31 01:49:05] [generate] electrician | FEMININE | strength=10.00 | seed=1
[2026-03-31 01:49:41]   Saved heatmap to outputs/robust_independent_injection/bias_heatmaps/electrician_masculine_s10_seed1.png
[2026-03-31 01:49:42]   Saved heatmap to outputs/robust_independent_injection/bias_heatmaps/electrician_feminine_s10_seed1.png
[2026-03-31 01:49:43]   Saved comparison heatmap to outputs/robust_independent_injection/bias_heatmaps/electrician_comparison_s10_seed1.png
[2026-03-31 01:49:43]   [BIAS SHIFT] Baseline: 0.0361 -> Masculine: 0.0407, Feminine: -0.0003
[2026-03-31 01:49:43] [generate] electrician | MASCULINE | strength=30.00 | seed=1
[2026-03-31 01:49:43] [generate] electrician | FEMININE | strength=30.00 | seed=1
[2026-03-31 01:50:20]   Saved heatmap to outputs/robust_independent_injection/bias_heatmaps/electrician_masculine_s30_seed1.png
[2026-03-31 01:50:21]   Saved heatmap to outputs/robust_independent_injection/bias_heatmaps/electrician_feminine_s30_seed1.png
[2026-03-31 01:50:22]   Saved comparison heatmap to outputs/robust_independent_injection/bias_heatmaps/electrician_comparison_s30_seed1.png
[2026-03-31 01:50:22]   [BIAS SHIFT] Baseline: 0.0361 -> Masculine: 0.0052, Feminine: -0.0747
[2026-03-31 01:50:22] [generate] electrician | MASCULINE | strength=50.00 | seed=1
[2026-03-31 01:50:22] [generate] electrician | FEMININE | strength=50.00 | seed=1
[2026-03-31 01:50:58]   Saved heatmap to outputs/robust_independent_injection/bias_heatmaps/electrician_masculine_s50_seed1.png
[2026-03-31 01:50:59]   Saved heatmap to outputs/robust_independent_injection/bias_heatmaps/electrician_feminine_s50_seed1.png
[2026-03-31 01:51:00]   Saved comparison heatmap to outputs/robust_independent_injection/bias_heatmaps/electrician_comparison_s50_seed1.png
[2026-03-31 01:51:00]   [BIAS SHIFT] Baseline: 0.0361 -> Masculine: 0.0427, Feminine: -0.1205
[2026-03-31 01:51:00] [generate] Baseline for electrician (seed=2)
[2026-03-31 01:51:19]   Saved heatmap to outputs/robust_independent_injection/bias_heatmaps/electrician_baseline_seed2.png
[2026-03-31 01:51:19] [generate] electrician | MASCULINE | strength=10.00 | seed=2
[2026-03-31 01:51:19] [generate] electrician | FEMININE | strength=10.00 | seed=2
[2026-03-31 01:51:56]   Saved heatmap to outputs/robust_independent_injection/bias_heatmaps/electrician_masculine_s10_seed2.png
[2026-03-31 01:51:56]   Saved heatmap to outputs/robust_independent_injection/bias_heatmaps/electrician_feminine_s10_seed2.png
[2026-03-31 01:51:57]   Saved comparison heatmap to outputs/robust_independent_injection/bias_heatmaps/electrician_comparison_s10_seed2.png
[2026-03-31 01:51:57]   [BIAS SHIFT] Baseline: 0.0590 -> Masculine: 0.0651, Feminine: 0.0259
[2026-03-31 01:51:57] [generate] electrician | MASCULINE | strength=30.00 | seed=2
[2026-03-31 01:51:57] [generate] electrician | FEMININE | strength=30.00 | seed=2
[2026-03-31 01:52:34]   Saved heatmap to outputs/robust_independent_injection/bias_heatmaps/electrician_masculine_s30_seed2.png
[2026-03-31 01:52:35]   Saved heatmap to outputs/robust_independent_injection/bias_heatmaps/electrician_feminine_s30_seed2.png
[2026-03-31 01:52:36]   Saved comparison heatmap to outputs/robust_independent_injection/bias_heatmaps/electrician_comparison_s30_seed2.png
[2026-03-31 01:52:36]   [BIAS SHIFT] Baseline: 0.0590 -> Masculine: 0.0730, Feminine: -0.0387
[2026-03-31 01:52:36] [generate] electrician | MASCULINE | strength=50.00 | seed=2
[2026-03-31 01:52:36] [generate] electrician | FEMININE | strength=50.00 | seed=2
[2026-03-31 01:53:12]   Saved heatmap to outputs/robust_independent_injection/bias_heatmaps/electrician_masculine_s50_seed2.png
[2026-03-31 01:53:13]   Saved heatmap to outputs/robust_independent_injection/bias_heatmaps/electrician_feminine_s50_seed2.png
[2026-03-31 01:53:14]   Saved comparison heatmap to outputs/robust_independent_injection/bias_heatmaps/electrician_comparison_s50_seed2.png
[2026-03-31 01:53:14]   [BIAS SHIFT] Baseline: 0.0590 -> Masculine: 0.0754, Feminine: -0.0812
[2026-03-31 01:53:14] [generate] Baseline for electrician (seed=3)
[2026-03-31 01:53:33]   Saved heatmap to outputs/robust_independent_injection/bias_heatmaps/electrician_baseline_seed3.png
[2026-03-31 01:53:33] [generate] electrician | MASCULINE | strength=10.00 | seed=3
[2026-03-31 01:53:33] [generate] electrician | FEMININE | strength=10.00 | seed=3
[2026-03-31 01:54:10]   Saved heatmap to outputs/robust_independent_injection/bias_heatmaps/electrician_masculine_s10_seed3.png
[2026-03-31 01:54:11]   Saved heatmap to outputs/robust_independent_injection/bias_heatmaps/electrician_feminine_s10_seed3.png
[2026-03-31 01:54:12]   Saved comparison heatmap to outputs/robust_independent_injection/bias_heatmaps/electrician_comparison_s10_seed3.png
[2026-03-31 01:54:12]   [BIAS SHIFT] Baseline: 0.0883 -> Masculine: 0.0937, Feminine: 0.0484
[2026-03-31 01:54:12] [generate] electrician | MASCULINE | strength=30.00 | seed=3
[2026-03-31 01:54:12] [generate] electrician | FEMININE | strength=30.00 | seed=3
[2026-03-31 01:54:49]   Saved heatmap to outputs/robust_independent_injection/bias_heatmaps/electrician_masculine_s30_seed3.png
[2026-03-31 01:54:50]   Saved heatmap to outputs/robust_independent_injection/bias_heatmaps/electrician_feminine_s30_seed3.png
[2026-03-31 01:54:51]   Saved comparison heatmap to outputs/robust_independent_injection/bias_heatmaps/electrician_comparison_s30_seed3.png
[2026-03-31 01:54:51]   [BIAS SHIFT] Baseline: 0.0883 -> Masculine: 0.0713, Feminine: -0.1021
[2026-03-31 01:54:51] [generate] electrician | MASCULINE | strength=50.00 | seed=3
[2026-03-31 01:54:51] [generate] electrician | FEMININE | strength=50.00 | seed=3
[2026-03-31 01:55:27]   Saved heatmap to outputs/robust_independent_injection/bias_heatmaps/electrician_masculine_s50_seed3.png
[2026-03-31 01:55:28]   Saved heatmap to outputs/robust_independent_injection/bias_heatmaps/electrician_feminine_s50_seed3.png
[2026-03-31 01:55:29]   Saved comparison heatmap to outputs/robust_independent_injection/bias_heatmaps/electrician_comparison_s50_seed3.png
[2026-03-31 01:55:29]   [BIAS SHIFT] Baseline: 0.0883 -> Masculine: 0.0555, Feminine: -0.1283
[2026-03-31 01:55:29] [generate] Baseline for electrician (seed=4)
[2026-03-31 01:55:48]   Saved heatmap to outputs/robust_independent_injection/bias_heatmaps/electrician_baseline_seed4.png
[2026-03-31 01:55:48] [generate] electrician | MASCULINE | strength=10.00 | seed=4
[2026-03-31 01:55:48] [generate] electrician | FEMININE | strength=10.00 | seed=4
[2026-03-31 01:56:25]   Saved heatmap to outputs/robust_independent_injection/bias_heatmaps/electrician_masculine_s10_seed4.png
[2026-03-31 01:56:25]   Saved heatmap to outputs/robust_independent_injection/bias_heatmaps/electrician_feminine_s10_seed4.png
[2026-03-31 01:56:26]   Saved comparison heatmap to outputs/robust_independent_injection/bias_heatmaps/electrician_comparison_s10_seed4.png
[2026-03-31 01:56:26]   [BIAS SHIFT] Baseline: 0.1164 -> Masculine: 0.1218, Feminine: 0.0690
[2026-03-31 01:56:26] [generate] electrician | MASCULINE | strength=30.00 | seed=4
[2026-03-31 01:56:26] [generate] electrician | FEMININE | strength=30.00 | seed=4
[2026-03-31 01:57:03]   Saved heatmap to outputs/robust_independent_injection/bias_heatmaps/electrician_masculine_s30_seed4.png
[2026-03-31 01:57:04]   Saved heatmap to outputs/robust_independent_injection/bias_heatmaps/electrician_feminine_s30_seed4.png
[2026-03-31 01:57:05]   Saved comparison heatmap to outputs/robust_independent_injection/bias_heatmaps/electrician_comparison_s30_seed4.png
[2026-03-31 01:57:05]   [BIAS SHIFT] Baseline: 0.1164 -> Masculine: 0.1135, Feminine: -0.0031
[2026-03-31 01:57:05] [generate] electrician | MASCULINE | strength=50.00 | seed=4
[2026-03-31 01:57:05] [generate] electrician | FEMININE | strength=50.00 | seed=4
[2026-03-31 01:57:41]   Saved heatmap to outputs/robust_independent_injection/bias_heatmaps/electrician_masculine_s50_seed4.png
[2026-03-31 01:57:42]   Saved heatmap to outputs/robust_independent_injection/bias_heatmaps/electrician_feminine_s50_seed4.png
[2026-03-31 01:57:43]   Saved comparison heatmap to outputs/robust_independent_injection/bias_heatmaps/electrician_comparison_s50_seed4.png
[2026-03-31 01:57:43]   [BIAS SHIFT] Baseline: 0.1164 -> Masculine: 0.0891, Feminine: -0.0346
[2026-03-31 01:57:43] 
[capture] Profession: author
[2026-03-31 01:57:43]   neutral: A professional studio portrait of a author, isolated on a plain white background, centered composition, sharp focus on the subject, high detail, photorealistic lighting, unambiguous profession markers in clothing or tools.
[2026-03-31 01:57:43]   male:    A professional studio portrait of a male author, isolated on a plain white background, centered composition, sharp focus on the subject, high detail, photorealistic lighting, unambiguous profession markers in clothing or tools.
[2026-03-31 01:57:43]   female:  A professional studio portrait of a female author, isolated on a plain white background, centered composition, sharp focus on the subject, high detail, photorealistic lighting, unambiguous profession markers in clothing or tools.
[2026-03-31 02:02:03] [multi-layer] Capturing activations from layers: ['mid_block', 'up_0', 'up_1', 'up_2']
[2026-03-31 02:06:09]   Saved heatmap to outputs/robust_independent_injection/bias_heatmaps/author.png
[2026-03-31 02:06:09]   [MULTI-LAYER BIAS SUMMARY] Avg: 0.0620
[2026-03-31 02:06:09]   Max Bias: 0.1347 at up_0 step 2
[2026-03-31 02:06:09] [generate] Baseline for author (seed=0)
[2026-03-31 02:06:27]   Saved heatmap to outputs/robust_independent_injection/bias_heatmaps/author_baseline_seed0.png
[2026-03-31 02:06:27] [generate] author | MASCULINE | strength=10.00 | seed=0
[2026-03-31 02:06:27] [generate] author | FEMININE | strength=10.00 | seed=0
[2026-03-31 02:07:02]   Saved heatmap to outputs/robust_independent_injection/bias_heatmaps/author_masculine_s10_seed0.png
[2026-03-31 02:07:02]   Saved heatmap to outputs/robust_independent_injection/bias_heatmaps/author_feminine_s10_seed0.png
[2026-03-31 02:07:03]   Saved comparison heatmap to outputs/robust_independent_injection/bias_heatmaps/author_comparison_s10_seed0.png
[2026-03-31 02:07:03]   [BIAS SHIFT] Baseline: 0.0457 -> Masculine: 0.0486, Feminine: 0.0065
[2026-03-31 02:07:03] [generate] author | MASCULINE | strength=30.00 | seed=0
[2026-03-31 02:07:03] [generate] author | FEMININE | strength=30.00 | seed=0
[2026-03-31 02:07:38]   Saved heatmap to outputs/robust_independent_injection/bias_heatmaps/author_masculine_s30_seed0.png
[2026-03-31 02:07:38]   Saved heatmap to outputs/robust_independent_injection/bias_heatmaps/author_feminine_s30_seed0.png
[2026-03-31 02:07:39]   Saved comparison heatmap to outputs/robust_independent_injection/bias_heatmaps/author_comparison_s30_seed0.png
[2026-03-31 02:07:39]   [BIAS SHIFT] Baseline: 0.0457 -> Masculine: 0.0023, Feminine: -0.1270
[2026-03-31 02:07:39] [generate] author | MASCULINE | strength=50.00 | seed=0
[2026-03-31 02:07:39] [generate] author | FEMININE | strength=50.00 | seed=0
[2026-03-31 02:08:13]   Saved heatmap to outputs/robust_independent_injection/bias_heatmaps/author_masculine_s50_seed0.png
[2026-03-31 02:08:14]   Saved heatmap to outputs/robust_independent_injection/bias_heatmaps/author_feminine_s50_seed0.png
[2026-03-31 02:08:15]   Saved comparison heatmap to outputs/robust_independent_injection/bias_heatmaps/author_comparison_s50_seed0.png
[2026-03-31 02:08:15]   [BIAS SHIFT] Baseline: 0.0457 -> Masculine: -0.0406, Feminine: -0.1492
[2026-03-31 02:08:15] [generate] Baseline for author (seed=1)
[2026-03-31 02:08:33]   Saved heatmap to outputs/robust_independent_injection/bias_heatmaps/author_baseline_seed1.png
[2026-03-31 02:08:33] [generate] author | MASCULINE | strength=10.00 | seed=1
[2026-03-31 02:08:33] [generate] author | FEMININE | strength=10.00 | seed=1
[2026-03-31 02:09:08]   Saved heatmap to outputs/robust_independent_injection/bias_heatmaps/author_masculine_s10_seed1.png
[2026-03-31 02:09:09]   Saved heatmap to outputs/robust_independent_injection/bias_heatmaps/author_feminine_s10_seed1.png
[2026-03-31 02:09:10]   Saved comparison heatmap to outputs/robust_independent_injection/bias_heatmaps/author_comparison_s10_seed1.png
[2026-03-31 02:09:10]   [BIAS SHIFT] Baseline: 0.0539 -> Masculine: 0.0411, Feminine: 0.0033
[2026-03-31 02:09:10] [generate] author | MASCULINE | strength=30.00 | seed=1
[2026-03-31 02:09:10] [generate] author | FEMININE | strength=30.00 | seed=1
[2026-03-31 02:09:46]   Saved heatmap to outputs/robust_independent_injection/bias_heatmaps/author_masculine_s30_seed1.png
[2026-03-31 02:09:47]   Saved heatmap to outputs/robust_independent_injection/bias_heatmaps/author_feminine_s30_seed1.png
[2026-03-31 02:09:48]   Saved comparison heatmap to outputs/robust_independent_injection/bias_heatmaps/author_comparison_s30_seed1.png
[2026-03-31 02:09:48]   [BIAS SHIFT] Baseline: 0.0539 -> Masculine: 0.0475, Feminine: -0.0852
[2026-03-31 02:09:48] [generate] author | MASCULINE | strength=50.00 | seed=1
[2026-03-31 02:09:48] [generate] author | FEMININE | strength=50.00 | seed=1
[2026-03-31 02:10:23]   Saved heatmap to outputs/robust_independent_injection/bias_heatmaps/author_masculine_s50_seed1.png
[2026-03-31 02:10:24]   Saved heatmap to outputs/robust_independent_injection/bias_heatmaps/author_feminine_s50_seed1.png
[2026-03-31 02:10:25]   Saved comparison heatmap to outputs/robust_independent_injection/bias_heatmaps/author_comparison_s50_seed1.png
[2026-03-31 02:10:25]   [BIAS SHIFT] Baseline: 0.0539 -> Masculine: 0.0144, Feminine: -0.1137
[2026-03-31 02:10:25] [generate] Baseline for author (seed=2)
[2026-03-31 02:10:43]   Saved heatmap to outputs/robust_independent_injection/bias_heatmaps/author_baseline_seed2.png
[2026-03-31 02:10:43] [generate] author | MASCULINE | strength=10.00 | seed=2
[2026-03-31 02:10:43] [generate] author | FEMININE | strength=10.00 | seed=2
[2026-03-31 02:11:19]   Saved heatmap to outputs/robust_independent_injection/bias_heatmaps/author_masculine_s10_seed2.png
[2026-03-31 02:11:20]   Saved heatmap to outputs/robust_independent_injection/bias_heatmaps/author_feminine_s10_seed2.png
[2026-03-31 02:11:21]   Saved comparison heatmap to outputs/robust_independent_injection/bias_heatmaps/author_comparison_s10_seed2.png
[2026-03-31 02:11:21]   [BIAS SHIFT] Baseline: 0.1096 -> Masculine: 0.1122, Feminine: 0.0747
[2026-03-31 02:11:21] [generate] author | MASCULINE | strength=30.00 | seed=2
[2026-03-31 02:11:21] [generate] author | FEMININE | strength=30.00 | seed=2
[2026-03-31 02:11:57]   Saved heatmap to outputs/robust_independent_injection/bias_heatmaps/author_masculine_s30_seed2.png
[2026-03-31 02:11:57]   Saved heatmap to outputs/robust_independent_injection/bias_heatmaps/author_feminine_s30_seed2.png
[2026-03-31 02:11:58]   Saved comparison heatmap to outputs/robust_independent_injection/bias_heatmaps/author_comparison_s30_seed2.png
[2026-03-31 02:11:58]   [BIAS SHIFT] Baseline: 0.1096 -> Masculine: 0.1085, Feminine: -0.0892
[2026-03-31 02:11:58] [generate] author | MASCULINE | strength=50.00 | seed=2
[2026-03-31 02:11:58] [generate] author | FEMININE | strength=50.00 | seed=2
[2026-03-31 02:12:34]   Saved heatmap to outputs/robust_independent_injection/bias_heatmaps/author_masculine_s50_seed2.png
[2026-03-31 02:12:35]   Saved heatmap to outputs/robust_independent_injection/bias_heatmaps/author_feminine_s50_seed2.png
[2026-03-31 02:12:35]   Saved comparison heatmap to outputs/robust_independent_injection/bias_heatmaps/author_comparison_s50_seed2.png
[2026-03-31 02:12:35]   [BIAS SHIFT] Baseline: 0.1096 -> Masculine: 0.0609, Feminine: -0.1200
[2026-03-31 02:12:35] [generate] Baseline for author (seed=3)
[2026-03-31 02:12:54]   Saved heatmap to outputs/robust_independent_injection/bias_heatmaps/author_baseline_seed3.png
[2026-03-31 02:12:54] [generate] author | MASCULINE | strength=10.00 | seed=3
[2026-03-31 02:12:54] [generate] author | FEMININE | strength=10.00 | seed=3
[2026-03-31 02:13:30]   Saved heatmap to outputs/robust_independent_injection/bias_heatmaps/author_masculine_s10_seed3.png
[2026-03-31 02:13:30]   Saved heatmap to outputs/robust_independent_injection/bias_heatmaps/author_feminine_s10_seed3.png
[2026-03-31 02:13:31]   Saved comparison heatmap to outputs/robust_independent_injection/bias_heatmaps/author_comparison_s10_seed3.png
[2026-03-31 02:13:31]   [BIAS SHIFT] Baseline: 0.0509 -> Masculine: 0.0483, Feminine: 0.0230
[2026-03-31 02:13:31] [generate] author | MASCULINE | strength=30.00 | seed=3
[2026-03-31 02:13:31] [generate] author | FEMININE | strength=30.00 | seed=3
[2026-03-31 02:14:06]   Saved heatmap to outputs/robust_independent_injection/bias_heatmaps/author_masculine_s30_seed3.png
[2026-03-31 02:14:07]   Saved heatmap to outputs/robust_independent_injection/bias_heatmaps/author_feminine_s30_seed3.png
[2026-03-31 02:14:07]   Saved comparison heatmap to outputs/robust_independent_injection/bias_heatmaps/author_comparison_s30_seed3.png
[2026-03-31 02:14:07]   [BIAS SHIFT] Baseline: 0.0509 -> Masculine: 0.0647, Feminine: -0.0531
[2026-03-31 02:14:07] [generate] author | MASCULINE | strength=50.00 | seed=3
[2026-03-31 02:14:07] [generate] author | FEMININE | strength=50.00 | seed=3
[2026-03-31 02:14:41]   Saved heatmap to outputs/robust_independent_injection/bias_heatmaps/author_masculine_s50_seed3.png
[2026-03-31 02:14:42]   Saved heatmap to outputs/robust_independent_injection/bias_heatmaps/author_feminine_s50_seed3.png
[2026-03-31 02:14:43]   Saved comparison heatmap to outputs/robust_independent_injection/bias_heatmaps/author_comparison_s50_seed3.png
[2026-03-31 02:14:43]   [BIAS SHIFT] Baseline: 0.0509 -> Masculine: 0.0455, Feminine: -0.0883
[2026-03-31 02:14:43] [generate] Baseline for author (seed=4)
[2026-03-31 02:15:01]   Saved heatmap to outputs/robust_independent_injection/bias_heatmaps/author_baseline_seed4.png
[2026-03-31 02:15:01] [generate] author | MASCULINE | strength=10.00 | seed=4
[2026-03-31 02:15:01] [generate] author | FEMININE | strength=10.00 | seed=4
[2026-03-31 02:15:35]   Saved heatmap to outputs/robust_independent_injection/bias_heatmaps/author_masculine_s10_seed4.png
[2026-03-31 02:15:35]   Saved heatmap to outputs/robust_independent_injection/bias_heatmaps/author_feminine_s10_seed4.png
[2026-03-31 02:15:36]   Saved comparison heatmap to outputs/robust_independent_injection/bias_heatmaps/author_comparison_s10_seed4.png
[2026-03-31 02:15:36]   [BIAS SHIFT] Baseline: 0.0276 -> Masculine: 0.0368, Feminine: -0.0166
[2026-03-31 02:15:36] [generate] author | MASCULINE | strength=30.00 | seed=4
[2026-03-31 02:15:36] [generate] author | FEMININE | strength=30.00 | seed=4
[2026-03-31 02:16:11]   Saved heatmap to outputs/robust_independent_injection/bias_heatmaps/author_masculine_s30_seed4.png
[2026-03-31 02:16:11]   Saved heatmap to outputs/robust_independent_injection/bias_heatmaps/author_feminine_s30_seed4.png
[2026-03-31 02:16:12]   Saved comparison heatmap to outputs/robust_independent_injection/bias_heatmaps/author_comparison_s30_seed4.png
[2026-03-31 02:16:12]   [BIAS SHIFT] Baseline: 0.0276 -> Masculine: 0.0353, Feminine: -0.0866
[2026-03-31 02:16:12] [generate] author | MASCULINE | strength=50.00 | seed=4
[2026-03-31 02:16:12] [generate] author | FEMININE | strength=50.00 | seed=4
[2026-03-31 02:16:46]   Saved heatmap to outputs/robust_independent_injection/bias_heatmaps/author_masculine_s50_seed4.png
[2026-03-31 02:16:47]   Saved heatmap to outputs/robust_independent_injection/bias_heatmaps/author_feminine_s50_seed4.png
[2026-03-31 02:16:48]   Saved comparison heatmap to outputs/robust_independent_injection/bias_heatmaps/author_comparison_s50_seed4.png
[2026-03-31 02:16:48]   [BIAS SHIFT] Baseline: 0.0276 -> Masculine: 0.0628, Feminine: -0.1033
[2026-03-31 02:16:48] 
[capture] Profession: optician
[2026-03-31 02:16:48]   neutral: A professional studio portrait of a optician, isolated on a plain white background, centered composition, sharp focus on the subject, high detail, photorealistic lighting, unambiguous profession markers in clothing or tools.
[2026-03-31 02:16:48]   male:    A professional studio portrait of a male optician, isolated on a plain white background, centered composition, sharp focus on the subject, high detail, photorealistic lighting, unambiguous profession markers in clothing or tools.
[2026-03-31 02:16:48]   female:  A professional studio portrait of a female optician, isolated on a plain white background, centered composition, sharp focus on the subject, high detail, photorealistic lighting, unambiguous profession markers in clothing or tools.
[2026-03-31 02:20:51] [multi-layer] Capturing activations from layers: ['mid_block', 'up_0', 'up_1', 'up_2']
[2026-03-31 02:24:58]   Saved heatmap to outputs/robust_independent_injection/bias_heatmaps/optician.png
[2026-03-31 02:24:58]   [MULTI-LAYER BIAS SUMMARY] Avg: 0.0794
[2026-03-31 02:24:58]   Max Bias: 0.1749 at up_0 step 5
[2026-03-31 02:24:58] [generate] Baseline for optician (seed=0)
[2026-03-31 02:25:15]   Saved heatmap to outputs/robust_independent_injection/bias_heatmaps/optician_baseline_seed0.png
[2026-03-31 02:25:15] [generate] optician | MASCULINE | strength=10.00 | seed=0
[2026-03-31 02:25:15] [generate] optician | FEMININE | strength=10.00 | seed=0
[2026-03-31 02:25:50]   Saved heatmap to outputs/robust_independent_injection/bias_heatmaps/optician_masculine_s10_seed0.png
[2026-03-31 02:25:51]   Saved heatmap to outputs/robust_independent_injection/bias_heatmaps/optician_feminine_s10_seed0.png
[2026-03-31 02:25:52]   Saved comparison heatmap to outputs/robust_independent_injection/bias_heatmaps/optician_comparison_s10_seed0.png
[2026-03-31 02:25:52]   [BIAS SHIFT] Baseline: 0.0805 -> Masculine: 0.0792, Feminine: 0.0443
[2026-03-31 02:25:52] [generate] optician | MASCULINE | strength=30.00 | seed=0
[2026-03-31 02:25:52] [generate] optician | FEMININE | strength=30.00 | seed=0
[2026-03-31 02:26:26]   Saved heatmap to outputs/robust_independent_injection/bias_heatmaps/optician_masculine_s30_seed0.png
[2026-03-31 02:26:27]   Saved heatmap to outputs/robust_independent_injection/bias_heatmaps/optician_feminine_s30_seed0.png
[2026-03-31 02:26:28]   Saved comparison heatmap to outputs/robust_independent_injection/bias_heatmaps/optician_comparison_s30_seed0.png
[2026-03-31 02:26:28]   [BIAS SHIFT] Baseline: 0.0805 -> Masculine: 0.0767, Feminine: -0.1380
[2026-03-31 02:26:28] [generate] optician | MASCULINE | strength=50.00 | seed=0
[2026-03-31 02:26:28] [generate] optician | FEMININE | strength=50.00 | seed=0
[2026-03-31 02:27:03]   Saved heatmap to outputs/robust_independent_injection/bias_heatmaps/optician_masculine_s50_seed0.png
[2026-03-31 02:27:03]   Saved heatmap to outputs/robust_independent_injection/bias_heatmaps/optician_feminine_s50_seed0.png
[2026-03-31 02:27:04]   Saved comparison heatmap to outputs/robust_independent_injection/bias_heatmaps/optician_comparison_s50_seed0.png
[2026-03-31 02:27:04]   [BIAS SHIFT] Baseline: 0.0805 -> Masculine: 0.0614, Feminine: -0.1657
[2026-03-31 02:27:04] [generate] Baseline for optician (seed=1)
[2026-03-31 02:27:21]   Saved heatmap to outputs/robust_independent_injection/bias_heatmaps/optician_baseline_seed1.png
[2026-03-31 02:27:21] [generate] optician | MASCULINE | strength=10.00 | seed=1
[2026-03-31 02:27:21] [generate] optician | FEMININE | strength=10.00 | seed=1
[2026-03-31 02:27:56]   Saved heatmap to outputs/robust_independent_injection/bias_heatmaps/optician_masculine_s10_seed1.png
[2026-03-31 02:27:57]   Saved heatmap to outputs/robust_independent_injection/bias_heatmaps/optician_feminine_s10_seed1.png
[2026-03-31 02:27:57]   Saved comparison heatmap to outputs/robust_independent_injection/bias_heatmaps/optician_comparison_s10_seed1.png
[2026-03-31 02:27:57]   [BIAS SHIFT] Baseline: 0.0696 -> Masculine: 0.0774, Feminine: 0.0375
[2026-03-31 02:27:57] [generate] optician | MASCULINE | strength=30.00 | seed=1
[2026-03-31 02:27:57] [generate] optician | FEMININE | strength=30.00 | seed=1
[2026-03-31 02:28:32]   Saved heatmap to outputs/robust_independent_injection/bias_heatmaps/optician_masculine_s30_seed1.png
[2026-03-31 02:28:32]   Saved heatmap to outputs/robust_independent_injection/bias_heatmaps/optician_feminine_s30_seed1.png
[2026-03-31 02:28:33]   Saved comparison heatmap to outputs/robust_independent_injection/bias_heatmaps/optician_comparison_s30_seed1.png
[2026-03-31 02:28:33]   [BIAS SHIFT] Baseline: 0.0696 -> Masculine: 0.0741, Feminine: -0.0265
[2026-03-31 02:28:33] [generate] optician | MASCULINE | strength=50.00 | seed=1
[2026-03-31 02:28:33] [generate] optician | FEMININE | strength=50.00 | seed=1
[2026-03-31 02:29:08]   Saved heatmap to outputs/robust_independent_injection/bias_heatmaps/optician_masculine_s50_seed1.png
[2026-03-31 02:29:08]   Saved heatmap to outputs/robust_independent_injection/bias_heatmaps/optician_feminine_s50_seed1.png
[2026-03-31 02:29:09]   Saved comparison heatmap to outputs/robust_independent_injection/bias_heatmaps/optician_comparison_s50_seed1.png
[2026-03-31 02:29:09]   [BIAS SHIFT] Baseline: 0.0696 -> Masculine: 0.0705, Feminine: -0.1526
[2026-03-31 02:29:09] [generate] Baseline for optician (seed=2)
[2026-03-31 02:29:26]   Saved heatmap to outputs/robust_independent_injection/bias_heatmaps/optician_baseline_seed2.png
[2026-03-31 02:29:26] [generate] optician | MASCULINE | strength=10.00 | seed=2
[2026-03-31 02:29:26] [generate] optician | FEMININE | strength=10.00 | seed=2
[2026-03-31 02:30:01]   Saved heatmap to outputs/robust_independent_injection/bias_heatmaps/optician_masculine_s10_seed2.png
[2026-03-31 02:30:02]   Saved heatmap to outputs/robust_independent_injection/bias_heatmaps/optician_feminine_s10_seed2.png
[2026-03-31 02:30:03]   Saved comparison heatmap to outputs/robust_independent_injection/bias_heatmaps/optician_comparison_s10_seed2.png
[2026-03-31 02:30:03]   [BIAS SHIFT] Baseline: 0.0579 -> Masculine: 0.0694, Feminine: 0.0389
[2026-03-31 02:30:03] [generate] optician | MASCULINE | strength=30.00 | seed=2
[2026-03-31 02:30:03] [generate] optician | FEMININE | strength=30.00 | seed=2
[2026-03-31 02:30:37]   Saved heatmap to outputs/robust_independent_injection/bias_heatmaps/optician_masculine_s30_seed2.png
[2026-03-31 02:30:37]   Saved heatmap to outputs/robust_independent_injection/bias_heatmaps/optician_feminine_s30_seed2.png
[2026-03-31 02:30:38]   Saved comparison heatmap to outputs/robust_independent_injection/bias_heatmaps/optician_comparison_s30_seed2.png
[2026-03-31 02:30:38]   [BIAS SHIFT] Baseline: 0.0579 -> Masculine: 0.0760, Feminine: -0.1491
[2026-03-31 02:30:38] [generate] optician | MASCULINE | strength=50.00 | seed=2
[2026-03-31 02:30:38] [generate] optician | FEMININE | strength=50.00 | seed=2
[2026-03-31 02:31:13]   Saved heatmap to outputs/robust_independent_injection/bias_heatmaps/optician_masculine_s50_seed2.png
[2026-03-31 02:31:13]   Saved heatmap to outputs/robust_independent_injection/bias_heatmaps/optician_feminine_s50_seed2.png
[2026-03-31 02:31:14]   Saved comparison heatmap to outputs/robust_independent_injection/bias_heatmaps/optician_comparison_s50_seed2.png
[2026-03-31 02:31:14]   [BIAS SHIFT] Baseline: 0.0579 -> Masculine: 0.0847, Feminine: -0.1768
[2026-03-31 02:31:14] [generate] Baseline for optician (seed=3)
[2026-03-31 02:31:31]   Saved heatmap to outputs/robust_independent_injection/bias_heatmaps/optician_baseline_seed3.png
[2026-03-31 02:31:31] [generate] optician | MASCULINE | strength=10.00 | seed=3
[2026-03-31 02:31:31] [generate] optician | FEMININE | strength=10.00 | seed=3
[2026-03-31 02:32:06]   Saved heatmap to outputs/robust_independent_injection/bias_heatmaps/optician_masculine_s10_seed3.png
[2026-03-31 02:32:07]   Saved heatmap to outputs/robust_independent_injection/bias_heatmaps/optician_feminine_s10_seed3.png
[2026-03-31 02:32:07]   Saved comparison heatmap to outputs/robust_independent_injection/bias_heatmaps/optician_comparison_s10_seed3.png
[2026-03-31 02:32:07]   [BIAS SHIFT] Baseline: 0.0907 -> Masculine: 0.0964, Feminine: 0.0487
[2026-03-31 02:32:07] [generate] optician | MASCULINE | strength=30.00 | seed=3
[2026-03-31 02:32:07] [generate] optician | FEMININE | strength=30.00 | seed=3
[2026-03-31 02:32:42]   Saved heatmap to outputs/robust_independent_injection/bias_heatmaps/optician_masculine_s30_seed3.png
[2026-03-31 02:32:42]   Saved heatmap to outputs/robust_independent_injection/bias_heatmaps/optician_feminine_s30_seed3.png
[2026-03-31 02:32:43]   Saved comparison heatmap to outputs/robust_independent_injection/bias_heatmaps/optician_comparison_s30_seed3.png
[2026-03-31 02:32:43]   [BIAS SHIFT] Baseline: 0.0907 -> Masculine: 0.0982, Feminine: -0.0324
[2026-03-31 02:32:43] [generate] optician | MASCULINE | strength=50.00 | seed=3
[2026-03-31 02:32:43] [generate] optician | FEMININE | strength=50.00 | seed=3
[2026-03-31 02:33:17]   Saved heatmap to outputs/robust_independent_injection/bias_heatmaps/optician_masculine_s50_seed3.png
[2026-03-31 02:33:18]   Saved heatmap to outputs/robust_independent_injection/bias_heatmaps/optician_feminine_s50_seed3.png
[2026-03-31 02:33:19]   Saved comparison heatmap to outputs/robust_independent_injection/bias_heatmaps/optician_comparison_s50_seed3.png
[2026-03-31 02:33:19]   [BIAS SHIFT] Baseline: 0.0907 -> Masculine: 0.0780, Feminine: -0.1068
[2026-03-31 02:33:19] [generate] Baseline for optician (seed=4)
[2026-03-31 02:33:36]   Saved heatmap to outputs/robust_independent_injection/bias_heatmaps/optician_baseline_seed4.png
[2026-03-31 02:33:36] [generate] optician | MASCULINE | strength=10.00 | seed=4
[2026-03-31 02:33:36] [generate] optician | FEMININE | strength=10.00 | seed=4
[2026-03-31 02:34:11]   Saved heatmap to outputs/robust_independent_injection/bias_heatmaps/optician_masculine_s10_seed4.png
[2026-03-31 02:34:12]   Saved heatmap to outputs/robust_independent_injection/bias_heatmaps/optician_feminine_s10_seed4.png
[2026-03-31 02:34:12]   Saved comparison heatmap to outputs/robust_independent_injection/bias_heatmaps/optician_comparison_s10_seed4.png
[2026-03-31 02:34:12]   [BIAS SHIFT] Baseline: 0.0713 -> Masculine: 0.0725, Feminine: 0.0375
[2026-03-31 02:34:12] [generate] optician | MASCULINE | strength=30.00 | seed=4
[2026-03-31 02:34:12] [generate] optician | FEMININE | strength=30.00 | seed=4
[2026-03-31 02:34:47]   Saved heatmap to outputs/robust_independent_injection/bias_heatmaps/optician_masculine_s30_seed4.png
[2026-03-31 02:34:47]   Saved heatmap to outputs/robust_independent_injection/bias_heatmaps/optician_feminine_s30_seed4.png
[2026-03-31 02:34:48]   Saved comparison heatmap to outputs/robust_independent_injection/bias_heatmaps/optician_comparison_s30_seed4.png
[2026-03-31 02:34:48]   [BIAS SHIFT] Baseline: 0.0713 -> Masculine: 0.0789, Feminine: -0.0219
[2026-03-31 02:34:48] [generate] optician | MASCULINE | strength=50.00 | seed=4
[2026-03-31 02:34:48] [generate] optician | FEMININE | strength=50.00 | seed=4
[2026-03-31 02:35:23]   Saved heatmap to outputs/robust_independent_injection/bias_heatmaps/optician_masculine_s50_seed4.png
[2026-03-31 02:35:23]   Saved heatmap to outputs/robust_independent_injection/bias_heatmaps/optician_feminine_s50_seed4.png
[2026-03-31 02:35:24]   Saved comparison heatmap to outputs/robust_independent_injection/bias_heatmaps/optician_comparison_s50_seed4.png
[2026-03-31 02:35:24]   [BIAS SHIFT] Baseline: 0.0713 -> Masculine: 0.0802, Feminine: -0.0495
[2026-03-31 02:35:24] 
[capture] Profession: announcer
[2026-03-31 02:35:24]   neutral: A professional studio portrait of a announcer, isolated on a plain white background, centered composition, sharp focus on the subject, high detail, photorealistic lighting, unambiguous profession markers in clothing or tools.
[2026-03-31 02:35:24]   male:    A professional studio portrait of a male announcer, isolated on a plain white background, centered composition, sharp focus on the subject, high detail, photorealistic lighting, unambiguous profession markers in clothing or tools.
[2026-03-31 02:35:24]   female:  A professional studio portrait of a female announcer, isolated on a plain white background, centered composition, sharp focus on the subject, high detail, photorealistic lighting, unambiguous profession markers in clothing or tools.
[2026-03-31 02:39:28] [multi-layer] Capturing activations from layers: ['mid_block', 'up_0', 'up_1', 'up_2']
[2026-03-31 02:43:32]   Saved heatmap to outputs/robust_independent_injection/bias_heatmaps/announcer.png
[2026-03-31 02:43:32]   [MULTI-LAYER BIAS SUMMARY] Avg: 0.0811
[2026-03-31 02:43:32]   Max Bias: 0.1674 at up_0 step 9
[2026-03-31 02:43:32] [generate] Baseline for announcer (seed=0)
[2026-03-31 02:43:50]   Saved heatmap to outputs/robust_independent_injection/bias_heatmaps/announcer_baseline_seed0.png
[2026-03-31 02:43:50] [generate] announcer | MASCULINE | strength=10.00 | seed=0
[2026-03-31 02:43:50] [generate] announcer | FEMININE | strength=10.00 | seed=0
[2026-03-31 02:44:24]   Saved heatmap to outputs/robust_independent_injection/bias_heatmaps/announcer_masculine_s10_seed0.png
[2026-03-31 02:44:25]   Saved heatmap to outputs/robust_independent_injection/bias_heatmaps/announcer_feminine_s10_seed0.png
[2026-03-31 02:44:26]   Saved comparison heatmap to outputs/robust_independent_injection/bias_heatmaps/announcer_comparison_s10_seed0.png
[2026-03-31 02:44:26]   [BIAS SHIFT] Baseline: 0.0650 -> Masculine: 0.0802, Feminine: 0.0393
[2026-03-31 02:44:26] [generate] announcer | MASCULINE | strength=30.00 | seed=0
[2026-03-31 02:44:26] [generate] announcer | FEMININE | strength=30.00 | seed=0
[2026-03-31 02:45:00]   Saved heatmap to outputs/robust_independent_injection/bias_heatmaps/announcer_masculine_s30_seed0.png
[2026-03-31 02:45:01]   Saved heatmap to outputs/robust_independent_injection/bias_heatmaps/announcer_feminine_s30_seed0.png
[2026-03-31 02:45:02]   Saved comparison heatmap to outputs/robust_independent_injection/bias_heatmaps/announcer_comparison_s30_seed0.png
[2026-03-31 02:45:02]   [BIAS SHIFT] Baseline: 0.0650 -> Masculine: 0.0715, Feminine: -0.0142
[2026-03-31 02:45:02] [generate] announcer | MASCULINE | strength=50.00 | seed=0
[2026-03-31 02:45:02] [generate] announcer | FEMININE | strength=50.00 | seed=0
[2026-03-31 02:45:36]   Saved heatmap to outputs/robust_independent_injection/bias_heatmaps/announcer_masculine_s50_seed0.png
[2026-03-31 02:45:37]   Saved heatmap to outputs/robust_independent_injection/bias_heatmaps/announcer_feminine_s50_seed0.png
[2026-03-31 02:45:37]   Saved comparison heatmap to outputs/robust_independent_injection/bias_heatmaps/announcer_comparison_s50_seed0.png
[2026-03-31 02:45:37]   [BIAS SHIFT] Baseline: 0.0650 -> Masculine: 0.0599, Feminine: -0.1206
[2026-03-31 02:45:37] [generate] Baseline for announcer (seed=1)
[2026-03-31 02:45:55]   Saved heatmap to outputs/robust_independent_injection/bias_heatmaps/announcer_baseline_seed1.png
[2026-03-31 02:45:55] [generate] announcer | MASCULINE | strength=10.00 | seed=1
[2026-03-31 02:45:55] [generate] announcer | FEMININE | strength=10.00 | seed=1
[2026-03-31 02:46:29]   Saved heatmap to outputs/robust_independent_injection/bias_heatmaps/announcer_masculine_s10_seed1.png
[2026-03-31 02:46:29]   Saved heatmap to outputs/robust_independent_injection/bias_heatmaps/announcer_feminine_s10_seed1.png
[2026-03-31 02:46:30]   Saved comparison heatmap to outputs/robust_independent_injection/bias_heatmaps/announcer_comparison_s10_seed1.png
[2026-03-31 02:46:30]   [BIAS SHIFT] Baseline: 0.0847 -> Masculine: 0.0660, Feminine: 0.0216
[2026-03-31 02:46:30] [generate] announcer | MASCULINE | strength=30.00 | seed=1
[2026-03-31 02:46:30] [generate] announcer | FEMININE | strength=30.00 | seed=1
[2026-03-31 02:47:05]   Saved heatmap to outputs/robust_independent_injection/bias_heatmaps/announcer_masculine_s30_seed1.png
[2026-03-31 02:47:05]   Saved heatmap to outputs/robust_independent_injection/bias_heatmaps/announcer_feminine_s30_seed1.png
[2026-03-31 02:47:06]   Saved comparison heatmap to outputs/robust_independent_injection/bias_heatmaps/announcer_comparison_s30_seed1.png
[2026-03-31 02:47:06]   [BIAS SHIFT] Baseline: 0.0847 -> Masculine: 0.0132, Feminine: -0.1360
[2026-03-31 02:47:06] [generate] announcer | MASCULINE | strength=50.00 | seed=1
[2026-03-31 02:47:06] [generate] announcer | FEMININE | strength=50.00 | seed=1
[2026-03-31 02:47:40]   Saved heatmap to outputs/robust_independent_injection/bias_heatmaps/announcer_masculine_s50_seed1.png
[2026-03-31 02:47:41]   Saved heatmap to outputs/robust_independent_injection/bias_heatmaps/announcer_feminine_s50_seed1.png
[2026-03-31 02:47:42]   Saved comparison heatmap to outputs/robust_independent_injection/bias_heatmaps/announcer_comparison_s50_seed1.png
[2026-03-31 02:47:42]   [BIAS SHIFT] Baseline: 0.0847 -> Masculine: 0.0056, Feminine: -0.1316
[2026-03-31 02:47:42] [generate] Baseline for announcer (seed=2)
[2026-03-31 02:47:59]   Saved heatmap to outputs/robust_independent_injection/bias_heatmaps/announcer_baseline_seed2.png
[2026-03-31 02:47:59] [generate] announcer | MASCULINE | strength=10.00 | seed=2
[2026-03-31 02:47:59] [generate] announcer | FEMININE | strength=10.00 | seed=2
[2026-03-31 02:48:33]   Saved heatmap to outputs/robust_independent_injection/bias_heatmaps/announcer_masculine_s10_seed2.png
[2026-03-31 02:48:34]   Saved heatmap to outputs/robust_independent_injection/bias_heatmaps/announcer_feminine_s10_seed2.png
[2026-03-31 02:48:34]   Saved comparison heatmap to outputs/robust_independent_injection/bias_heatmaps/announcer_comparison_s10_seed2.png
[2026-03-31 02:48:34]   [BIAS SHIFT] Baseline: 0.1143 -> Masculine: 0.1199, Feminine: 0.0772
[2026-03-31 02:48:34] [generate] announcer | MASCULINE | strength=30.00 | seed=2
[2026-03-31 02:48:34] [generate] announcer | FEMININE | strength=30.00 | seed=2
[2026-03-31 02:49:09]   Saved heatmap to outputs/robust_independent_injection/bias_heatmaps/announcer_masculine_s30_seed2.png
[2026-03-31 02:49:09]   Saved heatmap to outputs/robust_independent_injection/bias_heatmaps/announcer_feminine_s30_seed2.png
[2026-03-31 02:49:10]   Saved comparison heatmap to outputs/robust_independent_injection/bias_heatmaps/announcer_comparison_s30_seed2.png
[2026-03-31 02:49:10]   [BIAS SHIFT] Baseline: 0.1143 -> Masculine: 0.1258, Feminine: -0.0693
[2026-03-31 02:49:10] [generate] announcer | MASCULINE | strength=50.00 | seed=2
[2026-03-31 02:49:10] [generate] announcer | FEMININE | strength=50.00 | seed=2
[2026-03-31 02:49:44]   Saved heatmap to outputs/robust_independent_injection/bias_heatmaps/announcer_masculine_s50_seed2.png
[2026-03-31 02:49:45]   Saved heatmap to outputs/robust_independent_injection/bias_heatmaps/announcer_feminine_s50_seed2.png
[2026-03-31 02:49:46]   Saved comparison heatmap to outputs/robust_independent_injection/bias_heatmaps/announcer_comparison_s50_seed2.png
[2026-03-31 02:49:46]   [BIAS SHIFT] Baseline: 0.1143 -> Masculine: 0.1185, Feminine: -0.1230
[2026-03-31 02:49:46] [generate] Baseline for announcer (seed=3)
[2026-03-31 02:50:03]   Saved heatmap to outputs/robust_independent_injection/bias_heatmaps/announcer_baseline_seed3.png
[2026-03-31 02:50:03] [generate] announcer | MASCULINE | strength=10.00 | seed=3
[2026-03-31 02:50:03] [generate] announcer | FEMININE | strength=10.00 | seed=3
[2026-03-31 02:50:37]   Saved heatmap to outputs/robust_independent_injection/bias_heatmaps/announcer_masculine_s10_seed3.png
[2026-03-31 02:50:38]   Saved heatmap to outputs/robust_independent_injection/bias_heatmaps/announcer_feminine_s10_seed3.png
[2026-03-31 02:50:39]   Saved comparison heatmap to outputs/robust_independent_injection/bias_heatmaps/announcer_comparison_s10_seed3.png
[2026-03-31 02:50:39]   [BIAS SHIFT] Baseline: 0.1028 -> Masculine: 0.0956, Feminine: 0.0570
[2026-03-31 02:50:39] [generate] announcer | MASCULINE | strength=30.00 | seed=3
[2026-03-31 02:50:39] [generate] announcer | FEMININE | strength=30.00 | seed=3
[2026-03-31 02:51:13]   Saved heatmap to outputs/robust_independent_injection/bias_heatmaps/announcer_masculine_s30_seed3.png
[2026-03-31 02:51:14]   Saved heatmap to outputs/robust_independent_injection/bias_heatmaps/announcer_feminine_s30_seed3.png
[2026-03-31 02:51:15]   Saved comparison heatmap to outputs/robust_independent_injection/bias_heatmaps/announcer_comparison_s30_seed3.png
[2026-03-31 02:51:15]   [BIAS SHIFT] Baseline: 0.1028 -> Masculine: 0.1014, Feminine: -0.0718
[2026-03-31 02:51:15] [generate] announcer | MASCULINE | strength=50.00 | seed=3
[2026-03-31 02:51:15] [generate] announcer | FEMININE | strength=50.00 | seed=3
[2026-03-31 02:51:49]   Saved heatmap to outputs/robust_independent_injection/bias_heatmaps/announcer_masculine_s50_seed3.png
[2026-03-31 02:51:49]   Saved heatmap to outputs/robust_independent_injection/bias_heatmaps/announcer_feminine_s50_seed3.png
[2026-03-31 02:51:50]   Saved comparison heatmap to outputs/robust_independent_injection/bias_heatmaps/announcer_comparison_s50_seed3.png
[2026-03-31 02:51:50]   [BIAS SHIFT] Baseline: 0.1028 -> Masculine: 0.0878, Feminine: -0.1389
[2026-03-31 02:51:50] [generate] Baseline for announcer (seed=4)
[2026-03-31 02:52:08]   Saved heatmap to outputs/robust_independent_injection/bias_heatmaps/announcer_baseline_seed4.png
[2026-03-31 02:52:08] [generate] announcer | MASCULINE | strength=10.00 | seed=4
[2026-03-31 02:52:08] [generate] announcer | FEMININE | strength=10.00 | seed=4
[2026-03-31 02:52:42]   Saved heatmap to outputs/robust_independent_injection/bias_heatmaps/announcer_masculine_s10_seed4.png
[2026-03-31 02:52:43]   Saved heatmap to outputs/robust_independent_injection/bias_heatmaps/announcer_feminine_s10_seed4.png
[2026-03-31 02:52:43]   Saved comparison heatmap to outputs/robust_independent_injection/bias_heatmaps/announcer_comparison_s10_seed4.png
[2026-03-31 02:52:43]   [BIAS SHIFT] Baseline: 0.0138 -> Masculine: 0.0226, Feminine: -0.0366
[2026-03-31 02:52:43] [generate] announcer | MASCULINE | strength=30.00 | seed=4
[2026-03-31 02:52:43] [generate] announcer | FEMININE | strength=30.00 | seed=4
[2026-03-31 02:53:18]   Saved heatmap to outputs/robust_independent_injection/bias_heatmaps/announcer_masculine_s30_seed4.png
[2026-03-31 02:53:18]   Saved heatmap to outputs/robust_independent_injection/bias_heatmaps/announcer_feminine_s30_seed4.png
[2026-03-31 02:53:19]   Saved comparison heatmap to outputs/robust_independent_injection/bias_heatmaps/announcer_comparison_s30_seed4.png
[2026-03-31 02:53:19]   [BIAS SHIFT] Baseline: 0.0138 -> Masculine: 0.0303, Feminine: -0.0963
[2026-03-31 02:53:19] [generate] announcer | MASCULINE | strength=50.00 | seed=4
[2026-03-31 02:53:19] [generate] announcer | FEMININE | strength=50.00 | seed=4
[2026-03-31 02:53:53]   Saved heatmap to outputs/robust_independent_injection/bias_heatmaps/announcer_masculine_s50_seed4.png
[2026-03-31 02:53:54]   Saved heatmap to outputs/robust_independent_injection/bias_heatmaps/announcer_feminine_s50_seed4.png
[2026-03-31 02:53:55]   Saved comparison heatmap to outputs/robust_independent_injection/bias_heatmaps/announcer_comparison_s50_seed4.png
[2026-03-31 02:53:55]   [BIAS SHIFT] Baseline: 0.0138 -> Masculine: 0.0285, Feminine: -0.1113
[2026-03-31 02:53:55] 
[capture] Profession: chemist
[2026-03-31 02:53:55]   neutral: A professional studio portrait of a chemist, isolated on a plain white background, centered composition, sharp focus on the subject, high detail, photorealistic lighting, unambiguous profession markers in clothing or tools.
[2026-03-31 02:53:55]   male:    A professional studio portrait of a male chemist, isolated on a plain white background, centered composition, sharp focus on the subject, high detail, photorealistic lighting, unambiguous profession markers in clothing or tools.
[2026-03-31 02:53:55]   female:  A professional studio portrait of a female chemist, isolated on a plain white background, centered composition, sharp focus on the subject, high detail, photorealistic lighting, unambiguous profession markers in clothing or tools.
[2026-03-31 02:57:57] [multi-layer] Capturing activations from layers: ['mid_block', 'up_0', 'up_1', 'up_2']
[2026-03-31 03:02:02]   Saved heatmap to outputs/robust_independent_injection/bias_heatmaps/chemist.png
[2026-03-31 03:02:02]   [MULTI-LAYER BIAS SUMMARY] Avg: 0.0573
[2026-03-31 03:02:02]   Max Bias: 0.1245 at up_0 step 12
[2026-03-31 03:02:02] [generate] Baseline for chemist (seed=0)
[2026-03-31 03:02:20]   Saved heatmap to outputs/robust_independent_injection/bias_heatmaps/chemist_baseline_seed0.png
[2026-03-31 03:02:20] [generate] chemist | MASCULINE | strength=10.00 | seed=0
[2026-03-31 03:02:20] [generate] chemist | FEMININE | strength=10.00 | seed=0
[2026-03-31 03:02:54]   Saved heatmap to outputs/robust_independent_injection/bias_heatmaps/chemist_masculine_s10_seed0.png
[2026-03-31 03:02:55]   Saved heatmap to outputs/robust_independent_injection/bias_heatmaps/chemist_feminine_s10_seed0.png
[2026-03-31 03:02:56]   Saved comparison heatmap to outputs/robust_independent_injection/bias_heatmaps/chemist_comparison_s10_seed0.png
[2026-03-31 03:02:56]   [BIAS SHIFT] Baseline: 0.0777 -> Masculine: 0.0690, Feminine: 0.0098
[2026-03-31 03:02:56] [generate] chemist | MASCULINE | strength=30.00 | seed=0
[2026-03-31 03:02:56] [generate] chemist | FEMININE | strength=30.00 | seed=0
[2026-03-31 03:03:30]   Saved heatmap to outputs/robust_independent_injection/bias_heatmaps/chemist_masculine_s30_seed0.png
[2026-03-31 03:03:31]   Saved heatmap to outputs/robust_independent_injection/bias_heatmaps/chemist_feminine_s30_seed0.png
[2026-03-31 03:03:32]   Saved comparison heatmap to outputs/robust_independent_injection/bias_heatmaps/chemist_comparison_s30_seed0.png
[2026-03-31 03:03:32]   [BIAS SHIFT] Baseline: 0.0777 -> Masculine: 0.0842, Feminine: -0.0630
[2026-03-31 03:03:32] [generate] chemist | MASCULINE | strength=50.00 | seed=0
[2026-03-31 03:03:32] [generate] chemist | FEMININE | strength=50.00 | seed=0
[2026-03-31 03:04:06]   Saved heatmap to outputs/robust_independent_injection/bias_heatmaps/chemist_masculine_s50_seed0.png
[2026-03-31 03:04:06]   Saved heatmap to outputs/robust_independent_injection/bias_heatmaps/chemist_feminine_s50_seed0.png
[2026-03-31 03:04:07]   Saved comparison heatmap to outputs/robust_independent_injection/bias_heatmaps/chemist_comparison_s50_seed0.png
[2026-03-31 03:04:07]   [BIAS SHIFT] Baseline: 0.0777 -> Masculine: 0.0849, Feminine: -0.1330
[2026-03-31 03:04:07] [generate] Baseline for chemist (seed=1)
[2026-03-31 03:04:25]   Saved heatmap to outputs/robust_independent_injection/bias_heatmaps/chemist_baseline_seed1.png
[2026-03-31 03:04:25] [generate] chemist | MASCULINE | strength=10.00 | seed=1
[2026-03-31 03:04:25] [generate] chemist | FEMININE | strength=10.00 | seed=1
[2026-03-31 03:04:59]   Saved heatmap to outputs/robust_independent_injection/bias_heatmaps/chemist_masculine_s10_seed1.png
[2026-03-31 03:05:00]   Saved heatmap to outputs/robust_independent_injection/bias_heatmaps/chemist_feminine_s10_seed1.png
[2026-03-31 03:05:00]   Saved comparison heatmap to outputs/robust_independent_injection/bias_heatmaps/chemist_comparison_s10_seed1.png
[2026-03-31 03:05:00]   [BIAS SHIFT] Baseline: 0.0626 -> Masculine: 0.0748, Feminine: 0.0269
[2026-03-31 03:05:00] [generate] chemist | MASCULINE | strength=30.00 | seed=1
[2026-03-31 03:05:00] [generate] chemist | FEMININE | strength=30.00 | seed=1
[2026-03-31 03:05:35]   Saved heatmap to outputs/robust_independent_injection/bias_heatmaps/chemist_masculine_s30_seed1.png
[2026-03-31 03:05:35]   Saved heatmap to outputs/robust_independent_injection/bias_heatmaps/chemist_feminine_s30_seed1.png
[2026-03-31 03:05:36]   Saved comparison heatmap to outputs/robust_independent_injection/bias_heatmaps/chemist_comparison_s30_seed1.png
[2026-03-31 03:05:36]   [BIAS SHIFT] Baseline: 0.0626 -> Masculine: 0.0923, Feminine: -0.0603
[2026-03-31 03:05:36] [generate] chemist | MASCULINE | strength=50.00 | seed=1
[2026-03-31 03:05:36] [generate] chemist | FEMININE | strength=50.00 | seed=1
[2026-03-31 03:06:10]   Saved heatmap to outputs/robust_independent_injection/bias_heatmaps/chemist_masculine_s50_seed1.png
[2026-03-31 03:06:11]   Saved heatmap to outputs/robust_independent_injection/bias_heatmaps/chemist_feminine_s50_seed1.png
[2026-03-31 03:06:12]   Saved comparison heatmap to outputs/robust_independent_injection/bias_heatmaps/chemist_comparison_s50_seed1.png
[2026-03-31 03:06:12]   [BIAS SHIFT] Baseline: 0.0626 -> Masculine: 0.0979, Feminine: -0.1543
[2026-03-31 03:06:12] [generate] Baseline for chemist (seed=2)
[2026-03-31 03:06:29]   Saved heatmap to outputs/robust_independent_injection/bias_heatmaps/chemist_baseline_seed2.png
[2026-03-31 03:06:29] [generate] chemist | MASCULINE | strength=10.00 | seed=2
[2026-03-31 03:06:29] [generate] chemist | FEMININE | strength=10.00 | seed=2
[2026-03-31 03:07:04]   Saved heatmap to outputs/robust_independent_injection/bias_heatmaps/chemist_masculine_s10_seed2.png
[2026-03-31 03:07:04]   Saved heatmap to outputs/robust_independent_injection/bias_heatmaps/chemist_feminine_s10_seed2.png
[2026-03-31 03:07:05]   Saved comparison heatmap to outputs/robust_independent_injection/bias_heatmaps/chemist_comparison_s10_seed2.png
[2026-03-31 03:07:05]   [BIAS SHIFT] Baseline: 0.0111 -> Masculine: 0.0574, Feminine: -0.0993
[2026-03-31 03:07:05] [generate] chemist | MASCULINE | strength=30.00 | seed=2
[2026-03-31 03:07:05] [generate] chemist | FEMININE | strength=30.00 | seed=2
[2026-03-31 03:07:40]   Saved heatmap to outputs/robust_independent_injection/bias_heatmaps/chemist_masculine_s30_seed2.png
[2026-03-31 03:07:40]   Saved heatmap to outputs/robust_independent_injection/bias_heatmaps/chemist_feminine_s30_seed2.png
[2026-03-31 03:07:41]   Saved comparison heatmap to outputs/robust_independent_injection/bias_heatmaps/chemist_comparison_s30_seed2.png
[2026-03-31 03:07:41]   [BIAS SHIFT] Baseline: 0.0111 -> Masculine: 0.0751, Feminine: -0.1584
[2026-03-31 03:07:41] [generate] chemist | MASCULINE | strength=50.00 | seed=2
[2026-03-31 03:07:41] [generate] chemist | FEMININE | strength=50.00 | seed=2
[2026-03-31 03:08:15]   Saved heatmap to outputs/robust_independent_injection/bias_heatmaps/chemist_masculine_s50_seed2.png
[2026-03-31 03:08:16]   Saved heatmap to outputs/robust_independent_injection/bias_heatmaps/chemist_feminine_s50_seed2.png
[2026-03-31 03:08:16]   Saved comparison heatmap to outputs/robust_independent_injection/bias_heatmaps/chemist_comparison_s50_seed2.png
[2026-03-31 03:08:16]   [BIAS SHIFT] Baseline: 0.0111 -> Masculine: 0.0923, Feminine: -0.1776
[2026-03-31 03:08:16] [generate] Baseline for chemist (seed=3)
[2026-03-31 03:08:34]   Saved heatmap to outputs/robust_independent_injection/bias_heatmaps/chemist_baseline_seed3.png
[2026-03-31 03:08:34] [generate] chemist | MASCULINE | strength=10.00 | seed=3
[2026-03-31 03:08:34] [generate] chemist | FEMININE | strength=10.00 | seed=3
[2026-03-31 03:09:08]   Saved heatmap to outputs/robust_independent_injection/bias_heatmaps/chemist_masculine_s10_seed3.png
[2026-03-31 03:09:09]   Saved heatmap to outputs/robust_independent_injection/bias_heatmaps/chemist_feminine_s10_seed3.png
[2026-03-31 03:09:10]   Saved comparison heatmap to outputs/robust_independent_injection/bias_heatmaps/chemist_comparison_s10_seed3.png
[2026-03-31 03:09:10]   [BIAS SHIFT] Baseline: 0.0433 -> Masculine: 0.0546, Feminine: 0.0061
[2026-03-31 03:09:10] [generate] chemist | MASCULINE | strength=30.00 | seed=3
[2026-03-31 03:09:10] [generate] chemist | FEMININE | strength=30.00 | seed=3
[2026-03-31 03:09:44]   Saved heatmap to outputs/robust_independent_injection/bias_heatmaps/chemist_masculine_s30_seed3.png
[2026-03-31 03:09:45]   Saved heatmap to outputs/robust_independent_injection/bias_heatmaps/chemist_feminine_s30_seed3.png
[2026-03-31 03:09:46]   Saved comparison heatmap to outputs/robust_independent_injection/bias_heatmaps/chemist_comparison_s30_seed3.png
[2026-03-31 03:09:46]   [BIAS SHIFT] Baseline: 0.0433 -> Masculine: 0.0731, Feminine: -0.0557
[2026-03-31 03:09:46] [generate] chemist | MASCULINE | strength=50.00 | seed=3
[2026-03-31 03:09:46] [generate] chemist | FEMININE | strength=50.00 | seed=3
[2026-03-31 03:10:20]   Saved heatmap to outputs/robust_independent_injection/bias_heatmaps/chemist_masculine_s50_seed3.png
[2026-03-31 03:10:20]   Saved heatmap to outputs/robust_independent_injection/bias_heatmaps/chemist_feminine_s50_seed3.png
[2026-03-31 03:10:21]   Saved comparison heatmap to outputs/robust_independent_injection/bias_heatmaps/chemist_comparison_s50_seed3.png
[2026-03-31 03:10:21]   [BIAS SHIFT] Baseline: 0.0433 -> Masculine: 0.0620, Feminine: -0.1062
[2026-03-31 03:10:21] [generate] Baseline for chemist (seed=4)
[2026-03-31 03:10:39]   Saved heatmap to outputs/robust_independent_injection/bias_heatmaps/chemist_baseline_seed4.png
[2026-03-31 03:10:39] [generate] chemist | MASCULINE | strength=10.00 | seed=4
[2026-03-31 03:10:39] [generate] chemist | FEMININE | strength=10.00 | seed=4
[2026-03-31 03:11:13]   Saved heatmap to outputs/robust_independent_injection/bias_heatmaps/chemist_masculine_s10_seed4.png
[2026-03-31 03:11:13]   Saved heatmap to outputs/robust_independent_injection/bias_heatmaps/chemist_feminine_s10_seed4.png
[2026-03-31 03:11:14]   Saved comparison heatmap to outputs/robust_independent_injection/bias_heatmaps/chemist_comparison_s10_seed4.png
[2026-03-31 03:11:14]   [BIAS SHIFT] Baseline: 0.0724 -> Masculine: 0.0773, Feminine: 0.0329
[2026-03-31 03:11:14] [generate] chemist | MASCULINE | strength=30.00 | seed=4
[2026-03-31 03:11:14] [generate] chemist | FEMININE | strength=30.00 | seed=4
[2026-03-31 03:11:49]   Saved heatmap to outputs/robust_independent_injection/bias_heatmaps/chemist_masculine_s30_seed4.png
[2026-03-31 03:11:49]   Saved heatmap to outputs/robust_independent_injection/bias_heatmaps/chemist_feminine_s30_seed4.png
[2026-03-31 03:11:50]   Saved comparison heatmap to outputs/robust_independent_injection/bias_heatmaps/chemist_comparison_s30_seed4.png
[2026-03-31 03:11:50]   [BIAS SHIFT] Baseline: 0.0724 -> Masculine: 0.0898, Feminine: -0.0352
[2026-03-31 03:11:50] [generate] chemist | MASCULINE | strength=50.00 | seed=4
[2026-03-31 03:11:50] [generate] chemist | FEMININE | strength=50.00 | seed=4
[2026-03-31 03:12:24]   Saved heatmap to outputs/robust_independent_injection/bias_heatmaps/chemist_masculine_s50_seed4.png
[2026-03-31 03:12:25]   Saved heatmap to outputs/robust_independent_injection/bias_heatmaps/chemist_feminine_s50_seed4.png
[2026-03-31 03:12:26]   Saved comparison heatmap to outputs/robust_independent_injection/bias_heatmaps/chemist_comparison_s50_seed4.png
[2026-03-31 03:12:26]   [BIAS SHIFT] Baseline: 0.0724 -> Masculine: 0.1011, Feminine: -0.0644
[2026-03-31 03:12:26] 
[capture] Profession: butcher
[2026-03-31 03:12:26]   neutral: A professional studio portrait of a butcher, isolated on a plain white background, centered composition, sharp focus on the subject, high detail, photorealistic lighting, unambiguous profession markers in clothing or tools.
[2026-03-31 03:12:26]   male:    A professional studio portrait of a male butcher, isolated on a plain white background, centered composition, sharp focus on the subject, high detail, photorealistic lighting, unambiguous profession markers in clothing or tools.
[2026-03-31 03:12:26]   female:  A professional studio portrait of a female butcher, isolated on a plain white background, centered composition, sharp focus on the subject, high detail, photorealistic lighting, unambiguous profession markers in clothing or tools.
[2026-03-31 03:16:28] [multi-layer] Capturing activations from layers: ['mid_block', 'up_0', 'up_1', 'up_2']
[2026-03-31 03:20:32]   Saved heatmap to outputs/robust_independent_injection/bias_heatmaps/butcher.png
[2026-03-31 03:20:32]   [MULTI-LAYER BIAS SUMMARY] Avg: 0.0548
[2026-03-31 03:20:32]   Max Bias: 0.0992 at up_0 step 12
[2026-03-31 03:20:32] [generate] Baseline for butcher (seed=0)
[2026-03-31 03:20:50]   Saved heatmap to outputs/robust_independent_injection/bias_heatmaps/butcher_baseline_seed0.png
[2026-03-31 03:20:50] [generate] butcher | MASCULINE | strength=10.00 | seed=0
[2026-03-31 03:20:50] [generate] butcher | FEMININE | strength=10.00 | seed=0
[2026-03-31 03:21:24]   Saved heatmap to outputs/robust_independent_injection/bias_heatmaps/butcher_masculine_s10_seed0.png
[2026-03-31 03:21:25]   Saved heatmap to outputs/robust_independent_injection/bias_heatmaps/butcher_feminine_s10_seed0.png
[2026-03-31 03:21:26]   Saved comparison heatmap to outputs/robust_independent_injection/bias_heatmaps/butcher_comparison_s10_seed0.png
[2026-03-31 03:21:26]   [BIAS SHIFT] Baseline: 0.0468 -> Masculine: 0.0559, Feminine: 0.0137
[2026-03-31 03:21:26] [generate] butcher | MASCULINE | strength=30.00 | seed=0
[2026-03-31 03:21:26] [generate] butcher | FEMININE | strength=30.00 | seed=0
[2026-03-31 03:22:00]   Saved heatmap to outputs/robust_independent_injection/bias_heatmaps/butcher_masculine_s30_seed0.png
[2026-03-31 03:22:01]   Saved heatmap to outputs/robust_independent_injection/bias_heatmaps/butcher_feminine_s30_seed0.png
[2026-03-31 03:22:01]   Saved comparison heatmap to outputs/robust_independent_injection/bias_heatmaps/butcher_comparison_s30_seed0.png
[2026-03-31 03:22:01]   [BIAS SHIFT] Baseline: 0.0468 -> Masculine: 0.0696, Feminine: -0.0417
[2026-03-31 03:22:01] [generate] butcher | MASCULINE | strength=50.00 | seed=0
[2026-03-31 03:22:01] [generate] butcher | FEMININE | strength=50.00 | seed=0
[2026-03-31 03:22:36]   Saved heatmap to outputs/robust_independent_injection/bias_heatmaps/butcher_masculine_s50_seed0.png
[2026-03-31 03:22:36]   Saved heatmap to outputs/robust_independent_injection/bias_heatmaps/butcher_feminine_s50_seed0.png
[2026-03-31 03:22:37]   Saved comparison heatmap to outputs/robust_independent_injection/bias_heatmaps/butcher_comparison_s50_seed0.png
[2026-03-31 03:22:37]   [BIAS SHIFT] Baseline: 0.0468 -> Masculine: 0.0544, Feminine: -0.0650
[2026-03-31 03:22:37] [generate] Baseline for butcher (seed=1)
[2026-03-31 03:22:54]   Saved heatmap to outputs/robust_independent_injection/bias_heatmaps/butcher_baseline_seed1.png
[2026-03-31 03:22:54] [generate] butcher | MASCULINE | strength=10.00 | seed=1
[2026-03-31 03:22:54] [generate] butcher | FEMININE | strength=10.00 | seed=1
[2026-03-31 03:23:29]   Saved heatmap to outputs/robust_independent_injection/bias_heatmaps/butcher_masculine_s10_seed1.png
[2026-03-31 03:23:29]   Saved heatmap to outputs/robust_independent_injection/bias_heatmaps/butcher_feminine_s10_seed1.png
[2026-03-31 03:23:30]   Saved comparison heatmap to outputs/robust_independent_injection/bias_heatmaps/butcher_comparison_s10_seed1.png
[2026-03-31 03:23:30]   [BIAS SHIFT] Baseline: 0.0918 -> Masculine: 0.0895, Feminine: 0.0354
[2026-03-31 03:23:30] [generate] butcher | MASCULINE | strength=30.00 | seed=1
[2026-03-31 03:23:30] [generate] butcher | FEMININE | strength=30.00 | seed=1
[2026-03-31 03:24:04]   Saved heatmap to outputs/robust_independent_injection/bias_heatmaps/butcher_masculine_s30_seed1.png
[2026-03-31 03:24:05]   Saved heatmap to outputs/robust_independent_injection/bias_heatmaps/butcher_feminine_s30_seed1.png
[2026-03-31 03:24:05]   Saved comparison heatmap to outputs/robust_independent_injection/bias_heatmaps/butcher_comparison_s30_seed1.png
[2026-03-31 03:24:05]   [BIAS SHIFT] Baseline: 0.0918 -> Masculine: 0.0961, Feminine: -0.0244
[2026-03-31 03:24:05] [generate] butcher | MASCULINE | strength=50.00 | seed=1
[2026-03-31 03:24:05] [generate] butcher | FEMININE | strength=50.00 | seed=1
[2026-03-31 03:24:40]   Saved heatmap to outputs/robust_independent_injection/bias_heatmaps/butcher_masculine_s50_seed1.png
[2026-03-31 03:24:40]   Saved heatmap to outputs/robust_independent_injection/bias_heatmaps/butcher_feminine_s50_seed1.png
[2026-03-31 03:24:41]   Saved comparison heatmap to outputs/robust_independent_injection/bias_heatmaps/butcher_comparison_s50_seed1.png
[2026-03-31 03:24:41]   [BIAS SHIFT] Baseline: 0.0918 -> Masculine: 0.0911, Feminine: -0.0549
[2026-03-31 03:24:41] [generate] Baseline for butcher (seed=2)
[2026-03-31 03:24:58]   Saved heatmap to outputs/robust_independent_injection/bias_heatmaps/butcher_baseline_seed2.png
[2026-03-31 03:24:58] [generate] butcher | MASCULINE | strength=10.00 | seed=2
[2026-03-31 03:24:58] [generate] butcher | FEMININE | strength=10.00 | seed=2
[2026-03-31 03:25:33]   Saved heatmap to outputs/robust_independent_injection/bias_heatmaps/butcher_masculine_s10_seed2.png
[2026-03-31 03:25:34]   Saved heatmap to outputs/robust_independent_injection/bias_heatmaps/butcher_feminine_s10_seed2.png
[2026-03-31 03:25:34]   Saved comparison heatmap to outputs/robust_independent_injection/bias_heatmaps/butcher_comparison_s10_seed2.png
[2026-03-31 03:25:34]   [BIAS SHIFT] Baseline: 0.0521 -> Masculine: 0.0710, Feminine: 0.0120
[2026-03-31 03:25:34] [generate] butcher | MASCULINE | strength=30.00 | seed=2
[2026-03-31 03:25:34] [generate] butcher | FEMININE | strength=30.00 | seed=2
[2026-03-31 03:26:08]   Saved heatmap to outputs/robust_independent_injection/bias_heatmaps/butcher_masculine_s30_seed2.png
[2026-03-31 03:26:09]   Saved heatmap to outputs/robust_independent_injection/bias_heatmaps/butcher_feminine_s30_seed2.png
[2026-03-31 03:26:10]   Saved comparison heatmap to outputs/robust_independent_injection/bias_heatmaps/butcher_comparison_s30_seed2.png
[2026-03-31 03:26:10]   [BIAS SHIFT] Baseline: 0.0521 -> Masculine: 0.0826, Feminine: -0.0393
[2026-03-31 03:26:10] [generate] butcher | MASCULINE | strength=50.00 | seed=2
[2026-03-31 03:26:10] [generate] butcher | FEMININE | strength=50.00 | seed=2
[2026-03-31 03:26:44]   Saved heatmap to outputs/robust_independent_injection/bias_heatmaps/butcher_masculine_s50_seed2.png
[2026-03-31 03:26:45]   Saved heatmap to outputs/robust_independent_injection/bias_heatmaps/butcher_feminine_s50_seed2.png
[2026-03-31 03:26:46]   Saved comparison heatmap to outputs/robust_independent_injection/bias_heatmaps/butcher_comparison_s50_seed2.png
[2026-03-31 03:26:46]   [BIAS SHIFT] Baseline: 0.0521 -> Masculine: 0.0768, Feminine: -0.1086
[2026-03-31 03:26:46] [generate] Baseline for butcher (seed=3)
[2026-03-31 03:27:03]   Saved heatmap to outputs/robust_independent_injection/bias_heatmaps/butcher_baseline_seed3.png
[2026-03-31 03:27:03] [generate] butcher | MASCULINE | strength=10.00 | seed=3
[2026-03-31 03:27:03] [generate] butcher | FEMININE | strength=10.00 | seed=3
[2026-03-31 03:27:37]   Saved heatmap to outputs/robust_independent_injection/bias_heatmaps/butcher_masculine_s10_seed3.png
[2026-03-31 03:27:38]   Saved heatmap to outputs/robust_independent_injection/bias_heatmaps/butcher_feminine_s10_seed3.png
[2026-03-31 03:27:39]   Saved comparison heatmap to outputs/robust_independent_injection/bias_heatmaps/butcher_comparison_s10_seed3.png
[2026-03-31 03:27:39]   [BIAS SHIFT] Baseline: 0.0414 -> Masculine: 0.0453, Feminine: 0.0042
[2026-03-31 03:27:39] [generate] butcher | MASCULINE | strength=30.00 | seed=3
[2026-03-31 03:27:39] [generate] butcher | FEMININE | strength=30.00 | seed=3
[2026-03-31 03:28:13]   Saved heatmap to outputs/robust_independent_injection/bias_heatmaps/butcher_masculine_s30_seed3.png
[2026-03-31 03:28:14]   Saved heatmap to outputs/robust_independent_injection/bias_heatmaps/butcher_feminine_s30_seed3.png
[2026-03-31 03:28:14]   Saved comparison heatmap to outputs/robust_independent_injection/bias_heatmaps/butcher_comparison_s30_seed3.png
[2026-03-31 03:28:14]   [BIAS SHIFT] Baseline: 0.0414 -> Masculine: 0.0509, Feminine: -0.0612
[2026-03-31 03:28:14] [generate] butcher | MASCULINE | strength=50.00 | seed=3
[2026-03-31 03:28:14] [generate] butcher | FEMININE | strength=50.00 | seed=3
[2026-03-31 03:28:49]   Saved heatmap to outputs/robust_independent_injection/bias_heatmaps/butcher_masculine_s50_seed3.png
[2026-03-31 03:28:49]   Saved heatmap to outputs/robust_independent_injection/bias_heatmaps/butcher_feminine_s50_seed3.png
[2026-03-31 03:28:50]   Saved comparison heatmap to outputs/robust_independent_injection/bias_heatmaps/butcher_comparison_s50_seed3.png
[2026-03-31 03:28:50]   [BIAS SHIFT] Baseline: 0.0414 -> Masculine: 0.0573, Feminine: -0.0947
[2026-03-31 03:28:50] [generate] Baseline for butcher (seed=4)
[2026-03-31 03:29:07]   Saved heatmap to outputs/robust_independent_injection/bias_heatmaps/butcher_baseline_seed4.png
[2026-03-31 03:29:07] [generate] butcher | MASCULINE | strength=10.00 | seed=4
[2026-03-31 03:29:07] [generate] butcher | FEMININE | strength=10.00 | seed=4
[2026-03-31 03:29:42]   Saved heatmap to outputs/robust_independent_injection/bias_heatmaps/butcher_masculine_s10_seed4.png
[2026-03-31 03:29:42]   Saved heatmap to outputs/robust_independent_injection/bias_heatmaps/butcher_feminine_s10_seed4.png
[2026-03-31 03:29:43]   Saved comparison heatmap to outputs/robust_independent_injection/bias_heatmaps/butcher_comparison_s10_seed4.png
[2026-03-31 03:29:43]   [BIAS SHIFT] Baseline: 0.0220 -> Masculine: 0.0293, Feminine: -0.0177
[2026-03-31 03:29:43] [generate] butcher | MASCULINE | strength=30.00 | seed=4
[2026-03-31 03:29:43] [generate] butcher | FEMININE | strength=30.00 | seed=4
[2026-03-31 03:30:17]   Saved heatmap to outputs/robust_independent_injection/bias_heatmaps/butcher_masculine_s30_seed4.png
[2026-03-31 03:30:18]   Saved heatmap to outputs/robust_independent_injection/bias_heatmaps/butcher_feminine_s30_seed4.png
[2026-03-31 03:30:19]   Saved comparison heatmap to outputs/robust_independent_injection/bias_heatmaps/butcher_comparison_s30_seed4.png
[2026-03-31 03:30:19]   [BIAS SHIFT] Baseline: 0.0220 -> Masculine: 0.0413, Feminine: -0.0775
[2026-03-31 03:30:19] [generate] butcher | MASCULINE | strength=50.00 | seed=4
[2026-03-31 03:30:19] [generate] butcher | FEMININE | strength=50.00 | seed=4
[2026-03-31 03:30:53]   Saved heatmap to outputs/robust_independent_injection/bias_heatmaps/butcher_masculine_s50_seed4.png
[2026-03-31 03:30:54]   Saved heatmap to outputs/robust_independent_injection/bias_heatmaps/butcher_feminine_s50_seed4.png
[2026-03-31 03:30:54]   Saved comparison heatmap to outputs/robust_independent_injection/bias_heatmaps/butcher_comparison_s50_seed4.png
[2026-03-31 03:30:54]   [BIAS SHIFT] Baseline: 0.0220 -> Masculine: 0.0520, Feminine: -0.1036
[2026-03-31 03:30:55] 
[capture] Profession: building inspector
[2026-03-31 03:30:55]   neutral: A professional studio portrait of a building inspector, isolated on a plain white background, centered composition, sharp focus on the subject, high detail, photorealistic lighting, unambiguous profession markers in clothing or tools.
[2026-03-31 03:30:55]   male:    A professional studio portrait of a male building inspector, isolated on a plain white background, centered composition, sharp focus on the subject, high detail, photorealistic lighting, unambiguous profession markers in clothing or tools.
[2026-03-31 03:30:55]   female:  A professional studio portrait of a female building inspector, isolated on a plain white background, centered composition, sharp focus on the subject, high detail, photorealistic lighting, unambiguous profession markers in clothing or tools.
[2026-03-31 03:34:57] [multi-layer] Capturing activations from layers: ['mid_block', 'up_0', 'up_1', 'up_2']
[2026-03-31 03:39:01]   Saved heatmap to outputs/robust_independent_injection/bias_heatmaps/building_inspector.png
[2026-03-31 03:39:01]   [MULTI-LAYER BIAS SUMMARY] Avg: 0.0404
[2026-03-31 03:39:01]   Max Bias: 0.0957 at up_0 step 0
[2026-03-31 03:39:01] [generate] Baseline for building inspector (seed=0)
[2026-03-31 03:39:19]   Saved heatmap to outputs/robust_independent_injection/bias_heatmaps/building_inspector_baseline_seed0.png
[2026-03-31 03:39:19] [generate] building inspector | MASCULINE | strength=10.00 | seed=0
[2026-03-31 03:39:19] [generate] building inspector | FEMININE | strength=10.00 | seed=0
[2026-03-31 03:39:53]   Saved heatmap to outputs/robust_independent_injection/bias_heatmaps/building_inspector_masculine_s10_seed0.png
[2026-03-31 03:39:54]   Saved heatmap to outputs/robust_independent_injection/bias_heatmaps/building_inspector_feminine_s10_seed0.png
[2026-03-31 03:39:54]   Saved comparison heatmap to outputs/robust_independent_injection/bias_heatmaps/building_inspector_comparison_s10_seed0.png
[2026-03-31 03:39:54]   [BIAS SHIFT] Baseline: 0.0477 -> Masculine: 0.0598, Feminine: 0.0079
[2026-03-31 03:39:54] [generate] building inspector | MASCULINE | strength=30.00 | seed=0
[2026-03-31 03:39:54] [generate] building inspector | FEMININE | strength=30.00 | seed=0
[2026-03-31 03:40:28]   Saved heatmap to outputs/robust_independent_injection/bias_heatmaps/building_inspector_masculine_s30_seed0.png
[2026-03-31 03:40:29]   Saved heatmap to outputs/robust_independent_injection/bias_heatmaps/building_inspector_feminine_s30_seed0.png
[2026-03-31 03:40:30]   Saved comparison heatmap to outputs/robust_independent_injection/bias_heatmaps/building_inspector_comparison_s30_seed0.png
[2026-03-31 03:40:30]   [BIAS SHIFT] Baseline: 0.0477 -> Masculine: 0.0700, Feminine: -0.1034
[2026-03-31 03:40:30] [generate] building inspector | MASCULINE | strength=50.00 | seed=0
[2026-03-31 03:40:30] [generate] building inspector | FEMININE | strength=50.00 | seed=0
[2026-03-31 03:41:04]   Saved heatmap to outputs/robust_independent_injection/bias_heatmaps/building_inspector_masculine_s50_seed0.png
[2026-03-31 03:41:05]   Saved heatmap to outputs/robust_independent_injection/bias_heatmaps/building_inspector_feminine_s50_seed0.png
[2026-03-31 03:41:06]   Saved comparison heatmap to outputs/robust_independent_injection/bias_heatmaps/building_inspector_comparison_s50_seed0.png
[2026-03-31 03:41:06]   [BIAS SHIFT] Baseline: 0.0477 -> Masculine: 0.0599, Feminine: -0.0893
[2026-03-31 03:41:06] [generate] Baseline for building inspector (seed=1)
[2026-03-31 03:41:23]   Saved heatmap to outputs/robust_independent_injection/bias_heatmaps/building_inspector_baseline_seed1.png
[2026-03-31 03:41:23] [generate] building inspector | MASCULINE | strength=10.00 | seed=1
[2026-03-31 03:41:23] [generate] building inspector | FEMININE | strength=10.00 | seed=1
[2026-03-31 03:41:57]   Saved heatmap to outputs/robust_independent_injection/bias_heatmaps/building_inspector_masculine_s10_seed1.png
[2026-03-31 03:41:58]   Saved heatmap to outputs/robust_independent_injection/bias_heatmaps/building_inspector_feminine_s10_seed1.png
[2026-03-31 03:41:59]   Saved comparison heatmap to outputs/robust_independent_injection/bias_heatmaps/building_inspector_comparison_s10_seed1.png
[2026-03-31 03:41:59]   [BIAS SHIFT] Baseline: 0.0578 -> Masculine: 0.0631, Feminine: 0.0148
[2026-03-31 03:41:59] [generate] building inspector | MASCULINE | strength=30.00 | seed=1
[2026-03-31 03:41:59] [generate] building inspector | FEMININE | strength=30.00 | seed=1
[2026-03-31 03:42:33]   Saved heatmap to outputs/robust_independent_injection/bias_heatmaps/building_inspector_masculine_s30_seed1.png
[2026-03-31 03:42:34]   Saved heatmap to outputs/robust_independent_injection/bias_heatmaps/building_inspector_feminine_s30_seed1.png
[2026-03-31 03:42:34]   Saved comparison heatmap to outputs/robust_independent_injection/bias_heatmaps/building_inspector_comparison_s30_seed1.png
[2026-03-31 03:42:34]   [BIAS SHIFT] Baseline: 0.0578 -> Masculine: 0.0889, Feminine: -0.0397
[2026-03-31 03:42:34] [generate] building inspector | MASCULINE | strength=50.00 | seed=1
[2026-03-31 03:42:34] [generate] building inspector | FEMININE | strength=50.00 | seed=1
[2026-03-31 03:43:09]   Saved heatmap to outputs/robust_independent_injection/bias_heatmaps/building_inspector_masculine_s50_seed1.png
[2026-03-31 03:43:09]   Saved heatmap to outputs/robust_independent_injection/bias_heatmaps/building_inspector_feminine_s50_seed1.png
[2026-03-31 03:43:10]   Saved comparison heatmap to outputs/robust_independent_injection/bias_heatmaps/building_inspector_comparison_s50_seed1.png
[2026-03-31 03:43:10]   [BIAS SHIFT] Baseline: 0.0578 -> Masculine: 0.0968, Feminine: -0.0615
[2026-03-31 03:43:10] [generate] Baseline for building inspector (seed=2)
[2026-03-31 03:43:27]   Saved heatmap to outputs/robust_independent_injection/bias_heatmaps/building_inspector_baseline_seed2.png
[2026-03-31 03:43:27] [generate] building inspector | MASCULINE | strength=10.00 | seed=2
[2026-03-31 03:43:27] [generate] building inspector | FEMININE | strength=10.00 | seed=2
[2026-03-31 03:44:02]   Saved heatmap to outputs/robust_independent_injection/bias_heatmaps/building_inspector_masculine_s10_seed2.png
[2026-03-31 03:44:02]   Saved heatmap to outputs/robust_independent_injection/bias_heatmaps/building_inspector_feminine_s10_seed2.png
[2026-03-31 03:44:03]   Saved comparison heatmap to outputs/robust_independent_injection/bias_heatmaps/building_inspector_comparison_s10_seed2.png
[2026-03-31 03:44:03]   [BIAS SHIFT] Baseline: 0.0499 -> Masculine: 0.0611, Feminine: 0.0143
[2026-03-31 03:44:03] [generate] building inspector | MASCULINE | strength=30.00 | seed=2
[2026-03-31 03:44:03] [generate] building inspector | FEMININE | strength=30.00 | seed=2
[2026-03-31 03:44:37]   Saved heatmap to outputs/robust_independent_injection/bias_heatmaps/building_inspector_masculine_s30_seed2.png
[2026-03-31 03:44:38]   Saved heatmap to outputs/robust_independent_injection/bias_heatmaps/building_inspector_feminine_s30_seed2.png
[2026-03-31 03:44:39]   Saved comparison heatmap to outputs/robust_independent_injection/bias_heatmaps/building_inspector_comparison_s30_seed2.png
[2026-03-31 03:44:39]   [BIAS SHIFT] Baseline: 0.0499 -> Masculine: 0.0668, Feminine: -0.0535
[2026-03-31 03:44:39] [generate] building inspector | MASCULINE | strength=50.00 | seed=2
[2026-03-31 03:44:39] [generate] building inspector | FEMININE | strength=50.00 | seed=2
[2026-03-31 03:45:13]   Saved heatmap to outputs/robust_independent_injection/bias_heatmaps/building_inspector_masculine_s50_seed2.png
[2026-03-31 03:45:14]   Saved heatmap to outputs/robust_independent_injection/bias_heatmaps/building_inspector_feminine_s50_seed2.png
[2026-03-31 03:45:14]   Saved comparison heatmap to outputs/robust_independent_injection/bias_heatmaps/building_inspector_comparison_s50_seed2.png
[2026-03-31 03:45:14]   [BIAS SHIFT] Baseline: 0.0499 -> Masculine: 0.0723, Feminine: -0.1109
[2026-03-31 03:45:14] [generate] Baseline for building inspector (seed=3)
[2026-03-31 03:45:32]   Saved heatmap to outputs/robust_independent_injection/bias_heatmaps/building_inspector_baseline_seed3.png
[2026-03-31 03:45:32] [generate] building inspector | MASCULINE | strength=10.00 | seed=3
[2026-03-31 03:45:32] [generate] building inspector | FEMININE | strength=10.00 | seed=3
[2026-03-31 03:46:06]   Saved heatmap to outputs/robust_independent_injection/bias_heatmaps/building_inspector_masculine_s10_seed3.png
[2026-03-31 03:46:07]   Saved heatmap to outputs/robust_independent_injection/bias_heatmaps/building_inspector_feminine_s10_seed3.png
[2026-03-31 03:46:07]   Saved comparison heatmap to outputs/robust_independent_injection/bias_heatmaps/building_inspector_comparison_s10_seed3.png
[2026-03-31 03:46:07]   [BIAS SHIFT] Baseline: 0.0151 -> Masculine: 0.0312, Feminine: 0.0368
[2026-03-31 03:46:07] [generate] building inspector | MASCULINE | strength=30.00 | seed=3
[2026-03-31 03:46:07] [generate] building inspector | FEMININE | strength=30.00 | seed=3
[2026-03-31 03:46:41]   Saved heatmap to outputs/robust_independent_injection/bias_heatmaps/building_inspector_masculine_s30_seed3.png
[2026-03-31 03:46:42]   Saved heatmap to outputs/robust_independent_injection/bias_heatmaps/building_inspector_feminine_s30_seed3.png
[2026-03-31 03:46:43]   Saved comparison heatmap to outputs/robust_independent_injection/bias_heatmaps/building_inspector_comparison_s30_seed3.png
[2026-03-31 03:46:43]   [BIAS SHIFT] Baseline: 0.0151 -> Masculine: 0.0284, Feminine: -0.0627
[2026-03-31 03:46:43] [generate] building inspector | MASCULINE | strength=50.00 | seed=3
[2026-03-31 03:46:43] [generate] building inspector | FEMININE | strength=50.00 | seed=3
[2026-03-31 03:47:17]   Saved heatmap to outputs/robust_independent_injection/bias_heatmaps/building_inspector_masculine_s50_seed3.png
[2026-03-31 03:47:18]   Saved heatmap to outputs/robust_independent_injection/bias_heatmaps/building_inspector_feminine_s50_seed3.png
[2026-03-31 03:47:19]   Saved comparison heatmap to outputs/robust_independent_injection/bias_heatmaps/building_inspector_comparison_s50_seed3.png
[2026-03-31 03:47:19]   [BIAS SHIFT] Baseline: 0.0151 -> Masculine: 0.0556, Feminine: -0.1190
[2026-03-31 03:47:19] [generate] Baseline for building inspector (seed=4)
[2026-03-31 03:47:36]   Saved heatmap to outputs/robust_independent_injection/bias_heatmaps/building_inspector_baseline_seed4.png
[2026-03-31 03:47:36] [generate] building inspector | MASCULINE | strength=10.00 | seed=4
[2026-03-31 03:47:36] [generate] building inspector | FEMININE | strength=10.00 | seed=4
[2026-03-31 03:48:11]   Saved heatmap to outputs/robust_independent_injection/bias_heatmaps/building_inspector_masculine_s10_seed4.png
[2026-03-31 03:48:11]   Saved heatmap to outputs/robust_independent_injection/bias_heatmaps/building_inspector_feminine_s10_seed4.png
[2026-03-31 03:48:12]   Saved comparison heatmap to outputs/robust_independent_injection/bias_heatmaps/building_inspector_comparison_s10_seed4.png
[2026-03-31 03:48:12]   [BIAS SHIFT] Baseline: 0.0135 -> Masculine: 0.0314, Feminine: -0.0132
[2026-03-31 03:48:12] [generate] building inspector | MASCULINE | strength=30.00 | seed=4
[2026-03-31 03:48:12] [generate] building inspector | FEMININE | strength=30.00 | seed=4
[2026-03-31 03:48:46]   Saved heatmap to outputs/robust_independent_injection/bias_heatmaps/building_inspector_masculine_s30_seed4.png
[2026-03-31 03:48:47]   Saved heatmap to outputs/robust_independent_injection/bias_heatmaps/building_inspector_feminine_s30_seed4.png
[2026-03-31 03:48:47]   Saved comparison heatmap to outputs/robust_independent_injection/bias_heatmaps/building_inspector_comparison_s30_seed4.png
[2026-03-31 03:48:47]   [BIAS SHIFT] Baseline: 0.0135 -> Masculine: 0.0526, Feminine: -0.0476
[2026-03-31 03:48:47] [generate] building inspector | MASCULINE | strength=50.00 | seed=4
[2026-03-31 03:48:47] [generate] building inspector | FEMININE | strength=50.00 | seed=4
[2026-03-31 03:49:22]   Saved heatmap to outputs/robust_independent_injection/bias_heatmaps/building_inspector_masculine_s50_seed4.png
[2026-03-31 03:49:23]   Saved heatmap to outputs/robust_independent_injection/bias_heatmaps/building_inspector_feminine_s50_seed4.png
[2026-03-31 03:49:23]   Saved comparison heatmap to outputs/robust_independent_injection/bias_heatmaps/building_inspector_comparison_s50_seed4.png
[2026-03-31 03:49:23]   [BIAS SHIFT] Baseline: 0.0135 -> Masculine: 0.0565, Feminine: -0.0779
[2026-03-31 03:49:23] 
[capture] Profession: bartender
[2026-03-31 03:49:23]   neutral: A professional studio portrait of a bartender, isolated on a plain white background, centered composition, sharp focus on the subject, high detail, photorealistic lighting, unambiguous profession markers in clothing or tools.
[2026-03-31 03:49:23]   male:    A professional studio portrait of a male bartender, isolated on a plain white background, centered composition, sharp focus on the subject, high detail, photorealistic lighting, unambiguous profession markers in clothing or tools.
[2026-03-31 03:49:23]   female:  A professional studio portrait of a female bartender, isolated on a plain white background, centered composition, sharp focus on the subject, high detail, photorealistic lighting, unambiguous profession markers in clothing or tools.
[2026-03-31 03:53:26] [multi-layer] Capturing activations from layers: ['mid_block', 'up_0', 'up_1', 'up_2']
[2026-03-31 03:57:31]   Saved heatmap to outputs/robust_independent_injection/bias_heatmaps/bartender.png
[2026-03-31 03:57:31]   [MULTI-LAYER BIAS SUMMARY] Avg: 0.0752
[2026-03-31 03:57:31]   Max Bias: 0.1599 at up_0 step 12
[2026-03-31 03:57:31] [generate] Baseline for bartender (seed=0)
[2026-03-31 03:57:49]   Saved heatmap to outputs/robust_independent_injection/bias_heatmaps/bartender_baseline_seed0.png
[2026-03-31 03:57:49] [generate] bartender | MASCULINE | strength=10.00 | seed=0
[2026-03-31 03:57:49] [generate] bartender | FEMININE | strength=10.00 | seed=0
[2026-03-31 03:58:23]   Saved heatmap to outputs/robust_independent_injection/bias_heatmaps/bartender_masculine_s10_seed0.png
[2026-03-31 03:58:24]   Saved heatmap to outputs/robust_independent_injection/bias_heatmaps/bartender_feminine_s10_seed0.png
[2026-03-31 03:58:25]   Saved comparison heatmap to outputs/robust_independent_injection/bias_heatmaps/bartender_comparison_s10_seed0.png
[2026-03-31 03:58:25]   [BIAS SHIFT] Baseline: 0.0663 -> Masculine: 0.0782, Feminine: -0.0024
[2026-03-31 03:58:25] [generate] bartender | MASCULINE | strength=30.00 | seed=0
[2026-03-31 03:58:25] [generate] bartender | FEMININE | strength=30.00 | seed=0
[2026-03-31 03:58:59]   Saved heatmap to outputs/robust_independent_injection/bias_heatmaps/bartender_masculine_s30_seed0.png
[2026-03-31 03:58:59]   Saved heatmap to outputs/robust_independent_injection/bias_heatmaps/bartender_feminine_s30_seed0.png
[2026-03-31 03:59:00]   Saved comparison heatmap to outputs/robust_independent_injection/bias_heatmaps/bartender_comparison_s30_seed0.png
[2026-03-31 03:59:00]   [BIAS SHIFT] Baseline: 0.0663 -> Masculine: 0.0721, Feminine: -0.0661
[2026-03-31 03:59:00] [generate] bartender | MASCULINE | strength=50.00 | seed=0
[2026-03-31 03:59:00] [generate] bartender | FEMININE | strength=50.00 | seed=0
[2026-03-31 03:59:35]   Saved heatmap to outputs/robust_independent_injection/bias_heatmaps/bartender_masculine_s50_seed0.png
[2026-03-31 03:59:35]   Saved heatmap to outputs/robust_independent_injection/bias_heatmaps/bartender_feminine_s50_seed0.png
[2026-03-31 03:59:36]   Saved comparison heatmap to outputs/robust_independent_injection/bias_heatmaps/bartender_comparison_s50_seed0.png
[2026-03-31 03:59:36]   [BIAS SHIFT] Baseline: 0.0663 -> Masculine: 0.0882, Feminine: -0.0935
[2026-03-31 03:59:36] [generate] Baseline for bartender (seed=1)
[2026-03-31 03:59:53]   Saved heatmap to outputs/robust_independent_injection/bias_heatmaps/bartender_baseline_seed1.png
[2026-03-31 03:59:53] [generate] bartender | MASCULINE | strength=10.00 | seed=1
[2026-03-31 03:59:53] [generate] bartender | FEMININE | strength=10.00 | seed=1
[2026-03-31 04:00:28]   Saved heatmap to outputs/robust_independent_injection/bias_heatmaps/bartender_masculine_s10_seed1.png
[2026-03-31 04:00:28]   Saved heatmap to outputs/robust_independent_injection/bias_heatmaps/bartender_feminine_s10_seed1.png
[2026-03-31 04:00:29]   Saved comparison heatmap to outputs/robust_independent_injection/bias_heatmaps/bartender_comparison_s10_seed1.png
[2026-03-31 04:00:29]   [BIAS SHIFT] Baseline: 0.1011 -> Masculine: 0.1137, Feminine: 0.0611
[2026-03-31 04:00:29] [generate] bartender | MASCULINE | strength=30.00 | seed=1
[2026-03-31 04:00:29] [generate] bartender | FEMININE | strength=30.00 | seed=1
[2026-03-31 04:01:03]   Saved heatmap to outputs/robust_independent_injection/bias_heatmaps/bartender_masculine_s30_seed1.png
[2026-03-31 04:01:04]   Saved heatmap to outputs/robust_independent_injection/bias_heatmaps/bartender_feminine_s30_seed1.png
[2026-03-31 04:01:05]   Saved comparison heatmap to outputs/robust_independent_injection/bias_heatmaps/bartender_comparison_s30_seed1.png
[2026-03-31 04:01:05]   [BIAS SHIFT] Baseline: 0.1011 -> Masculine: 0.1161, Feminine: -0.0351
[2026-03-31 04:01:05] [generate] bartender | MASCULINE | strength=50.00 | seed=1
[2026-03-31 04:01:05] [generate] bartender | FEMININE | strength=50.00 | seed=1
[2026-03-31 04:01:39]   Saved heatmap to outputs/robust_independent_injection/bias_heatmaps/bartender_masculine_s50_seed1.png
[2026-03-31 04:01:40]   Saved heatmap to outputs/robust_independent_injection/bias_heatmaps/bartender_feminine_s50_seed1.png
[2026-03-31 04:01:40]   Saved comparison heatmap to outputs/robust_independent_injection/bias_heatmaps/bartender_comparison_s50_seed1.png
[2026-03-31 04:01:40]   [BIAS SHIFT] Baseline: 0.1011 -> Masculine: 0.0974, Feminine: -0.0936
[2026-03-31 04:01:40] [generate] Baseline for bartender (seed=2)
[2026-03-31 04:01:58]   Saved heatmap to outputs/robust_independent_injection/bias_heatmaps/bartender_baseline_seed2.png
[2026-03-31 04:01:58] [generate] bartender | MASCULINE | strength=10.00 | seed=2
[2026-03-31 04:01:58] [generate] bartender | FEMININE | strength=10.00 | seed=2
[2026-03-31 04:02:32]   Saved heatmap to outputs/robust_independent_injection/bias_heatmaps/bartender_masculine_s10_seed2.png
[2026-03-31 04:02:33]   Saved heatmap to outputs/robust_independent_injection/bias_heatmaps/bartender_feminine_s10_seed2.png
[2026-03-31 04:02:34]   Saved comparison heatmap to outputs/robust_independent_injection/bias_heatmaps/bartender_comparison_s10_seed2.png
[2026-03-31 04:02:34]   [BIAS SHIFT] Baseline: 0.0879 -> Masculine: 0.1035, Feminine: 0.0509
[2026-03-31 04:02:34] [generate] bartender | MASCULINE | strength=30.00 | seed=2
[2026-03-31 04:02:34] [generate] bartender | FEMININE | strength=30.00 | seed=2
[2026-03-31 04:03:08]   Saved heatmap to outputs/robust_independent_injection/bias_heatmaps/bartender_masculine_s30_seed2.png
[2026-03-31 04:03:09]   Saved heatmap to outputs/robust_independent_injection/bias_heatmaps/bartender_feminine_s30_seed2.png
[2026-03-31 04:03:09]   Saved comparison heatmap to outputs/robust_independent_injection/bias_heatmaps/bartender_comparison_s30_seed2.png
[2026-03-31 04:03:09]   [BIAS SHIFT] Baseline: 0.0879 -> Masculine: 0.1081, Feminine: -0.0499
[2026-03-31 04:03:09] [generate] bartender | MASCULINE | strength=50.00 | seed=2
[2026-03-31 04:03:09] [generate] bartender | FEMININE | strength=50.00 | seed=2
[2026-03-31 04:03:44]   Saved heatmap to outputs/robust_independent_injection/bias_heatmaps/bartender_masculine_s50_seed2.png
[2026-03-31 04:03:45]   Saved heatmap to outputs/robust_independent_injection/bias_heatmaps/bartender_feminine_s50_seed2.png
[2026-03-31 04:03:45]   Saved comparison heatmap to outputs/robust_independent_injection/bias_heatmaps/bartender_comparison_s50_seed2.png
[2026-03-31 04:03:45]   [BIAS SHIFT] Baseline: 0.0879 -> Masculine: 0.1075, Feminine: -0.1778
[2026-03-31 04:03:45] [generate] Baseline for bartender (seed=3)
[2026-03-31 04:04:03]   Saved heatmap to outputs/robust_independent_injection/bias_heatmaps/bartender_baseline_seed3.png
[2026-03-31 04:04:03] [generate] bartender | MASCULINE | strength=10.00 | seed=3
[2026-03-31 04:04:03] [generate] bartender | FEMININE | strength=10.00 | seed=3
[2026-03-31 04:04:37]   Saved heatmap to outputs/robust_independent_injection/bias_heatmaps/bartender_masculine_s10_seed3.png
[2026-03-31 04:04:37]   Saved heatmap to outputs/robust_independent_injection/bias_heatmaps/bartender_feminine_s10_seed3.png
[2026-03-31 04:04:38]   Saved comparison heatmap to outputs/robust_independent_injection/bias_heatmaps/bartender_comparison_s10_seed3.png
[2026-03-31 04:04:38]   [BIAS SHIFT] Baseline: 0.0738 -> Masculine: 0.0772, Feminine: 0.0231
[2026-03-31 04:04:38] [generate] bartender | MASCULINE | strength=30.00 | seed=3
[2026-03-31 04:04:38] [generate] bartender | FEMININE | strength=30.00 | seed=3
[2026-03-31 04:05:13]   Saved heatmap to outputs/robust_independent_injection/bias_heatmaps/bartender_masculine_s30_seed3.png
[2026-03-31 04:05:13]   Saved heatmap to outputs/robust_independent_injection/bias_heatmaps/bartender_feminine_s30_seed3.png
[2026-03-31 04:05:14]   Saved comparison heatmap to outputs/robust_independent_injection/bias_heatmaps/bartender_comparison_s30_seed3.png
[2026-03-31 04:05:14]   [BIAS SHIFT] Baseline: 0.0738 -> Masculine: 0.0871, Feminine: -0.0543
[2026-03-31 04:05:14] [generate] bartender | MASCULINE | strength=50.00 | seed=3
[2026-03-31 04:05:14] [generate] bartender | FEMININE | strength=50.00 | seed=3
[2026-03-31 04:05:48]   Saved heatmap to outputs/robust_independent_injection/bias_heatmaps/bartender_masculine_s50_seed3.png
[2026-03-31 04:05:49]   Saved heatmap to outputs/robust_independent_injection/bias_heatmaps/bartender_feminine_s50_seed3.png
[2026-03-31 04:05:50]   Saved comparison heatmap to outputs/robust_independent_injection/bias_heatmaps/bartender_comparison_s50_seed3.png
[2026-03-31 04:05:50]   [BIAS SHIFT] Baseline: 0.0738 -> Masculine: 0.0966, Feminine: -0.0872
[2026-03-31 04:05:50] [generate] Baseline for bartender (seed=4)
[2026-03-31 04:06:07]   Saved heatmap to outputs/robust_independent_injection/bias_heatmaps/bartender_baseline_seed4.png
[2026-03-31 04:06:07] [generate] bartender | MASCULINE | strength=10.00 | seed=4
[2026-03-31 04:06:07] [generate] bartender | FEMININE | strength=10.00 | seed=4
[2026-03-31 04:06:41]   Saved heatmap to outputs/robust_independent_injection/bias_heatmaps/bartender_masculine_s10_seed4.png
[2026-03-31 04:06:42]   Saved heatmap to outputs/robust_independent_injection/bias_heatmaps/bartender_feminine_s10_seed4.png
[2026-03-31 04:06:43]   Saved comparison heatmap to outputs/robust_independent_injection/bias_heatmaps/bartender_comparison_s10_seed4.png
[2026-03-31 04:06:43]   [BIAS SHIFT] Baseline: 0.0198 -> Masculine: 0.0699, Feminine: -0.0254
[2026-03-31 04:06:43] [generate] bartender | MASCULINE | strength=30.00 | seed=4
[2026-03-31 04:06:43] [generate] bartender | FEMININE | strength=30.00 | seed=4
[2026-03-31 04:07:17]   Saved heatmap to outputs/robust_independent_injection/bias_heatmaps/bartender_masculine_s30_seed4.png
[2026-03-31 04:07:18]   Saved heatmap to outputs/robust_independent_injection/bias_heatmaps/bartender_feminine_s30_seed4.png
[2026-03-31 04:07:18]   Saved comparison heatmap to outputs/robust_independent_injection/bias_heatmaps/bartender_comparison_s30_seed4.png
[2026-03-31 04:07:18]   [BIAS SHIFT] Baseline: 0.0198 -> Masculine: 0.0983, Feminine: -0.1130
[2026-03-31 04:07:18] [generate] bartender | MASCULINE | strength=50.00 | seed=4
[2026-03-31 04:07:18] [generate] bartender | FEMININE | strength=50.00 | seed=4
[2026-03-31 04:07:53]   Saved heatmap to outputs/robust_independent_injection/bias_heatmaps/bartender_masculine_s50_seed4.png
[2026-03-31 04:07:53]   Saved heatmap to outputs/robust_independent_injection/bias_heatmaps/bartender_feminine_s50_seed4.png
[2026-03-31 04:07:54]   Saved comparison heatmap to outputs/robust_independent_injection/bias_heatmaps/bartender_comparison_s50_seed4.png
[2026-03-31 04:07:54]   [BIAS SHIFT] Baseline: 0.0198 -> Masculine: 0.1123, Feminine: -0.1434
[2026-03-31 04:07:54] 
[capture] Profession: childcare worker
[2026-03-31 04:07:54]   neutral: A professional studio portrait of a childcare worker, isolated on a plain white background, centered composition, sharp focus on the subject, high detail, photorealistic lighting, unambiguous profession markers in clothing or tools.
[2026-03-31 04:07:54]   male:    A professional studio portrait of a male childcare worker, isolated on a plain white background, centered composition, sharp focus on the subject, high detail, photorealistic lighting, unambiguous profession markers in clothing or tools.
[2026-03-31 04:07:54]   female:  A professional studio portrait of a female childcare worker, isolated on a plain white background, centered composition, sharp focus on the subject, high detail, photorealistic lighting, unambiguous profession markers in clothing or tools.
[2026-03-31 04:11:57] [multi-layer] Capturing activations from layers: ['mid_block', 'up_0', 'up_1', 'up_2']
[2026-03-31 04:16:00]   Saved heatmap to outputs/robust_independent_injection/bias_heatmaps/childcare_worker.png
[2026-03-31 04:16:00]   [MULTI-LAYER BIAS SUMMARY] Avg: 0.0205
[2026-03-31 04:16:00]   Max Bias: 0.0856 at up_0 step 12
[2026-03-31 04:16:00] [generate] Baseline for childcare worker (seed=0)
[2026-03-31 04:16:18]   Saved heatmap to outputs/robust_independent_injection/bias_heatmaps/childcare_worker_baseline_seed0.png
[2026-03-31 04:16:18] [generate] childcare worker | MASCULINE | strength=10.00 | seed=0
[2026-03-31 04:16:18] [generate] childcare worker | FEMININE | strength=10.00 | seed=0
[2026-03-31 04:16:52]   Saved heatmap to outputs/robust_independent_injection/bias_heatmaps/childcare_worker_masculine_s10_seed0.png
[2026-03-31 04:16:53]   Saved heatmap to outputs/robust_independent_injection/bias_heatmaps/childcare_worker_feminine_s10_seed0.png
[2026-03-31 04:16:54]   Saved comparison heatmap to outputs/robust_independent_injection/bias_heatmaps/childcare_worker_comparison_s10_seed0.png
[2026-03-31 04:16:54]   [BIAS SHIFT] Baseline: 0.0649 -> Masculine: 0.0733, Feminine: -0.0527
[2026-03-31 04:16:54] [generate] childcare worker | MASCULINE | strength=30.00 | seed=0
[2026-03-31 04:16:54] [generate] childcare worker | FEMININE | strength=30.00 | seed=0
[2026-03-31 04:17:28]   Saved heatmap to outputs/robust_independent_injection/bias_heatmaps/childcare_worker_masculine_s30_seed0.png
[2026-03-31 04:17:29]   Saved heatmap to outputs/robust_independent_injection/bias_heatmaps/childcare_worker_feminine_s30_seed0.png
[2026-03-31 04:17:30]   Saved comparison heatmap to outputs/robust_independent_injection/bias_heatmaps/childcare_worker_comparison_s30_seed0.png
[2026-03-31 04:17:30]   [BIAS SHIFT] Baseline: 0.0649 -> Masculine: 0.0807, Feminine: -0.1206
[2026-03-31 04:17:30] [generate] childcare worker | MASCULINE | strength=50.00 | seed=0
[2026-03-31 04:17:30] [generate] childcare worker | FEMININE | strength=50.00 | seed=0
[2026-03-31 04:18:04]   Saved heatmap to outputs/robust_independent_injection/bias_heatmaps/childcare_worker_masculine_s50_seed0.png
[2026-03-31 04:18:04]   Saved heatmap to outputs/robust_independent_injection/bias_heatmaps/childcare_worker_feminine_s50_seed0.png
[2026-03-31 04:18:05]   Saved comparison heatmap to outputs/robust_independent_injection/bias_heatmaps/childcare_worker_comparison_s50_seed0.png
[2026-03-31 04:18:05]   [BIAS SHIFT] Baseline: 0.0649 -> Masculine: 0.0617, Feminine: -0.1345
[2026-03-31 04:18:05] [generate] Baseline for childcare worker (seed=1)
[2026-03-31 04:18:23]   Saved heatmap to outputs/robust_independent_injection/bias_heatmaps/childcare_worker_baseline_seed1.png
[2026-03-31 04:18:23] [generate] childcare worker | MASCULINE | strength=10.00 | seed=1
[2026-03-31 04:18:23] [generate] childcare worker | FEMININE | strength=10.00 | seed=1
[2026-03-31 04:18:57]   Saved heatmap to outputs/robust_independent_injection/bias_heatmaps/childcare_worker_masculine_s10_seed1.png
[2026-03-31 04:18:57]   Saved heatmap to outputs/robust_independent_injection/bias_heatmaps/childcare_worker_feminine_s10_seed1.png
[2026-03-31 04:18:58]   Saved comparison heatmap to outputs/robust_independent_injection/bias_heatmaps/childcare_worker_comparison_s10_seed1.png
[2026-03-31 04:18:58]   [BIAS SHIFT] Baseline: -0.0303 -> Masculine: -0.0079, Feminine: -0.0514
[2026-03-31 04:18:58] [generate] childcare worker | MASCULINE | strength=30.00 | seed=1
[2026-03-31 04:18:58] [generate] childcare worker | FEMININE | strength=30.00 | seed=1
[2026-03-31 04:19:33]   Saved heatmap to outputs/robust_independent_injection/bias_heatmaps/childcare_worker_masculine_s30_seed1.png
[2026-03-31 04:19:33]   Saved heatmap to outputs/robust_independent_injection/bias_heatmaps/childcare_worker_feminine_s30_seed1.png
[2026-03-31 04:19:34]   Saved comparison heatmap to outputs/robust_independent_injection/bias_heatmaps/childcare_worker_comparison_s30_seed1.png
[2026-03-31 04:19:34]   [BIAS SHIFT] Baseline: -0.0303 -> Masculine: 0.0313, Feminine: -0.0844
[2026-03-31 04:19:34] [generate] childcare worker | MASCULINE | strength=50.00 | seed=1
[2026-03-31 04:19:34] [generate] childcare worker | FEMININE | strength=50.00 | seed=1
[2026-03-31 04:20:08]   Saved heatmap to outputs/robust_independent_injection/bias_heatmaps/childcare_worker_masculine_s50_seed1.png
[2026-03-31 04:20:09]   Saved heatmap to outputs/robust_independent_injection/bias_heatmaps/childcare_worker_feminine_s50_seed1.png
[2026-03-31 04:20:09]   Saved comparison heatmap to outputs/robust_independent_injection/bias_heatmaps/childcare_worker_comparison_s50_seed1.png
[2026-03-31 04:20:09]   [BIAS SHIFT] Baseline: -0.0303 -> Masculine: 0.0482, Feminine: -0.0939
[2026-03-31 04:20:09] [generate] Baseline for childcare worker (seed=2)
[2026-03-31 04:20:27]   Saved heatmap to outputs/robust_independent_injection/bias_heatmaps/childcare_worker_baseline_seed2.png
[2026-03-31 04:20:27] [generate] childcare worker | MASCULINE | strength=10.00 | seed=2
[2026-03-31 04:20:27] [generate] childcare worker | FEMININE | strength=10.00 | seed=2
[2026-03-31 04:21:01]   Saved heatmap to outputs/robust_independent_injection/bias_heatmaps/childcare_worker_masculine_s10_seed2.png
[2026-03-31 04:21:02]   Saved heatmap to outputs/robust_independent_injection/bias_heatmaps/childcare_worker_feminine_s10_seed2.png
[2026-03-31 04:21:03]   Saved comparison heatmap to outputs/robust_independent_injection/bias_heatmaps/childcare_worker_comparison_s10_seed2.png
[2026-03-31 04:21:03]   [BIAS SHIFT] Baseline: -0.0790 -> Masculine: -0.0628, Feminine: -0.0970
[2026-03-31 04:21:03] [generate] childcare worker | MASCULINE | strength=30.00 | seed=2
[2026-03-31 04:21:03] [generate] childcare worker | FEMININE | strength=30.00 | seed=2
[2026-03-31 04:21:37]   Saved heatmap to outputs/robust_independent_injection/bias_heatmaps/childcare_worker_masculine_s30_seed2.png
[2026-03-31 04:21:38]   Saved heatmap to outputs/robust_independent_injection/bias_heatmaps/childcare_worker_feminine_s30_seed2.png
[2026-03-31 04:21:38]   Saved comparison heatmap to outputs/robust_independent_injection/bias_heatmaps/childcare_worker_comparison_s30_seed2.png
[2026-03-31 04:21:38]   [BIAS SHIFT] Baseline: -0.0790 -> Masculine: -0.0299, Feminine: -0.1274
[2026-03-31 04:21:38] [generate] childcare worker | MASCULINE | strength=50.00 | seed=2
[2026-03-31 04:21:38] [generate] childcare worker | FEMININE | strength=50.00 | seed=2
[2026-03-31 04:22:13]   Saved heatmap to outputs/robust_independent_injection/bias_heatmaps/childcare_worker_masculine_s50_seed2.png
[2026-03-31 04:22:13]   Saved heatmap to outputs/robust_independent_injection/bias_heatmaps/childcare_worker_feminine_s50_seed2.png
[2026-03-31 04:22:14]   Saved comparison heatmap to outputs/robust_independent_injection/bias_heatmaps/childcare_worker_comparison_s50_seed2.png
[2026-03-31 04:22:14]   [BIAS SHIFT] Baseline: -0.0790 -> Masculine: -0.0119, Feminine: -0.1634
[2026-03-31 04:22:14] [generate] Baseline for childcare worker (seed=3)
[2026-03-31 04:22:32]   Saved heatmap to outputs/robust_independent_injection/bias_heatmaps/childcare_worker_baseline_seed3.png
[2026-03-31 04:22:32] [generate] childcare worker | MASCULINE | strength=10.00 | seed=3
[2026-03-31 04:22:32] [generate] childcare worker | FEMININE | strength=10.00 | seed=3
[2026-03-31 04:23:06]   Saved heatmap to outputs/robust_independent_injection/bias_heatmaps/childcare_worker_masculine_s10_seed3.png
[2026-03-31 04:23:06]   Saved heatmap to outputs/robust_independent_injection/bias_heatmaps/childcare_worker_feminine_s10_seed3.png
[2026-03-31 04:23:07]   Saved comparison heatmap to outputs/robust_independent_injection/bias_heatmaps/childcare_worker_comparison_s10_seed3.png
[2026-03-31 04:23:07]   [BIAS SHIFT] Baseline: 0.0639 -> Masculine: 0.0785, Feminine: 0.0353
[2026-03-31 04:23:07] [generate] childcare worker | MASCULINE | strength=30.00 | seed=3
[2026-03-31 04:23:07] [generate] childcare worker | FEMININE | strength=30.00 | seed=3
[2026-03-31 04:23:42]   Saved heatmap to outputs/robust_independent_injection/bias_heatmaps/childcare_worker_masculine_s30_seed3.png
[2026-03-31 04:23:42]   Saved heatmap to outputs/robust_independent_injection/bias_heatmaps/childcare_worker_feminine_s30_seed3.png
[2026-03-31 04:23:43]   Saved comparison heatmap to outputs/robust_independent_injection/bias_heatmaps/childcare_worker_comparison_s30_seed3.png
[2026-03-31 04:23:43]   [BIAS SHIFT] Baseline: 0.0639 -> Masculine: 0.1005, Feminine: -0.1154
[2026-03-31 04:23:43] [generate] childcare worker | MASCULINE | strength=50.00 | seed=3
[2026-03-31 04:23:43] [generate] childcare worker | FEMININE | strength=50.00 | seed=3
[2026-03-31 04:24:17]   Saved heatmap to outputs/robust_independent_injection/bias_heatmaps/childcare_worker_masculine_s50_seed3.png
[2026-03-31 04:24:18]   Saved heatmap to outputs/robust_independent_injection/bias_heatmaps/childcare_worker_feminine_s50_seed3.png
[2026-03-31 04:24:18]   Saved comparison heatmap to outputs/robust_independent_injection/bias_heatmaps/childcare_worker_comparison_s50_seed3.png
[2026-03-31 04:24:18]   [BIAS SHIFT] Baseline: 0.0639 -> Masculine: 0.1090, Feminine: -0.1190
[2026-03-31 04:24:18] [generate] Baseline for childcare worker (seed=4)
[2026-03-31 04:24:36]   Saved heatmap to outputs/robust_independent_injection/bias_heatmaps/childcare_worker_baseline_seed4.png
[2026-03-31 04:24:36] [generate] childcare worker | MASCULINE | strength=10.00 | seed=4
[2026-03-31 04:24:36] [generate] childcare worker | FEMININE | strength=10.00 | seed=4
[2026-03-31 04:25:10]   Saved heatmap to outputs/robust_independent_injection/bias_heatmaps/childcare_worker_masculine_s10_seed4.png
[2026-03-31 04:25:11]   Saved heatmap to outputs/robust_independent_injection/bias_heatmaps/childcare_worker_feminine_s10_seed4.png
[2026-03-31 04:25:12]   Saved comparison heatmap to outputs/robust_independent_injection/bias_heatmaps/childcare_worker_comparison_s10_seed4.png
[2026-03-31 04:25:12]   [BIAS SHIFT] Baseline: 0.0711 -> Masculine: 0.0856, Feminine: 0.0486
[2026-03-31 04:25:12] [generate] childcare worker | MASCULINE | strength=30.00 | seed=4
[2026-03-31 04:25:12] [generate] childcare worker | FEMININE | strength=30.00 | seed=4
[2026-03-31 04:25:46]   Saved heatmap to outputs/robust_independent_injection/bias_heatmaps/childcare_worker_masculine_s30_seed4.png
[2026-03-31 04:25:47]   Saved heatmap to outputs/robust_independent_injection/bias_heatmaps/childcare_worker_feminine_s30_seed4.png
[2026-03-31 04:25:47]   Saved comparison heatmap to outputs/robust_independent_injection/bias_heatmaps/childcare_worker_comparison_s30_seed4.png
[2026-03-31 04:25:47]   [BIAS SHIFT] Baseline: 0.0711 -> Masculine: 0.1016, Feminine: -0.0054
[2026-03-31 04:25:47] [generate] childcare worker | MASCULINE | strength=50.00 | seed=4
[2026-03-31 04:25:47] [generate] childcare worker | FEMININE | strength=50.00 | seed=4
[2026-03-31 04:26:22]   Saved heatmap to outputs/robust_independent_injection/bias_heatmaps/childcare_worker_masculine_s50_seed4.png
[2026-03-31 04:26:22]   Saved heatmap to outputs/robust_independent_injection/bias_heatmaps/childcare_worker_feminine_s50_seed4.png
[2026-03-31 04:26:23]   Saved comparison heatmap to outputs/robust_independent_injection/bias_heatmaps/childcare_worker_comparison_s50_seed4.png
[2026-03-31 04:26:23]   [BIAS SHIFT] Baseline: 0.0711 -> Masculine: 0.0779, Feminine: -0.0420
[2026-03-31 04:26:23] 
[capture] Profession: chef
[2026-03-31 04:26:23]   neutral: A professional studio portrait of a chef, isolated on a plain white background, centered composition, sharp focus on the subject, high detail, photorealistic lighting, unambiguous profession markers in clothing or tools.
[2026-03-31 04:26:23]   male:    A professional studio portrait of a male chef, isolated on a plain white background, centered composition, sharp focus on the subject, high detail, photorealistic lighting, unambiguous profession markers in clothing or tools.
[2026-03-31 04:26:23]   female:  A professional studio portrait of a female chef, isolated on a plain white background, centered composition, sharp focus on the subject, high detail, photorealistic lighting, unambiguous profession markers in clothing or tools.
[2026-03-31 04:30:25] [multi-layer] Capturing activations from layers: ['mid_block', 'up_0', 'up_1', 'up_2']
[2026-03-31 04:34:30]   Saved heatmap to outputs/robust_independent_injection/bias_heatmaps/chef.png
[2026-03-31 04:34:30]   [MULTI-LAYER BIAS SUMMARY] Avg: 0.0599
[2026-03-31 04:34:30]   Max Bias: 0.1193 at up_0 step 12
[2026-03-31 04:34:30] [generate] Baseline for chef (seed=0)
[2026-03-31 04:34:47]   Saved heatmap to outputs/robust_independent_injection/bias_heatmaps/chef_baseline_seed0.png
[2026-03-31 04:34:47] [generate] chef | MASCULINE | strength=10.00 | seed=0
[2026-03-31 04:34:47] [generate] chef | FEMININE | strength=10.00 | seed=0
[2026-03-31 04:35:21]   Saved heatmap to outputs/robust_independent_injection/bias_heatmaps/chef_masculine_s10_seed0.png
[2026-03-31 04:35:22]   Saved heatmap to outputs/robust_independent_injection/bias_heatmaps/chef_feminine_s10_seed0.png
[2026-03-31 04:35:23]   Saved comparison heatmap to outputs/robust_independent_injection/bias_heatmaps/chef_comparison_s10_seed0.png
[2026-03-31 04:35:23]   [BIAS SHIFT] Baseline: 0.0123 -> Masculine: 0.0428, Feminine: -0.0092
[2026-03-31 04:35:23] [generate] chef | MASCULINE | strength=30.00 | seed=0
[2026-03-31 04:35:23] [generate] chef | FEMININE | strength=30.00 | seed=0
[2026-03-31 04:35:57]   Saved heatmap to outputs/robust_independent_injection/bias_heatmaps/chef_masculine_s30_seed0.png
[2026-03-31 04:35:58]   Saved heatmap to outputs/robust_independent_injection/bias_heatmaps/chef_feminine_s30_seed0.png
[2026-03-31 04:35:58]   Saved comparison heatmap to outputs/robust_independent_injection/bias_heatmaps/chef_comparison_s30_seed0.png
[2026-03-31 04:35:58]   [BIAS SHIFT] Baseline: 0.0123 -> Masculine: 0.0519, Feminine: -0.0520
[2026-03-31 04:35:58] [generate] chef | MASCULINE | strength=50.00 | seed=0
[2026-03-31 04:35:58] [generate] chef | FEMININE | strength=50.00 | seed=0
[2026-03-31 04:36:32]   Saved heatmap to outputs/robust_independent_injection/bias_heatmaps/chef_masculine_s50_seed0.png
[2026-03-31 04:36:33]   Saved heatmap to outputs/robust_independent_injection/bias_heatmaps/chef_feminine_s50_seed0.png
[2026-03-31 04:36:34]   Saved comparison heatmap to outputs/robust_independent_injection/bias_heatmaps/chef_comparison_s50_seed0.png
[2026-03-31 04:36:34]   [BIAS SHIFT] Baseline: 0.0123 -> Masculine: -0.0151, Feminine: -0.0775
[2026-03-31 04:36:34] [generate] Baseline for chef (seed=1)
[2026-03-31 04:36:51]   Saved heatmap to outputs/robust_independent_injection/bias_heatmaps/chef_baseline_seed1.png
[2026-03-31 04:36:51] [generate] chef | MASCULINE | strength=10.00 | seed=1
[2026-03-31 04:36:51] [generate] chef | FEMININE | strength=10.00 | seed=1
[2026-03-31 04:37:25]   Saved heatmap to outputs/robust_independent_injection/bias_heatmaps/chef_masculine_s10_seed1.png
[2026-03-31 04:37:26]   Saved heatmap to outputs/robust_independent_injection/bias_heatmaps/chef_feminine_s10_seed1.png
[2026-03-31 04:37:27]   Saved comparison heatmap to outputs/robust_independent_injection/bias_heatmaps/chef_comparison_s10_seed1.png
[2026-03-31 04:37:27]   [BIAS SHIFT] Baseline: 0.0911 -> Masculine: 0.0929, Feminine: 0.0432
[2026-03-31 04:37:27] [generate] chef | MASCULINE | strength=30.00 | seed=1
[2026-03-31 04:37:27] [generate] chef | FEMININE | strength=30.00 | seed=1
[2026-03-31 04:38:01]   Saved heatmap to outputs/robust_independent_injection/bias_heatmaps/chef_masculine_s30_seed1.png
[2026-03-31 04:38:02]   Saved heatmap to outputs/robust_independent_injection/bias_heatmaps/chef_feminine_s30_seed1.png
[2026-03-31 04:38:03]   Saved comparison heatmap to outputs/robust_independent_injection/bias_heatmaps/chef_comparison_s30_seed1.png
[2026-03-31 04:38:03]   [BIAS SHIFT] Baseline: 0.0911 -> Masculine: 0.1133, Feminine: -0.0141
[2026-03-31 04:38:03] [generate] chef | MASCULINE | strength=50.00 | seed=1
[2026-03-31 04:38:03] [generate] chef | FEMININE | strength=50.00 | seed=1
[2026-03-31 04:38:37]   Saved heatmap to outputs/robust_independent_injection/bias_heatmaps/chef_masculine_s50_seed1.png
[2026-03-31 04:38:37]   Saved heatmap to outputs/robust_independent_injection/bias_heatmaps/chef_feminine_s50_seed1.png
[2026-03-31 04:38:38]   Saved comparison heatmap to outputs/robust_independent_injection/bias_heatmaps/chef_comparison_s50_seed1.png
[2026-03-31 04:38:38]   [BIAS SHIFT] Baseline: 0.0911 -> Masculine: 0.0999, Feminine: -0.0246
[2026-03-31 04:38:38] [generate] Baseline for chef (seed=2)
[2026-03-31 04:38:55]   Saved heatmap to outputs/robust_independent_injection/bias_heatmaps/chef_baseline_seed2.png
[2026-03-31 04:38:55] [generate] chef | MASCULINE | strength=10.00 | seed=2
[2026-03-31 04:38:55] [generate] chef | FEMININE | strength=10.00 | seed=2
[2026-03-31 04:39:30]   Saved heatmap to outputs/robust_independent_injection/bias_heatmaps/chef_masculine_s10_seed2.png
[2026-03-31 04:39:30]   Saved heatmap to outputs/robust_independent_injection/bias_heatmaps/chef_feminine_s10_seed2.png
[2026-03-31 04:39:31]   Saved comparison heatmap to outputs/robust_independent_injection/bias_heatmaps/chef_comparison_s10_seed2.png
[2026-03-31 04:39:31]   [BIAS SHIFT] Baseline: 0.0700 -> Masculine: 0.0772, Feminine: 0.0350
[2026-03-31 04:39:31] [generate] chef | MASCULINE | strength=30.00 | seed=2
[2026-03-31 04:39:31] [generate] chef | FEMININE | strength=30.00 | seed=2
[2026-03-31 04:40:06]   Saved heatmap to outputs/robust_independent_injection/bias_heatmaps/chef_masculine_s30_seed2.png
[2026-03-31 04:40:06]   Saved heatmap to outputs/robust_independent_injection/bias_heatmaps/chef_feminine_s30_seed2.png
[2026-03-31 04:40:07]   Saved comparison heatmap to outputs/robust_independent_injection/bias_heatmaps/chef_comparison_s30_seed2.png
[2026-03-31 04:40:07]   [BIAS SHIFT] Baseline: 0.0700 -> Masculine: 0.0827, Feminine: -0.0267
[2026-03-31 04:40:07] [generate] chef | MASCULINE | strength=50.00 | seed=2
[2026-03-31 04:40:07] [generate] chef | FEMININE | strength=50.00 | seed=2
[2026-03-31 04:40:41]   Saved heatmap to outputs/robust_independent_injection/bias_heatmaps/chef_masculine_s50_seed2.png
[2026-03-31 04:40:42]   Saved heatmap to outputs/robust_independent_injection/bias_heatmaps/chef_feminine_s50_seed2.png
[2026-03-31 04:40:43]   Saved comparison heatmap to outputs/robust_independent_injection/bias_heatmaps/chef_comparison_s50_seed2.png
[2026-03-31 04:40:43]   [BIAS SHIFT] Baseline: 0.0700 -> Masculine: -0.0135, Feminine: -0.1823
[2026-03-31 04:40:43] [generate] Baseline for chef (seed=3)
[2026-03-31 04:41:00]   Saved heatmap to outputs/robust_independent_injection/bias_heatmaps/chef_baseline_seed3.png
[2026-03-31 04:41:00] [generate] chef | MASCULINE | strength=10.00 | seed=3
[2026-03-31 04:41:00] [generate] chef | FEMININE | strength=10.00 | seed=3
[2026-03-31 04:41:34]   Saved heatmap to outputs/robust_independent_injection/bias_heatmaps/chef_masculine_s10_seed3.png
[2026-03-31 04:41:35]   Saved heatmap to outputs/robust_independent_injection/bias_heatmaps/chef_feminine_s10_seed3.png
[2026-03-31 04:41:36]   Saved comparison heatmap to outputs/robust_independent_injection/bias_heatmaps/chef_comparison_s10_seed3.png
[2026-03-31 04:41:36]   [BIAS SHIFT] Baseline: 0.0601 -> Masculine: 0.0608, Feminine: -0.0021
[2026-03-31 04:41:36] [generate] chef | MASCULINE | strength=30.00 | seed=3
[2026-03-31 04:41:36] [generate] chef | FEMININE | strength=30.00 | seed=3
[2026-03-31 04:42:10]   Saved heatmap to outputs/robust_independent_injection/bias_heatmaps/chef_masculine_s30_seed3.png
[2026-03-31 04:42:10]   Saved heatmap to outputs/robust_independent_injection/bias_heatmaps/chef_feminine_s30_seed3.png
[2026-03-31 04:42:11]   Saved comparison heatmap to outputs/robust_independent_injection/bias_heatmaps/chef_comparison_s30_seed3.png
[2026-03-31 04:42:11]   [BIAS SHIFT] Baseline: 0.0601 -> Masculine: 0.0580, Feminine: -0.0589
[2026-03-31 04:42:11] [generate] chef | MASCULINE | strength=50.00 | seed=3
[2026-03-31 04:42:11] [generate] chef | FEMININE | strength=50.00 | seed=3
[2026-03-31 04:42:45]   Saved heatmap to outputs/robust_independent_injection/bias_heatmaps/chef_masculine_s50_seed3.png
[2026-03-31 04:42:46]   Saved heatmap to outputs/robust_independent_injection/bias_heatmaps/chef_feminine_s50_seed3.png
[2026-03-31 04:42:47]   Saved comparison heatmap to outputs/robust_independent_injection/bias_heatmaps/chef_comparison_s50_seed3.png
[2026-03-31 04:42:47]   [BIAS SHIFT] Baseline: 0.0601 -> Masculine: 0.0431, Feminine: -0.0819
[2026-03-31 04:42:47] [generate] Baseline for chef (seed=4)
[2026-03-31 04:43:04]   Saved heatmap to outputs/robust_independent_injection/bias_heatmaps/chef_baseline_seed4.png
[2026-03-31 04:43:04] [generate] chef | MASCULINE | strength=10.00 | seed=4
[2026-03-31 04:43:04] [generate] chef | FEMININE | strength=10.00 | seed=4
[2026-03-31 04:43:39]   Saved heatmap to outputs/robust_independent_injection/bias_heatmaps/chef_masculine_s10_seed4.png
[2026-03-31 04:43:39]   Saved heatmap to outputs/robust_independent_injection/bias_heatmaps/chef_feminine_s10_seed4.png
[2026-03-31 04:43:40]   Saved comparison heatmap to outputs/robust_independent_injection/bias_heatmaps/chef_comparison_s10_seed4.png
[2026-03-31 04:43:40]   [BIAS SHIFT] Baseline: 0.0479 -> Masculine: 0.0527, Feminine: 0.0079
[2026-03-31 04:43:40] [generate] chef | MASCULINE | strength=30.00 | seed=4
[2026-03-31 04:43:40] [generate] chef | FEMININE | strength=30.00 | seed=4
[2026-03-31 04:44:14]   Saved heatmap to outputs/robust_independent_injection/bias_heatmaps/chef_masculine_s30_seed4.png
[2026-03-31 04:44:15]   Saved heatmap to outputs/robust_independent_injection/bias_heatmaps/chef_feminine_s30_seed4.png
[2026-03-31 04:44:15]   Saved comparison heatmap to outputs/robust_independent_injection/bias_heatmaps/chef_comparison_s30_seed4.png
[2026-03-31 04:44:15]   [BIAS SHIFT] Baseline: 0.0479 -> Masculine: 0.0587, Feminine: -0.0601
[2026-03-31 04:44:15] [generate] chef | MASCULINE | strength=50.00 | seed=4
[2026-03-31 04:44:15] [generate] chef | FEMININE | strength=50.00 | seed=4
[2026-03-31 04:44:50]   Saved heatmap to outputs/robust_independent_injection/bias_heatmaps/chef_masculine_s50_seed4.png
[2026-03-31 04:44:50]   Saved heatmap to outputs/robust_independent_injection/bias_heatmaps/chef_feminine_s50_seed4.png
[2026-03-31 04:44:51]   Saved comparison heatmap to outputs/robust_independent_injection/bias_heatmaps/chef_comparison_s50_seed4.png
[2026-03-31 04:44:51]   [BIAS SHIFT] Baseline: 0.0479 -> Masculine: 0.0483, Feminine: -0.0709
[2026-03-31 04:44:51] 
[capture] Profession: CEO
[2026-03-31 04:44:51]   neutral: A professional studio portrait of a CEO, isolated on a plain white background, centered composition, sharp focus on the subject, high detail, photorealistic lighting, unambiguous profession markers in clothing or tools.
[2026-03-31 04:44:51]   male:    A professional studio portrait of a male CEO, isolated on a plain white background, centered composition, sharp focus on the subject, high detail, photorealistic lighting, unambiguous profession markers in clothing or tools.
[2026-03-31 04:44:51]   female:  A professional studio portrait of a female CEO, isolated on a plain white background, centered composition, sharp focus on the subject, high detail, photorealistic lighting, unambiguous profession markers in clothing or tools.
[2026-03-31 04:48:53] [multi-layer] Capturing activations from layers: ['mid_block', 'up_0', 'up_1', 'up_2']
[2026-03-31 04:52:57]   Saved heatmap to outputs/robust_independent_injection/bias_heatmaps/ceo.png
[2026-03-31 04:52:57]   [MULTI-LAYER BIAS SUMMARY] Avg: 0.0765
[2026-03-31 04:52:57]   Max Bias: 0.1387 at up_0 step 11
[2026-03-31 04:52:57] [generate] Baseline for CEO (seed=0)
[2026-03-31 04:53:15]   Saved heatmap to outputs/robust_independent_injection/bias_heatmaps/ceo_baseline_seed0.png
[2026-03-31 04:53:15] [generate] CEO | MASCULINE | strength=10.00 | seed=0
[2026-03-31 04:53:15] [generate] CEO | FEMININE | strength=10.00 | seed=0
[2026-03-31 04:53:49]   Saved heatmap to outputs/robust_independent_injection/bias_heatmaps/ceo_masculine_s10_seed0.png
[2026-03-31 04:53:50]   Saved heatmap to outputs/robust_independent_injection/bias_heatmaps/ceo_feminine_s10_seed0.png
[2026-03-31 04:53:51]   Saved comparison heatmap to outputs/robust_independent_injection/bias_heatmaps/ceo_comparison_s10_seed0.png
[2026-03-31 04:53:51]   [BIAS SHIFT] Baseline: 0.1038 -> Masculine: 0.1070, Feminine: 0.0590
[2026-03-31 04:53:51] [generate] CEO | MASCULINE | strength=30.00 | seed=0
[2026-03-31 04:53:51] [generate] CEO | FEMININE | strength=30.00 | seed=0
[2026-03-31 04:54:25]   Saved heatmap to outputs/robust_independent_injection/bias_heatmaps/ceo_masculine_s30_seed0.png
[2026-03-31 04:54:25]   Saved heatmap to outputs/robust_independent_injection/bias_heatmaps/ceo_feminine_s30_seed0.png
[2026-03-31 04:54:26]   Saved comparison heatmap to outputs/robust_independent_injection/bias_heatmaps/ceo_comparison_s30_seed0.png
[2026-03-31 04:54:26]   [BIAS SHIFT] Baseline: 0.1038 -> Masculine: 0.1190, Feminine: -0.0139
[2026-03-31 04:54:26] [generate] CEO | MASCULINE | strength=50.00 | seed=0
[2026-03-31 04:54:26] [generate] CEO | FEMININE | strength=50.00 | seed=0
[2026-03-31 04:55:01]   Saved heatmap to outputs/robust_independent_injection/bias_heatmaps/ceo_masculine_s50_seed0.png
[2026-03-31 04:55:01]   Saved heatmap to outputs/robust_independent_injection/bias_heatmaps/ceo_feminine_s50_seed0.png
[2026-03-31 04:55:02]   Saved comparison heatmap to outputs/robust_independent_injection/bias_heatmaps/ceo_comparison_s50_seed0.png
[2026-03-31 04:55:02]   [BIAS SHIFT] Baseline: 0.1038 -> Masculine: 0.0606, Feminine: -0.0851
[2026-03-31 04:55:02] [generate] Baseline for CEO (seed=1)
[2026-03-31 04:55:19]   Saved heatmap to outputs/robust_independent_injection/bias_heatmaps/ceo_baseline_seed1.png
[2026-03-31 04:55:19] [generate] CEO | MASCULINE | strength=10.00 | seed=1
[2026-03-31 04:55:19] [generate] CEO | FEMININE | strength=10.00 | seed=1
[2026-03-31 04:55:53]   Saved heatmap to outputs/robust_independent_injection/bias_heatmaps/ceo_masculine_s10_seed1.png
[2026-03-31 04:55:54]   Saved heatmap to outputs/robust_independent_injection/bias_heatmaps/ceo_feminine_s10_seed1.png
[2026-03-31 04:55:55]   Saved comparison heatmap to outputs/robust_independent_injection/bias_heatmaps/ceo_comparison_s10_seed1.png
[2026-03-31 04:55:55]   [BIAS SHIFT] Baseline: 0.0336 -> Masculine: 0.0460, Feminine: -0.0027
[2026-03-31 04:55:55] [generate] CEO | MASCULINE | strength=30.00 | seed=1
[2026-03-31 04:55:55] [generate] CEO | FEMININE | strength=30.00 | seed=1
[2026-03-31 04:56:29]   Saved heatmap to outputs/robust_independent_injection/bias_heatmaps/ceo_masculine_s30_seed1.png
[2026-03-31 04:56:29]   Saved heatmap to outputs/robust_independent_injection/bias_heatmaps/ceo_feminine_s30_seed1.png
[2026-03-31 04:56:30]   Saved comparison heatmap to outputs/robust_independent_injection/bias_heatmaps/ceo_comparison_s30_seed1.png
[2026-03-31 04:56:30]   [BIAS SHIFT] Baseline: 0.0336 -> Masculine: 0.0513, Feminine: -0.0652
[2026-03-31 04:56:30] [generate] CEO | MASCULINE | strength=50.00 | seed=1
[2026-03-31 04:56:30] [generate] CEO | FEMININE | strength=50.00 | seed=1
[2026-03-31 04:57:04]   Saved heatmap to outputs/robust_independent_injection/bias_heatmaps/ceo_masculine_s50_seed1.png
[2026-03-31 04:57:05]   Saved heatmap to outputs/robust_independent_injection/bias_heatmaps/ceo_feminine_s50_seed1.png
[2026-03-31 04:57:06]   Saved comparison heatmap to outputs/robust_independent_injection/bias_heatmaps/ceo_comparison_s50_seed1.png
[2026-03-31 04:57:06]   [BIAS SHIFT] Baseline: 0.0336 -> Masculine: 0.0389, Feminine: -0.1530
[2026-03-31 04:57:06] [generate] Baseline for CEO (seed=2)
[2026-03-31 04:57:23]   Saved heatmap to outputs/robust_independent_injection/bias_heatmaps/ceo_baseline_seed2.png
[2026-03-31 04:57:23] [generate] CEO | MASCULINE | strength=10.00 | seed=2
[2026-03-31 04:57:23] [generate] CEO | FEMININE | strength=10.00 | seed=2
[2026-03-31 04:57:57]   Saved heatmap to outputs/robust_independent_injection/bias_heatmaps/ceo_masculine_s10_seed2.png
[2026-03-31 04:57:58]   Saved heatmap to outputs/robust_independent_injection/bias_heatmaps/ceo_feminine_s10_seed2.png
[2026-03-31 04:57:59]   Saved comparison heatmap to outputs/robust_independent_injection/bias_heatmaps/ceo_comparison_s10_seed2.png
[2026-03-31 04:57:59]   [BIAS SHIFT] Baseline: 0.1075 -> Masculine: 0.1113, Feminine: 0.0649
[2026-03-31 04:57:59] [generate] CEO | MASCULINE | strength=30.00 | seed=2
[2026-03-31 04:57:59] [generate] CEO | FEMININE | strength=30.00 | seed=2
[2026-03-31 04:58:33]   Saved heatmap to outputs/robust_independent_injection/bias_heatmaps/ceo_masculine_s30_seed2.png
[2026-03-31 04:58:33]   Saved heatmap to outputs/robust_independent_injection/bias_heatmaps/ceo_feminine_s30_seed2.png
[2026-03-31 04:58:34]   Saved comparison heatmap to outputs/robust_independent_injection/bias_heatmaps/ceo_comparison_s30_seed2.png
[2026-03-31 04:58:34]   [BIAS SHIFT] Baseline: 0.1075 -> Masculine: 0.1090, Feminine: -0.0168
[2026-03-31 04:58:34] [generate] CEO | MASCULINE | strength=50.00 | seed=2
[2026-03-31 04:58:34] [generate] CEO | FEMININE | strength=50.00 | seed=2
[2026-03-31 04:59:08]   Saved heatmap to outputs/robust_independent_injection/bias_heatmaps/ceo_masculine_s50_seed2.png
[2026-03-31 04:59:09]   Saved heatmap to outputs/robust_independent_injection/bias_heatmaps/ceo_feminine_s50_seed2.png
[2026-03-31 04:59:10]   Saved comparison heatmap to outputs/robust_independent_injection/bias_heatmaps/ceo_comparison_s50_seed2.png
[2026-03-31 04:59:10]   [BIAS SHIFT] Baseline: 0.1075 -> Masculine: 0.1035, Feminine: -0.1343
[2026-03-31 04:59:10] [generate] Baseline for CEO (seed=3)
[2026-03-31 04:59:27]   Saved heatmap to outputs/robust_independent_injection/bias_heatmaps/ceo_baseline_seed3.png
[2026-03-31 04:59:27] [generate] CEO | MASCULINE | strength=10.00 | seed=3
[2026-03-31 04:59:27] [generate] CEO | FEMININE | strength=10.00 | seed=3
[2026-03-31 05:00:01]   Saved heatmap to outputs/robust_independent_injection/bias_heatmaps/ceo_masculine_s10_seed3.png
[2026-03-31 05:00:02]   Saved heatmap to outputs/robust_independent_injection/bias_heatmaps/ceo_feminine_s10_seed3.png
[2026-03-31 05:00:03]   Saved comparison heatmap to outputs/robust_independent_injection/bias_heatmaps/ceo_comparison_s10_seed3.png
[2026-03-31 05:00:03]   [BIAS SHIFT] Baseline: 0.0666 -> Masculine: 0.0617, Feminine: 0.0133
[2026-03-31 05:00:03] [generate] CEO | MASCULINE | strength=30.00 | seed=3
[2026-03-31 05:00:03] [generate] CEO | FEMININE | strength=30.00 | seed=3
[2026-03-31 05:00:37]   Saved heatmap to outputs/robust_independent_injection/bias_heatmaps/ceo_masculine_s30_seed3.png
[2026-03-31 05:00:38]   Saved heatmap to outputs/robust_independent_injection/bias_heatmaps/ceo_feminine_s30_seed3.png
[2026-03-31 05:00:38]   Saved comparison heatmap to outputs/robust_independent_injection/bias_heatmaps/ceo_comparison_s30_seed3.png
[2026-03-31 05:00:38]   [BIAS SHIFT] Baseline: 0.0666 -> Masculine: 0.0970, Feminine: -0.1188
[2026-03-31 05:00:38] [generate] CEO | MASCULINE | strength=50.00 | seed=3
[2026-03-31 05:00:38] [generate] CEO | FEMININE | strength=50.00 | seed=3
[2026-03-31 05:01:13]   Saved heatmap to outputs/robust_independent_injection/bias_heatmaps/ceo_masculine_s50_seed3.png
[2026-03-31 05:01:13]   Saved heatmap to outputs/robust_independent_injection/bias_heatmaps/ceo_feminine_s50_seed3.png
[2026-03-31 05:01:14]   Saved comparison heatmap to outputs/robust_independent_injection/bias_heatmaps/ceo_comparison_s50_seed3.png
[2026-03-31 05:01:14]   [BIAS SHIFT] Baseline: 0.0666 -> Masculine: 0.1136, Feminine: -0.2231
[2026-03-31 05:01:14] [generate] Baseline for CEO (seed=4)
[2026-03-31 05:01:31]   Saved heatmap to outputs/robust_independent_injection/bias_heatmaps/ceo_baseline_seed4.png
[2026-03-31 05:01:31] [generate] CEO | MASCULINE | strength=10.00 | seed=4
[2026-03-31 05:01:31] [generate] CEO | FEMININE | strength=10.00 | seed=4
[2026-03-31 05:02:06]   Saved heatmap to outputs/robust_independent_injection/bias_heatmaps/ceo_masculine_s10_seed4.png
[2026-03-31 05:02:06]   Saved heatmap to outputs/robust_independent_injection/bias_heatmaps/ceo_feminine_s10_seed4.png
[2026-03-31 05:02:07]   Saved comparison heatmap to outputs/robust_independent_injection/bias_heatmaps/ceo_comparison_s10_seed4.png
[2026-03-31 05:02:07]   [BIAS SHIFT] Baseline: 0.0437 -> Masculine: 0.0605, Feminine: 0.0122
[2026-03-31 05:02:07] [generate] CEO | MASCULINE | strength=30.00 | seed=4
[2026-03-31 05:02:07] [generate] CEO | FEMININE | strength=30.00 | seed=4
[2026-03-31 05:02:41]   Saved heatmap to outputs/robust_independent_injection/bias_heatmaps/ceo_masculine_s30_seed4.png
[2026-03-31 05:02:42]   Saved heatmap to outputs/robust_independent_injection/bias_heatmaps/ceo_feminine_s30_seed4.png
[2026-03-31 05:02:43]   Saved comparison heatmap to outputs/robust_independent_injection/bias_heatmaps/ceo_comparison_s30_seed4.png
[2026-03-31 05:02:43]   [BIAS SHIFT] Baseline: 0.0437 -> Masculine: 0.0443, Feminine: -0.0472
[2026-03-31 05:02:43] [generate] CEO | MASCULINE | strength=50.00 | seed=4
[2026-03-31 05:02:43] [generate] CEO | FEMININE | strength=50.00 | seed=4
[2026-03-31 05:03:17]   Saved heatmap to outputs/robust_independent_injection/bias_heatmaps/ceo_masculine_s50_seed4.png
[2026-03-31 05:03:18]   Saved heatmap to outputs/robust_independent_injection/bias_heatmaps/ceo_feminine_s50_seed4.png
[2026-03-31 05:03:18]   Saved comparison heatmap to outputs/robust_independent_injection/bias_heatmaps/ceo_comparison_s50_seed4.png
[2026-03-31 05:03:18]   [BIAS SHIFT] Baseline: 0.0437 -> Masculine: 0.0434, Feminine: -0.1453
[2026-03-31 05:03:18] 
[capture] Profession: biologist
[2026-03-31 05:03:18]   neutral: A professional studio portrait of a biologist, isolated on a plain white background, centered composition, sharp focus on the subject, high detail, photorealistic lighting, unambiguous profession markers in clothing or tools.
[2026-03-31 05:03:18]   male:    A professional studio portrait of a male biologist, isolated on a plain white background, centered composition, sharp focus on the subject, high detail, photorealistic lighting, unambiguous profession markers in clothing or tools.
[2026-03-31 05:03:18]   female:  A professional studio portrait of a female biologist, isolated on a plain white background, centered composition, sharp focus on the subject, high detail, photorealistic lighting, unambiguous profession markers in clothing or tools.
[2026-03-31 05:07:20] [multi-layer] Capturing activations from layers: ['mid_block', 'up_0', 'up_1', 'up_2']
[2026-03-31 05:11:25]   Saved heatmap to outputs/robust_independent_injection/bias_heatmaps/biologist.png
[2026-03-31 05:11:25]   [MULTI-LAYER BIAS SUMMARY] Avg: 0.0440
[2026-03-31 05:11:25]   Max Bias: 0.0868 at up_0 step 12
[2026-03-31 05:11:25] [generate] Baseline for biologist (seed=0)
[2026-03-31 05:11:42]   Saved heatmap to outputs/robust_independent_injection/bias_heatmaps/biologist_baseline_seed0.png
[2026-03-31 05:11:42] [generate] biologist | MASCULINE | strength=10.00 | seed=0
[2026-03-31 05:11:42] [generate] biologist | FEMININE | strength=10.00 | seed=0
[2026-03-31 05:12:16]   Saved heatmap to outputs/robust_independent_injection/bias_heatmaps/biologist_masculine_s10_seed0.png
[2026-03-31 05:12:17]   Saved heatmap to outputs/robust_independent_injection/bias_heatmaps/biologist_feminine_s10_seed0.png
[2026-03-31 05:12:18]   Saved comparison heatmap to outputs/robust_independent_injection/bias_heatmaps/biologist_comparison_s10_seed0.png
[2026-03-31 05:12:18]   [BIAS SHIFT] Baseline: 0.0145 -> Masculine: 0.0288, Feminine: -0.0119
[2026-03-31 05:12:18] [generate] biologist | MASCULINE | strength=30.00 | seed=0
[2026-03-31 05:12:18] [generate] biologist | FEMININE | strength=30.00 | seed=0
[2026-03-31 05:12:52]   Saved heatmap to outputs/robust_independent_injection/bias_heatmaps/biologist_masculine_s30_seed0.png
[2026-03-31 05:12:53]   Saved heatmap to outputs/robust_independent_injection/bias_heatmaps/biologist_feminine_s30_seed0.png
[2026-03-31 05:12:53]   Saved comparison heatmap to outputs/robust_independent_injection/bias_heatmaps/biologist_comparison_s30_seed0.png
[2026-03-31 05:12:53]   [BIAS SHIFT] Baseline: 0.0145 -> Masculine: 0.0699, Feminine: -0.1280
[2026-03-31 05:12:53] [generate] biologist | MASCULINE | strength=50.00 | seed=0
[2026-03-31 05:12:53] [generate] biologist | FEMININE | strength=50.00 | seed=0
[2026-03-31 05:13:28]   Saved heatmap to outputs/robust_independent_injection/bias_heatmaps/biologist_masculine_s50_seed0.png
[2026-03-31 05:13:28]   Saved heatmap to outputs/robust_independent_injection/bias_heatmaps/biologist_feminine_s50_seed0.png
[2026-03-31 05:13:29]   Saved comparison heatmap to outputs/robust_independent_injection/bias_heatmaps/biologist_comparison_s50_seed0.png
[2026-03-31 05:13:29]   [BIAS SHIFT] Baseline: 0.0145 -> Masculine: 0.0570, Feminine: -0.1297
[2026-03-31 05:13:29] [generate] Baseline for biologist (seed=1)
[2026-03-31 05:13:47]   Saved heatmap to outputs/robust_independent_injection/bias_heatmaps/biologist_baseline_seed1.png
[2026-03-31 05:13:47] [generate] biologist | MASCULINE | strength=10.00 | seed=1
[2026-03-31 05:13:47] [generate] biologist | FEMININE | strength=10.00 | seed=1
[2026-03-31 05:14:21]   Saved heatmap to outputs/robust_independent_injection/bias_heatmaps/biologist_masculine_s10_seed1.png
[2026-03-31 05:14:21]   Saved heatmap to outputs/robust_independent_injection/bias_heatmaps/biologist_feminine_s10_seed1.png
[2026-03-31 05:14:22]   Saved comparison heatmap to outputs/robust_independent_injection/bias_heatmaps/biologist_comparison_s10_seed1.png
[2026-03-31 05:14:22]   [BIAS SHIFT] Baseline: 0.0681 -> Masculine: 0.0844, Feminine: 0.0340
[2026-03-31 05:14:22] [generate] biologist | MASCULINE | strength=30.00 | seed=1
[2026-03-31 05:14:22] [generate] biologist | FEMININE | strength=30.00 | seed=1
[2026-03-31 05:14:56]   Saved heatmap to outputs/robust_independent_injection/bias_heatmaps/biologist_masculine_s30_seed1.png
[2026-03-31 05:14:57]   Saved heatmap to outputs/robust_independent_injection/bias_heatmaps/biologist_feminine_s30_seed1.png
[2026-03-31 05:14:58]   Saved comparison heatmap to outputs/robust_independent_injection/bias_heatmaps/biologist_comparison_s30_seed1.png
[2026-03-31 05:14:58]   [BIAS SHIFT] Baseline: 0.0681 -> Masculine: 0.1075, Feminine: -0.0517
[2026-03-31 05:14:58] [generate] biologist | MASCULINE | strength=50.00 | seed=1
[2026-03-31 05:14:58] [generate] biologist | FEMININE | strength=50.00 | seed=1
[2026-03-31 05:15:32]   Saved heatmap to outputs/robust_independent_injection/bias_heatmaps/biologist_masculine_s50_seed1.png
[2026-03-31 05:15:32]   Saved heatmap to outputs/robust_independent_injection/bias_heatmaps/biologist_feminine_s50_seed1.png
[2026-03-31 05:15:33]   Saved comparison heatmap to outputs/robust_independent_injection/bias_heatmaps/biologist_comparison_s50_seed1.png
[2026-03-31 05:15:33]   [BIAS SHIFT] Baseline: 0.0681 -> Masculine: 0.1145, Feminine: -0.0890
[2026-03-31 05:15:33] [generate] Baseline for biologist (seed=2)
[2026-03-31 05:15:51]   Saved heatmap to outputs/robust_independent_injection/bias_heatmaps/biologist_baseline_seed2.png
[2026-03-31 05:15:51] [generate] biologist | MASCULINE | strength=10.00 | seed=2
[2026-03-31 05:15:51] [generate] biologist | FEMININE | strength=10.00 | seed=2
[2026-03-31 05:16:25]   Saved heatmap to outputs/robust_independent_injection/bias_heatmaps/biologist_masculine_s10_seed2.png
[2026-03-31 05:16:26]   Saved heatmap to outputs/robust_independent_injection/bias_heatmaps/biologist_feminine_s10_seed2.png
[2026-03-31 05:16:26]   Saved comparison heatmap to outputs/robust_independent_injection/bias_heatmaps/biologist_comparison_s10_seed2.png
[2026-03-31 05:16:26]   [BIAS SHIFT] Baseline: 0.0404 -> Masculine: 0.0698, Feminine: -0.0822
[2026-03-31 05:16:26] [generate] biologist | MASCULINE | strength=30.00 | seed=2
[2026-03-31 05:16:26] [generate] biologist | FEMININE | strength=30.00 | seed=2
[2026-03-31 05:17:01]   Saved heatmap to outputs/robust_independent_injection/bias_heatmaps/biologist_masculine_s30_seed2.png
[2026-03-31 05:17:02]   Saved heatmap to outputs/robust_independent_injection/bias_heatmaps/biologist_feminine_s30_seed2.png
[2026-03-31 05:17:02]   Saved comparison heatmap to outputs/robust_independent_injection/bias_heatmaps/biologist_comparison_s30_seed2.png
[2026-03-31 05:17:02]   [BIAS SHIFT] Baseline: 0.0404 -> Masculine: 0.0983, Feminine: -0.1521
[2026-03-31 05:17:02] [generate] biologist | MASCULINE | strength=50.00 | seed=2
[2026-03-31 05:17:02] [generate] biologist | FEMININE | strength=50.00 | seed=2
[2026-03-31 05:17:37]   Saved heatmap to outputs/robust_independent_injection/bias_heatmaps/biologist_masculine_s50_seed2.png
[2026-03-31 05:17:37]   Saved heatmap to outputs/robust_independent_injection/bias_heatmaps/biologist_feminine_s50_seed2.png
[2026-03-31 05:17:38]   Saved comparison heatmap to outputs/robust_independent_injection/bias_heatmaps/biologist_comparison_s50_seed2.png
[2026-03-31 05:17:38]   [BIAS SHIFT] Baseline: 0.0404 -> Masculine: 0.1035, Feminine: -0.1716
[2026-03-31 05:17:38] [generate] Baseline for biologist (seed=3)
[2026-03-31 05:17:56]   Saved heatmap to outputs/robust_independent_injection/bias_heatmaps/biologist_baseline_seed3.png
[2026-03-31 05:17:56] [generate] biologist | MASCULINE | strength=10.00 | seed=3
[2026-03-31 05:17:56] [generate] biologist | FEMININE | strength=10.00 | seed=3
[2026-03-31 05:18:30]   Saved heatmap to outputs/robust_independent_injection/bias_heatmaps/biologist_masculine_s10_seed3.png
[2026-03-31 05:18:30]   Saved heatmap to outputs/robust_independent_injection/bias_heatmaps/biologist_feminine_s10_seed3.png
[2026-03-31 05:18:31]   Saved comparison heatmap to outputs/robust_independent_injection/bias_heatmaps/biologist_comparison_s10_seed3.png
[2026-03-31 05:18:31]   [BIAS SHIFT] Baseline: 0.0452 -> Masculine: 0.0563, Feminine: -0.0024
[2026-03-31 05:18:31] [generate] biologist | MASCULINE | strength=30.00 | seed=3
[2026-03-31 05:18:31] [generate] biologist | FEMININE | strength=30.00 | seed=3
[2026-03-31 05:19:06]   Saved heatmap to outputs/robust_independent_injection/bias_heatmaps/biologist_masculine_s30_seed3.png
[2026-03-31 05:19:06]   Saved heatmap to outputs/robust_independent_injection/bias_heatmaps/biologist_feminine_s30_seed3.png
[2026-03-31 05:19:07]   Saved comparison heatmap to outputs/robust_independent_injection/bias_heatmaps/biologist_comparison_s30_seed3.png
[2026-03-31 05:19:07]   [BIAS SHIFT] Baseline: 0.0452 -> Masculine: 0.0654, Feminine: -0.0902
[2026-03-31 05:19:07] [generate] biologist | MASCULINE | strength=50.00 | seed=3
[2026-03-31 05:19:07] [generate] biologist | FEMININE | strength=50.00 | seed=3
[2026-03-31 05:19:41]   Saved heatmap to outputs/robust_independent_injection/bias_heatmaps/biologist_masculine_s50_seed3.png
[2026-03-31 05:19:42]   Saved heatmap to outputs/robust_independent_injection/bias_heatmaps/biologist_feminine_s50_seed3.png
[2026-03-31 05:19:42]   Saved comparison heatmap to outputs/robust_independent_injection/bias_heatmaps/biologist_comparison_s50_seed3.png
[2026-03-31 05:19:42]   [BIAS SHIFT] Baseline: 0.0452 -> Masculine: 0.0522, Feminine: -0.1169
[2026-03-31 05:19:42] [generate] Baseline for biologist (seed=4)
[2026-03-31 05:20:00]   Saved heatmap to outputs/robust_independent_injection/bias_heatmaps/biologist_baseline_seed4.png
[2026-03-31 05:20:00] [generate] biologist | MASCULINE | strength=10.00 | seed=4
[2026-03-31 05:20:00] [generate] biologist | FEMININE | strength=10.00 | seed=4
[2026-03-31 05:20:34]   Saved heatmap to outputs/robust_independent_injection/bias_heatmaps/biologist_masculine_s10_seed4.png
[2026-03-31 05:20:35]   Saved heatmap to outputs/robust_independent_injection/bias_heatmaps/biologist_feminine_s10_seed4.png
[2026-03-31 05:20:35]   Saved comparison heatmap to outputs/robust_independent_injection/bias_heatmaps/biologist_comparison_s10_seed4.png
[2026-03-31 05:20:35]   [BIAS SHIFT] Baseline: 0.0354 -> Masculine: 0.0537, Feminine: -0.0054
[2026-03-31 05:20:35] [generate] biologist | MASCULINE | strength=30.00 | seed=4
[2026-03-31 05:20:35] [generate] biologist | FEMININE | strength=30.00 | seed=4
[2026-03-31 05:21:10]   Saved heatmap to outputs/robust_independent_injection/bias_heatmaps/biologist_masculine_s30_seed4.png
[2026-03-31 05:21:11]   Saved heatmap to outputs/robust_independent_injection/bias_heatmaps/biologist_feminine_s30_seed4.png
[2026-03-31 05:21:11]   Saved comparison heatmap to outputs/robust_independent_injection/bias_heatmaps/biologist_comparison_s30_seed4.png
[2026-03-31 05:21:11]   [BIAS SHIFT] Baseline: 0.0354 -> Masculine: 0.0882, Feminine: -0.0593
[2026-03-31 05:21:11] [generate] biologist | MASCULINE | strength=50.00 | seed=4
[2026-03-31 05:21:11] [generate] biologist | FEMININE | strength=50.00 | seed=4
[2026-03-31 05:21:45]   Saved heatmap to outputs/robust_independent_injection/bias_heatmaps/biologist_masculine_s50_seed4.png
[2026-03-31 05:21:46]   Saved heatmap to outputs/robust_independent_injection/bias_heatmaps/biologist_feminine_s50_seed4.png
[2026-03-31 05:21:47]   Saved comparison heatmap to outputs/robust_independent_injection/bias_heatmaps/biologist_comparison_s50_seed4.png
[2026-03-31 05:21:47]   [BIAS SHIFT] Baseline: 0.0354 -> Masculine: 0.0952, Feminine: -0.0863
[2026-03-31 05:21:47] 
[capture] Profession: bus driver
[2026-03-31 05:21:47]   neutral: A professional studio portrait of a bus driver, isolated on a plain white background, centered composition, sharp focus on the subject, high detail, photorealistic lighting, unambiguous profession markers in clothing or tools.
[2026-03-31 05:21:47]   male:    A professional studio portrait of a male bus driver, isolated on a plain white background, centered composition, sharp focus on the subject, high detail, photorealistic lighting, unambiguous profession markers in clothing or tools.
[2026-03-31 05:21:47]   female:  A professional studio portrait of a female bus driver, isolated on a plain white background, centered composition, sharp focus on the subject, high detail, photorealistic lighting, unambiguous profession markers in clothing or tools.
[2026-03-31 05:25:49] [multi-layer] Capturing activations from layers: ['mid_block', 'up_0', 'up_1', 'up_2']
[2026-03-31 05:29:54]   Saved heatmap to outputs/robust_independent_injection/bias_heatmaps/bus_driver.png
[2026-03-31 05:29:54]   [MULTI-LAYER BIAS SUMMARY] Avg: 0.0771
[2026-03-31 05:29:54]   Max Bias: 0.1563 at up_0 step 3
[2026-03-31 05:29:54] [generate] Baseline for bus driver (seed=0)
[2026-03-31 05:30:12]   Saved heatmap to outputs/robust_independent_injection/bias_heatmaps/bus_driver_baseline_seed0.png
[2026-03-31 05:30:12] [generate] bus driver | MASCULINE | strength=10.00 | seed=0
[2026-03-31 05:30:12] [generate] bus driver | FEMININE | strength=10.00 | seed=0
[2026-03-31 05:30:46]   Saved heatmap to outputs/robust_independent_injection/bias_heatmaps/bus_driver_masculine_s10_seed0.png
[2026-03-31 05:30:46]   Saved heatmap to outputs/robust_independent_injection/bias_heatmaps/bus_driver_feminine_s10_seed0.png
[2026-03-31 05:30:47]   Saved comparison heatmap to outputs/robust_independent_injection/bias_heatmaps/bus_driver_comparison_s10_seed0.png
[2026-03-31 05:30:47]   [BIAS SHIFT] Baseline: 0.1225 -> Masculine: 0.1312, Feminine: 0.1003
[2026-03-31 05:30:47] [generate] bus driver | MASCULINE | strength=30.00 | seed=0
[2026-03-31 05:30:47] [generate] bus driver | FEMININE | strength=30.00 | seed=0
[2026-03-31 05:31:22]   Saved heatmap to outputs/robust_independent_injection/bias_heatmaps/bus_driver_masculine_s30_seed0.png
[2026-03-31 05:31:22]   Saved heatmap to outputs/robust_independent_injection/bias_heatmaps/bus_driver_feminine_s30_seed0.png
[2026-03-31 05:31:23]   Saved comparison heatmap to outputs/robust_independent_injection/bias_heatmaps/bus_driver_comparison_s30_seed0.png
[2026-03-31 05:31:23]   [BIAS SHIFT] Baseline: 0.1225 -> Masculine: 0.1359, Feminine: 0.0605
[2026-03-31 05:31:23] [generate] bus driver | MASCULINE | strength=50.00 | seed=0
[2026-03-31 05:31:23] [generate] bus driver | FEMININE | strength=50.00 | seed=0
[2026-03-31 05:31:57]   Saved heatmap to outputs/robust_independent_injection/bias_heatmaps/bus_driver_masculine_s50_seed0.png
[2026-03-31 05:31:58]   Saved heatmap to outputs/robust_independent_injection/bias_heatmaps/bus_driver_feminine_s50_seed0.png
[2026-03-31 05:31:59]   Saved comparison heatmap to outputs/robust_independent_injection/bias_heatmaps/bus_driver_comparison_s50_seed0.png
[2026-03-31 05:31:59]   [BIAS SHIFT] Baseline: 0.1225 -> Masculine: 0.1410, Feminine: 0.0109
[2026-03-31 05:31:59] [generate] Baseline for bus driver (seed=1)
[2026-03-31 05:32:17]   Saved heatmap to outputs/robust_independent_injection/bias_heatmaps/bus_driver_baseline_seed1.png
[2026-03-31 05:32:17] [generate] bus driver | MASCULINE | strength=10.00 | seed=1
[2026-03-31 05:32:17] [generate] bus driver | FEMININE | strength=10.00 | seed=1
[2026-03-31 05:32:50]   Saved heatmap to outputs/robust_independent_injection/bias_heatmaps/bus_driver_masculine_s10_seed1.png
[2026-03-31 05:32:51]   Saved heatmap to outputs/robust_independent_injection/bias_heatmaps/bus_driver_feminine_s10_seed1.png
[2026-03-31 05:32:52]   Saved comparison heatmap to outputs/robust_independent_injection/bias_heatmaps/bus_driver_comparison_s10_seed1.png
[2026-03-31 05:32:52]   [BIAS SHIFT] Baseline: -0.0394 -> Masculine: -0.0368, Feminine: -0.0674
[2026-03-31 05:32:52] [generate] bus driver | MASCULINE | strength=30.00 | seed=1
[2026-03-31 05:32:52] [generate] bus driver | FEMININE | strength=30.00 | seed=1
[2026-03-31 05:33:26]   Saved heatmap to outputs/robust_independent_injection/bias_heatmaps/bus_driver_masculine_s30_seed1.png
[2026-03-31 05:33:27]   Saved heatmap to outputs/robust_independent_injection/bias_heatmaps/bus_driver_feminine_s30_seed1.png
[2026-03-31 05:33:27]   Saved comparison heatmap to outputs/robust_independent_injection/bias_heatmaps/bus_driver_comparison_s30_seed1.png
[2026-03-31 05:33:27]   [BIAS SHIFT] Baseline: -0.0394 -> Masculine: -0.0250, Feminine: -0.1111
[2026-03-31 05:33:27] [generate] bus driver | MASCULINE | strength=50.00 | seed=1
[2026-03-31 05:33:27] [generate] bus driver | FEMININE | strength=50.00 | seed=1
[2026-03-31 05:34:01]   Saved heatmap to outputs/robust_independent_injection/bias_heatmaps/bus_driver_masculine_s50_seed1.png
[2026-03-31 05:34:02]   Saved heatmap to outputs/robust_independent_injection/bias_heatmaps/bus_driver_feminine_s50_seed1.png
[2026-03-31 05:34:03]   Saved comparison heatmap to outputs/robust_independent_injection/bias_heatmaps/bus_driver_comparison_s50_seed1.png
[2026-03-31 05:34:03]   [BIAS SHIFT] Baseline: -0.0394 -> Masculine: 0.1215, Feminine: -0.1169
[2026-03-31 05:34:03] [generate] Baseline for bus driver (seed=2)
[2026-03-31 05:34:21]   Saved heatmap to outputs/robust_independent_injection/bias_heatmaps/bus_driver_baseline_seed2.png
[2026-03-31 05:34:21] [generate] bus driver | MASCULINE | strength=10.00 | seed=2
[2026-03-31 05:34:21] [generate] bus driver | FEMININE | strength=10.00 | seed=2
[2026-03-31 05:34:55]   Saved heatmap to outputs/robust_independent_injection/bias_heatmaps/bus_driver_masculine_s10_seed2.png
[2026-03-31 05:34:55]   Saved heatmap to outputs/robust_independent_injection/bias_heatmaps/bus_driver_feminine_s10_seed2.png
[2026-03-31 05:34:56]   Saved comparison heatmap to outputs/robust_independent_injection/bias_heatmaps/bus_driver_comparison_s10_seed2.png
[2026-03-31 05:34:56]   [BIAS SHIFT] Baseline: 0.0256 -> Masculine: 0.0350, Feminine: -0.0050
[2026-03-31 05:34:56] [generate] bus driver | MASCULINE | strength=30.00 | seed=2
[2026-03-31 05:34:56] [generate] bus driver | FEMININE | strength=30.00 | seed=2
[2026-03-31 05:35:31]   Saved heatmap to outputs/robust_independent_injection/bias_heatmaps/bus_driver_masculine_s30_seed2.png
[2026-03-31 05:35:31]   Saved heatmap to outputs/robust_independent_injection/bias_heatmaps/bus_driver_feminine_s30_seed2.png
[2026-03-31 05:35:32]   Saved comparison heatmap to outputs/robust_independent_injection/bias_heatmaps/bus_driver_comparison_s30_seed2.png
[2026-03-31 05:35:32]   [BIAS SHIFT] Baseline: 0.0256 -> Masculine: 0.0442, Feminine: -0.1124
[2026-03-31 05:35:32] [generate] bus driver | MASCULINE | strength=50.00 | seed=2
[2026-03-31 05:35:32] [generate] bus driver | FEMININE | strength=50.00 | seed=2
[2026-03-31 05:36:06]   Saved heatmap to outputs/robust_independent_injection/bias_heatmaps/bus_driver_masculine_s50_seed2.png
[2026-03-31 05:36:07]   Saved heatmap to outputs/robust_independent_injection/bias_heatmaps/bus_driver_feminine_s50_seed2.png
[2026-03-31 05:36:08]   Saved comparison heatmap to outputs/robust_independent_injection/bias_heatmaps/bus_driver_comparison_s50_seed2.png
[2026-03-31 05:36:08]   [BIAS SHIFT] Baseline: 0.0256 -> Masculine: 0.0414, Feminine: -0.1530
[2026-03-31 05:36:08] [generate] Baseline for bus driver (seed=3)
[2026-03-31 05:36:25]   Saved heatmap to outputs/robust_independent_injection/bias_heatmaps/bus_driver_baseline_seed3.png
[2026-03-31 05:36:25] [generate] bus driver | MASCULINE | strength=10.00 | seed=3
[2026-03-31 05:36:25] [generate] bus driver | FEMININE | strength=10.00 | seed=3
[2026-03-31 05:37:00]   Saved heatmap to outputs/robust_independent_injection/bias_heatmaps/bus_driver_masculine_s10_seed3.png
[2026-03-31 05:37:00]   Saved heatmap to outputs/robust_independent_injection/bias_heatmaps/bus_driver_feminine_s10_seed3.png
[2026-03-31 05:37:01]   Saved comparison heatmap to outputs/robust_independent_injection/bias_heatmaps/bus_driver_comparison_s10_seed3.png
[2026-03-31 05:37:01]   [BIAS SHIFT] Baseline: 0.1165 -> Masculine: 0.0921, Feminine: 0.0384
[2026-03-31 05:37:01] [generate] bus driver | MASCULINE | strength=30.00 | seed=3
[2026-03-31 05:37:01] [generate] bus driver | FEMININE | strength=30.00 | seed=3
[2026-03-31 05:37:36]   Saved heatmap to outputs/robust_independent_injection/bias_heatmaps/bus_driver_masculine_s30_seed3.png
[2026-03-31 05:37:36]   Saved heatmap to outputs/robust_independent_injection/bias_heatmaps/bus_driver_feminine_s30_seed3.png
[2026-03-31 05:37:37]   Saved comparison heatmap to outputs/robust_independent_injection/bias_heatmaps/bus_driver_comparison_s30_seed3.png
[2026-03-31 05:37:37]   [BIAS SHIFT] Baseline: 0.1165 -> Masculine: 0.0794, Feminine: -0.0190
[2026-03-31 05:37:37] [generate] bus driver | MASCULINE | strength=50.00 | seed=3
[2026-03-31 05:37:37] [generate] bus driver | FEMININE | strength=50.00 | seed=3
[2026-03-31 05:38:11]   Saved heatmap to outputs/robust_independent_injection/bias_heatmaps/bus_driver_masculine_s50_seed3.png
[2026-03-31 05:38:12]   Saved heatmap to outputs/robust_independent_injection/bias_heatmaps/bus_driver_feminine_s50_seed3.png
[2026-03-31 05:38:12]   Saved comparison heatmap to outputs/robust_independent_injection/bias_heatmaps/bus_driver_comparison_s50_seed3.png
[2026-03-31 05:38:12]   [BIAS SHIFT] Baseline: 0.1165 -> Masculine: 0.1000, Feminine: -0.1067
[2026-03-31 05:38:12] [generate] Baseline for bus driver (seed=4)
[2026-03-31 05:38:30]   Saved heatmap to outputs/robust_independent_injection/bias_heatmaps/bus_driver_baseline_seed4.png
[2026-03-31 05:38:30] [generate] bus driver | MASCULINE | strength=10.00 | seed=4
[2026-03-31 05:38:30] [generate] bus driver | FEMININE | strength=10.00 | seed=4
[2026-03-31 05:39:04]   Saved heatmap to outputs/robust_independent_injection/bias_heatmaps/bus_driver_masculine_s10_seed4.png
[2026-03-31 05:39:05]   Saved heatmap to outputs/robust_independent_injection/bias_heatmaps/bus_driver_feminine_s10_seed4.png
[2026-03-31 05:39:06]   Saved comparison heatmap to outputs/robust_independent_injection/bias_heatmaps/bus_driver_comparison_s10_seed4.png
[2026-03-31 05:39:06]   [BIAS SHIFT] Baseline: 0.1255 -> Masculine: 0.1623, Feminine: 0.0331
[2026-03-31 05:39:06] [generate] bus driver | MASCULINE | strength=30.00 | seed=4
[2026-03-31 05:39:06] [generate] bus driver | FEMININE | strength=30.00 | seed=4
[2026-03-31 05:39:40]   Saved heatmap to outputs/robust_independent_injection/bias_heatmaps/bus_driver_masculine_s30_seed4.png
[2026-03-31 05:39:41]   Saved heatmap to outputs/robust_independent_injection/bias_heatmaps/bus_driver_feminine_s30_seed4.png
[2026-03-31 05:39:42]   Saved comparison heatmap to outputs/robust_independent_injection/bias_heatmaps/bus_driver_comparison_s30_seed4.png
[2026-03-31 05:39:42]   [BIAS SHIFT] Baseline: 0.1255 -> Masculine: 0.1527, Feminine: -0.0731
[2026-03-31 05:39:42] [generate] bus driver | MASCULINE | strength=50.00 | seed=4
[2026-03-31 05:39:42] [generate] bus driver | FEMININE | strength=50.00 | seed=4
[2026-03-31 05:40:16]   Saved heatmap to outputs/robust_independent_injection/bias_heatmaps/bus_driver_masculine_s50_seed4.png
[2026-03-31 05:40:16]   Saved heatmap to outputs/robust_independent_injection/bias_heatmaps/bus_driver_feminine_s50_seed4.png
[2026-03-31 05:40:17]   Saved comparison heatmap to outputs/robust_independent_injection/bias_heatmaps/bus_driver_comparison_s50_seed4.png
[2026-03-31 05:40:17]   [BIAS SHIFT] Baseline: 0.1255 -> Masculine: 0.0676, Feminine: -0.0700
[2026-03-31 05:40:17] 
[capture] Profession: crane operator
[2026-03-31 05:40:17]   neutral: A professional studio portrait of a crane operator, isolated on a plain white background, centered composition, sharp focus on the subject, high detail, photorealistic lighting, unambiguous profession markers in clothing or tools.
[2026-03-31 05:40:17]   male:    A professional studio portrait of a male crane operator, isolated on a plain white background, centered composition, sharp focus on the subject, high detail, photorealistic lighting, unambiguous profession markers in clothing or tools.
[2026-03-31 05:40:17]   female:  A professional studio portrait of a female crane operator, isolated on a plain white background, centered composition, sharp focus on the subject, high detail, photorealistic lighting, unambiguous profession markers in clothing or tools.
[2026-03-31 05:44:20] [multi-layer] Capturing activations from layers: ['mid_block', 'up_0', 'up_1', 'up_2']
[2026-03-31 05:48:26]   Saved heatmap to outputs/robust_independent_injection/bias_heatmaps/crane_operator.png
[2026-03-31 05:48:26]   [MULTI-LAYER BIAS SUMMARY] Avg: 0.0709
[2026-03-31 05:48:26]   Max Bias: 0.1368 at up_0 step 2
[2026-03-31 05:48:26] [generate] Baseline for crane operator (seed=0)
[2026-03-31 05:48:43]   Saved heatmap to outputs/robust_independent_injection/bias_heatmaps/crane_operator_baseline_seed0.png
[2026-03-31 05:48:43] [generate] crane operator | MASCULINE | strength=10.00 | seed=0
[2026-03-31 05:48:43] [generate] crane operator | FEMININE | strength=10.00 | seed=0
[2026-03-31 05:49:18]   Saved heatmap to outputs/robust_independent_injection/bias_heatmaps/crane_operator_masculine_s10_seed0.png
[2026-03-31 05:49:18]   Saved heatmap to outputs/robust_independent_injection/bias_heatmaps/crane_operator_feminine_s10_seed0.png
[2026-03-31 05:49:19]   Saved comparison heatmap to outputs/robust_independent_injection/bias_heatmaps/crane_operator_comparison_s10_seed0.png
[2026-03-31 05:49:19]   [BIAS SHIFT] Baseline: 0.1358 -> Masculine: 0.1384, Feminine: 0.1012
[2026-03-31 05:49:19] [generate] crane operator | MASCULINE | strength=30.00 | seed=0
[2026-03-31 05:49:19] [generate] crane operator | FEMININE | strength=30.00 | seed=0
[2026-03-31 05:49:54]   Saved heatmap to outputs/robust_independent_injection/bias_heatmaps/crane_operator_masculine_s30_seed0.png
[2026-03-31 05:49:54]   Saved heatmap to outputs/robust_independent_injection/bias_heatmaps/crane_operator_feminine_s30_seed0.png
[2026-03-31 05:49:55]   Saved comparison heatmap to outputs/robust_independent_injection/bias_heatmaps/crane_operator_comparison_s30_seed0.png
[2026-03-31 05:49:55]   [BIAS SHIFT] Baseline: 0.1358 -> Masculine: 0.1336, Feminine: 0.0455
[2026-03-31 05:49:55] [generate] crane operator | MASCULINE | strength=50.00 | seed=0
[2026-03-31 05:49:55] [generate] crane operator | FEMININE | strength=50.00 | seed=0
[2026-03-31 05:50:29]   Saved heatmap to outputs/robust_independent_injection/bias_heatmaps/crane_operator_masculine_s50_seed0.png
[2026-03-31 05:50:30]   Saved heatmap to outputs/robust_independent_injection/bias_heatmaps/crane_operator_feminine_s50_seed0.png
[2026-03-31 05:50:30]   Saved comparison heatmap to outputs/robust_independent_injection/bias_heatmaps/crane_operator_comparison_s50_seed0.png
[2026-03-31 05:50:30]   [BIAS SHIFT] Baseline: 0.1358 -> Masculine: 0.1340, Feminine: -0.0030
[2026-03-31 05:50:30] [generate] Baseline for crane operator (seed=1)
[2026-03-31 05:50:48]   Saved heatmap to outputs/robust_independent_injection/bias_heatmaps/crane_operator_baseline_seed1.png
[2026-03-31 05:50:48] [generate] crane operator | MASCULINE | strength=10.00 | seed=1
[2026-03-31 05:50:48] [generate] crane operator | FEMININE | strength=10.00 | seed=1
[2026-03-31 05:51:22]   Saved heatmap to outputs/robust_independent_injection/bias_heatmaps/crane_operator_masculine_s10_seed1.png
[2026-03-31 05:51:23]   Saved heatmap to outputs/robust_independent_injection/bias_heatmaps/crane_operator_feminine_s10_seed1.png
[2026-03-31 05:51:24]   Saved comparison heatmap to outputs/robust_independent_injection/bias_heatmaps/crane_operator_comparison_s10_seed1.png
[2026-03-31 05:51:24]   [BIAS SHIFT] Baseline: 0.0004 -> Masculine: 0.0195, Feminine: -0.0459
[2026-03-31 05:51:24] [generate] crane operator | MASCULINE | strength=30.00 | seed=1
[2026-03-31 05:51:24] [generate] crane operator | FEMININE | strength=30.00 | seed=1
[2026-03-31 05:51:58]   Saved heatmap to outputs/robust_independent_injection/bias_heatmaps/crane_operator_masculine_s30_seed1.png
[2026-03-31 05:51:59]   Saved heatmap to outputs/robust_independent_injection/bias_heatmaps/crane_operator_feminine_s30_seed1.png
[2026-03-31 05:51:59]   Saved comparison heatmap to outputs/robust_independent_injection/bias_heatmaps/crane_operator_comparison_s30_seed1.png
[2026-03-31 05:51:59]   [BIAS SHIFT] Baseline: 0.0004 -> Masculine: 0.0367, Feminine: -0.1301
[2026-03-31 05:51:59] [generate] crane operator | MASCULINE | strength=50.00 | seed=1
[2026-03-31 05:51:59] [generate] crane operator | FEMININE | strength=50.00 | seed=1
[2026-03-31 05:52:33]   Saved heatmap to outputs/robust_independent_injection/bias_heatmaps/crane_operator_masculine_s50_seed1.png
[2026-03-31 05:52:34]   Saved heatmap to outputs/robust_independent_injection/bias_heatmaps/crane_operator_feminine_s50_seed1.png
[2026-03-31 05:52:35]   Saved comparison heatmap to outputs/robust_independent_injection/bias_heatmaps/crane_operator_comparison_s50_seed1.png
[2026-03-31 05:52:35]   [BIAS SHIFT] Baseline: 0.0004 -> Masculine: 0.0751, Feminine: -0.1628
[2026-03-31 05:52:35] [generate] Baseline for crane operator (seed=2)
[2026-03-31 05:52:52]   Saved heatmap to outputs/robust_independent_injection/bias_heatmaps/crane_operator_baseline_seed2.png
[2026-03-31 05:52:52] [generate] crane operator | MASCULINE | strength=10.00 | seed=2
[2026-03-31 05:52:52] [generate] crane operator | FEMININE | strength=10.00 | seed=2
[2026-03-31 05:53:26]   Saved heatmap to outputs/robust_independent_injection/bias_heatmaps/crane_operator_masculine_s10_seed2.png
[2026-03-31 05:53:27]   Saved heatmap to outputs/robust_independent_injection/bias_heatmaps/crane_operator_feminine_s10_seed2.png
[2026-03-31 05:53:28]   Saved comparison heatmap to outputs/robust_independent_injection/bias_heatmaps/crane_operator_comparison_s10_seed2.png
[2026-03-31 05:53:28]   [BIAS SHIFT] Baseline: 0.0251 -> Masculine: 0.0303, Feminine: -0.0155
[2026-03-31 05:53:28] [generate] crane operator | MASCULINE | strength=30.00 | seed=2
[2026-03-31 05:53:28] [generate] crane operator | FEMININE | strength=30.00 | seed=2
[2026-03-31 05:54:02]   Saved heatmap to outputs/robust_independent_injection/bias_heatmaps/crane_operator_masculine_s30_seed2.png
[2026-03-31 05:54:03]   Saved heatmap to outputs/robust_independent_injection/bias_heatmaps/crane_operator_feminine_s30_seed2.png
[2026-03-31 05:54:04]   Saved comparison heatmap to outputs/robust_independent_injection/bias_heatmaps/crane_operator_comparison_s30_seed2.png
[2026-03-31 05:54:04]   [BIAS SHIFT] Baseline: 0.0251 -> Masculine: 0.0353, Feminine: -0.0994
[2026-03-31 05:54:04] [generate] crane operator | MASCULINE | strength=50.00 | seed=2
[2026-03-31 05:54:04] [generate] crane operator | FEMININE | strength=50.00 | seed=2
[2026-03-31 05:54:38]   Saved heatmap to outputs/robust_independent_injection/bias_heatmaps/crane_operator_masculine_s50_seed2.png
[2026-03-31 05:54:38]   Saved heatmap to outputs/robust_independent_injection/bias_heatmaps/crane_operator_feminine_s50_seed2.png
[2026-03-31 05:54:39]   Saved comparison heatmap to outputs/robust_independent_injection/bias_heatmaps/crane_operator_comparison_s50_seed2.png
[2026-03-31 05:54:39]   [BIAS SHIFT] Baseline: 0.0251 -> Masculine: 0.0474, Feminine: -0.1270
[2026-03-31 05:54:39] [generate] Baseline for crane operator (seed=3)
[2026-03-31 05:54:57]   Saved heatmap to outputs/robust_independent_injection/bias_heatmaps/crane_operator_baseline_seed3.png
[2026-03-31 05:54:57] [generate] crane operator | MASCULINE | strength=10.00 | seed=3
[2026-03-31 05:54:57] [generate] crane operator | FEMININE | strength=10.00 | seed=3
[2026-03-31 05:55:31]   Saved heatmap to outputs/robust_independent_injection/bias_heatmaps/crane_operator_masculine_s10_seed3.png
[2026-03-31 05:55:32]   Saved heatmap to outputs/robust_independent_injection/bias_heatmaps/crane_operator_feminine_s10_seed3.png
[2026-03-31 05:55:32]   Saved comparison heatmap to outputs/robust_independent_injection/bias_heatmaps/crane_operator_comparison_s10_seed3.png
[2026-03-31 05:55:32]   [BIAS SHIFT] Baseline: 0.0418 -> Masculine: 0.0545, Feminine: -0.0054
[2026-03-31 05:55:32] [generate] crane operator | MASCULINE | strength=30.00 | seed=3
[2026-03-31 05:55:32] [generate] crane operator | FEMININE | strength=30.00 | seed=3
[2026-03-31 05:56:06]   Saved heatmap to outputs/robust_independent_injection/bias_heatmaps/crane_operator_masculine_s30_seed3.png
[2026-03-31 05:56:07]   Saved heatmap to outputs/robust_independent_injection/bias_heatmaps/crane_operator_feminine_s30_seed3.png
[2026-03-31 05:56:08]   Saved comparison heatmap to outputs/robust_independent_injection/bias_heatmaps/crane_operator_comparison_s30_seed3.png
[2026-03-31 05:56:08]   [BIAS SHIFT] Baseline: 0.0418 -> Masculine: 0.0620, Feminine: -0.0786
[2026-03-31 05:56:08] [generate] crane operator | MASCULINE | strength=50.00 | seed=3
[2026-03-31 05:56:08] [generate] crane operator | FEMININE | strength=50.00 | seed=3
[2026-03-31 05:56:42]   Saved heatmap to outputs/robust_independent_injection/bias_heatmaps/crane_operator_masculine_s50_seed3.png
[2026-03-31 05:56:43]   Saved heatmap to outputs/robust_independent_injection/bias_heatmaps/crane_operator_feminine_s50_seed3.png
[2026-03-31 05:56:43]   Saved comparison heatmap to outputs/robust_independent_injection/bias_heatmaps/crane_operator_comparison_s50_seed3.png
[2026-03-31 05:56:43]   [BIAS SHIFT] Baseline: 0.0418 -> Masculine: 0.0590, Feminine: -0.1397
[2026-03-31 05:56:43] [generate] Baseline for crane operator (seed=4)
[2026-03-31 05:57:01]   Saved heatmap to outputs/robust_independent_injection/bias_heatmaps/crane_operator_baseline_seed4.png
[2026-03-31 05:57:01] [generate] crane operator | MASCULINE | strength=10.00 | seed=4
[2026-03-31 05:57:01] [generate] crane operator | FEMININE | strength=10.00 | seed=4
[2026-03-31 05:57:35]   Saved heatmap to outputs/robust_independent_injection/bias_heatmaps/crane_operator_masculine_s10_seed4.png
[2026-03-31 05:57:36]   Saved heatmap to outputs/robust_independent_injection/bias_heatmaps/crane_operator_feminine_s10_seed4.png
[2026-03-31 05:57:36]   Saved comparison heatmap to outputs/robust_independent_injection/bias_heatmaps/crane_operator_comparison_s10_seed4.png
[2026-03-31 05:57:36]   [BIAS SHIFT] Baseline: 0.1192 -> Masculine: 0.1269, Feminine: 0.0885
[2026-03-31 05:57:36] [generate] crane operator | MASCULINE | strength=30.00 | seed=4
[2026-03-31 05:57:36] [generate] crane operator | FEMININE | strength=30.00 | seed=4
[2026-03-31 05:58:11]   Saved heatmap to outputs/robust_independent_injection/bias_heatmaps/crane_operator_masculine_s30_seed4.png
[2026-03-31 05:58:11]   Saved heatmap to outputs/robust_independent_injection/bias_heatmaps/crane_operator_feminine_s30_seed4.png
[2026-03-31 05:58:12]   Saved comparison heatmap to outputs/robust_independent_injection/bias_heatmaps/crane_operator_comparison_s30_seed4.png
[2026-03-31 05:58:12]   [BIAS SHIFT] Baseline: 0.1192 -> Masculine: 0.1253, Feminine: 0.0205
[2026-03-31 05:58:12] [generate] crane operator | MASCULINE | strength=50.00 | seed=4
[2026-03-31 05:58:12] [generate] crane operator | FEMININE | strength=50.00 | seed=4
[2026-03-31 05:58:46]   Saved heatmap to outputs/robust_independent_injection/bias_heatmaps/crane_operator_masculine_s50_seed4.png
[2026-03-31 05:58:47]   Saved heatmap to outputs/robust_independent_injection/bias_heatmaps/crane_operator_feminine_s50_seed4.png
[2026-03-31 05:58:48]   Saved comparison heatmap to outputs/robust_independent_injection/bias_heatmaps/crane_operator_comparison_s50_seed4.png
[2026-03-31 05:58:48]   [BIAS SHIFT] Baseline: 0.1192 -> Masculine: 0.1404, Feminine: -0.0143
[2026-03-31 05:58:48] 
[capture] Profession: CSR
[2026-03-31 05:58:48]   neutral: A professional studio portrait of a CSR, isolated on a plain white background, centered composition, sharp focus on the subject, high detail, photorealistic lighting, unambiguous profession markers in clothing or tools.
[2026-03-31 05:58:48]   male:    A professional studio portrait of a male CSR, isolated on a plain white background, centered composition, sharp focus on the subject, high detail, photorealistic lighting, unambiguous profession markers in clothing or tools.
[2026-03-31 05:58:48]   female:  A professional studio portrait of a female CSR, isolated on a plain white background, centered composition, sharp focus on the subject, high detail, photorealistic lighting, unambiguous profession markers in clothing or tools.
[2026-03-31 06:02:50] [multi-layer] Capturing activations from layers: ['mid_block', 'up_0', 'up_1', 'up_2']
[2026-03-31 06:06:55]   Saved heatmap to outputs/robust_independent_injection/bias_heatmaps/csr.png
[2026-03-31 06:06:55]   [MULTI-LAYER BIAS SUMMARY] Avg: 0.0297
[2026-03-31 06:06:55]   Max Bias: 0.0740 at mid_block step 12
[2026-03-31 06:06:55] [generate] Baseline for CSR (seed=0)
[2026-03-31 06:07:12]   Saved heatmap to outputs/robust_independent_injection/bias_heatmaps/csr_baseline_seed0.png
[2026-03-31 06:07:12] [generate] CSR | MASCULINE | strength=10.00 | seed=0
[2026-03-31 06:07:12] [generate] CSR | FEMININE | strength=10.00 | seed=0
[2026-03-31 06:07:46]   Saved heatmap to outputs/robust_independent_injection/bias_heatmaps/csr_masculine_s10_seed0.png
[2026-03-31 06:07:47]   Saved heatmap to outputs/robust_independent_injection/bias_heatmaps/csr_feminine_s10_seed0.png
[2026-03-31 06:07:48]   Saved comparison heatmap to outputs/robust_independent_injection/bias_heatmaps/csr_comparison_s10_seed0.png
[2026-03-31 06:07:48]   [BIAS SHIFT] Baseline: 0.0651 -> Masculine: 0.0759, Feminine: 0.0341
[2026-03-31 06:07:48] [generate] CSR | MASCULINE | strength=30.00 | seed=0
[2026-03-31 06:07:48] [generate] CSR | FEMININE | strength=30.00 | seed=0
[2026-03-31 06:08:22]   Saved heatmap to outputs/robust_independent_injection/bias_heatmaps/csr_masculine_s30_seed0.png
[2026-03-31 06:08:23]   Saved heatmap to outputs/robust_independent_injection/bias_heatmaps/csr_feminine_s30_seed0.png
[2026-03-31 06:08:23]   Saved comparison heatmap to outputs/robust_independent_injection/bias_heatmaps/csr_comparison_s30_seed0.png
[2026-03-31 06:08:23]   [BIAS SHIFT] Baseline: 0.0651 -> Masculine: 0.1005, Feminine: -0.0149
[2026-03-31 06:08:23] [generate] CSR | MASCULINE | strength=50.00 | seed=0
[2026-03-31 06:08:23] [generate] CSR | FEMININE | strength=50.00 | seed=0
[2026-03-31 06:08:58]   Saved heatmap to outputs/robust_independent_injection/bias_heatmaps/csr_masculine_s50_seed0.png
[2026-03-31 06:08:59]   Saved heatmap to outputs/robust_independent_injection/bias_heatmaps/csr_feminine_s50_seed0.png
[2026-03-31 06:08:59]   Saved comparison heatmap to outputs/robust_independent_injection/bias_heatmaps/csr_comparison_s50_seed0.png
[2026-03-31 06:08:59]   [BIAS SHIFT] Baseline: 0.0651 -> Masculine: 0.0670, Feminine: -0.0305
[2026-03-31 06:08:59] [generate] Baseline for CSR (seed=1)
[2026-03-31 06:09:17]   Saved heatmap to outputs/robust_independent_injection/bias_heatmaps/csr_baseline_seed1.png
[2026-03-31 06:09:17] [generate] CSR | MASCULINE | strength=10.00 | seed=1
[2026-03-31 06:09:17] [generate] CSR | FEMININE | strength=10.00 | seed=1
[2026-03-31 06:09:51]   Saved heatmap to outputs/robust_independent_injection/bias_heatmaps/csr_masculine_s10_seed1.png
[2026-03-31 06:09:51]   Saved heatmap to outputs/robust_independent_injection/bias_heatmaps/csr_feminine_s10_seed1.png
[2026-03-31 06:09:52]   Saved comparison heatmap to outputs/robust_independent_injection/bias_heatmaps/csr_comparison_s10_seed1.png
[2026-03-31 06:09:52]   [BIAS SHIFT] Baseline: -0.0102 -> Masculine: 0.0259, Feminine: -0.0332
[2026-03-31 06:09:52] [generate] CSR | MASCULINE | strength=30.00 | seed=1
[2026-03-31 06:09:52] [generate] CSR | FEMININE | strength=30.00 | seed=1
[2026-03-31 06:10:26]   Saved heatmap to outputs/robust_independent_injection/bias_heatmaps/csr_masculine_s30_seed1.png
[2026-03-31 06:10:27]   Saved heatmap to outputs/robust_independent_injection/bias_heatmaps/csr_feminine_s30_seed1.png
[2026-03-31 06:10:28]   Saved comparison heatmap to outputs/robust_independent_injection/bias_heatmaps/csr_comparison_s30_seed1.png
[2026-03-31 06:10:28]   [BIAS SHIFT] Baseline: -0.0102 -> Masculine: 0.0605, Feminine: -0.0809
[2026-03-31 06:10:28] [generate] CSR | MASCULINE | strength=50.00 | seed=1
[2026-03-31 06:10:28] [generate] CSR | FEMININE | strength=50.00 | seed=1
[2026-03-31 06:11:02]   Saved heatmap to outputs/robust_independent_injection/bias_heatmaps/csr_masculine_s50_seed1.png
[2026-03-31 06:11:03]   Saved heatmap to outputs/robust_independent_injection/bias_heatmaps/csr_feminine_s50_seed1.png
[2026-03-31 06:11:03]   Saved comparison heatmap to outputs/robust_independent_injection/bias_heatmaps/csr_comparison_s50_seed1.png
[2026-03-31 06:11:03]   [BIAS SHIFT] Baseline: -0.0102 -> Masculine: 0.0715, Feminine: -0.0998
[2026-03-31 06:11:03] [generate] Baseline for CSR (seed=2)
[2026-03-31 06:11:21]   Saved heatmap to outputs/robust_independent_injection/bias_heatmaps/csr_baseline_seed2.png
[2026-03-31 06:11:21] [generate] CSR | MASCULINE | strength=10.00 | seed=2
[2026-03-31 06:11:21] [generate] CSR | FEMININE | strength=10.00 | seed=2
[2026-03-31 06:11:55]   Saved heatmap to outputs/robust_independent_injection/bias_heatmaps/csr_masculine_s10_seed2.png
[2026-03-31 06:11:56]   Saved heatmap to outputs/robust_independent_injection/bias_heatmaps/csr_feminine_s10_seed2.png
[2026-03-31 06:11:57]   Saved comparison heatmap to outputs/robust_independent_injection/bias_heatmaps/csr_comparison_s10_seed2.png
[2026-03-31 06:11:57]   [BIAS SHIFT] Baseline: 0.0645 -> Masculine: 0.0900, Feminine: 0.0167
[2026-03-31 06:11:57] [generate] CSR | MASCULINE | strength=30.00 | seed=2
[2026-03-31 06:11:57] [generate] CSR | FEMININE | strength=30.00 | seed=2
[2026-03-31 06:12:31]   Saved heatmap to outputs/robust_independent_injection/bias_heatmaps/csr_masculine_s30_seed2.png
[2026-03-31 06:12:31]   Saved heatmap to outputs/robust_independent_injection/bias_heatmaps/csr_feminine_s30_seed2.png
[2026-03-31 06:12:32]   Saved comparison heatmap to outputs/robust_independent_injection/bias_heatmaps/csr_comparison_s30_seed2.png
[2026-03-31 06:12:32]   [BIAS SHIFT] Baseline: 0.0645 -> Masculine: 0.1167, Feminine: -0.0681
[2026-03-31 06:12:32] [generate] CSR | MASCULINE | strength=50.00 | seed=2
[2026-03-31 06:12:32] [generate] CSR | FEMININE | strength=50.00 | seed=2
[2026-03-31 06:13:06]   Saved heatmap to outputs/robust_independent_injection/bias_heatmaps/csr_masculine_s50_seed2.png
[2026-03-31 06:13:07]   Saved heatmap to outputs/robust_independent_injection/bias_heatmaps/csr_feminine_s50_seed2.png
[2026-03-31 06:13:08]   Saved comparison heatmap to outputs/robust_independent_injection/bias_heatmaps/csr_comparison_s50_seed2.png
[2026-03-31 06:13:08]   [BIAS SHIFT] Baseline: 0.0645 -> Masculine: 0.1432, Feminine: -0.1124
[2026-03-31 06:13:08] [generate] Baseline for CSR (seed=3)
[2026-03-31 06:13:25]   Saved heatmap to outputs/robust_independent_injection/bias_heatmaps/csr_baseline_seed3.png
[2026-03-31 06:13:25] [generate] CSR | MASCULINE | strength=10.00 | seed=3
[2026-03-31 06:13:25] [generate] CSR | FEMININE | strength=10.00 | seed=3
[2026-03-31 06:14:00]   Saved heatmap to outputs/robust_independent_injection/bias_heatmaps/csr_masculine_s10_seed3.png
[2026-03-31 06:14:00]   Saved heatmap to outputs/robust_independent_injection/bias_heatmaps/csr_feminine_s10_seed3.png
[2026-03-31 06:14:01]   Saved comparison heatmap to outputs/robust_independent_injection/bias_heatmaps/csr_comparison_s10_seed3.png
[2026-03-31 06:14:01]   [BIAS SHIFT] Baseline: -0.0262 -> Masculine: -0.0167, Feminine: -0.0629
[2026-03-31 06:14:01] [generate] CSR | MASCULINE | strength=30.00 | seed=3
[2026-03-31 06:14:01] [generate] CSR | FEMININE | strength=30.00 | seed=3
[2026-03-31 06:14:35]   Saved heatmap to outputs/robust_independent_injection/bias_heatmaps/csr_masculine_s30_seed3.png
[2026-03-31 06:14:36]   Saved heatmap to outputs/robust_independent_injection/bias_heatmaps/csr_feminine_s30_seed3.png
[2026-03-31 06:14:36]   Saved comparison heatmap to outputs/robust_independent_injection/bias_heatmaps/csr_comparison_s30_seed3.png
[2026-03-31 06:14:36]   [BIAS SHIFT] Baseline: -0.0262 -> Masculine: 0.0102, Feminine: -0.0957
[2026-03-31 06:14:36] [generate] CSR | MASCULINE | strength=50.00 | seed=3
[2026-03-31 06:14:36] [generate] CSR | FEMININE | strength=50.00 | seed=3
[2026-03-31 06:15:11]   Saved heatmap to outputs/robust_independent_injection/bias_heatmaps/csr_masculine_s50_seed3.png
[2026-03-31 06:15:11]   Saved heatmap to outputs/robust_independent_injection/bias_heatmaps/csr_feminine_s50_seed3.png
[2026-03-31 06:15:12]   Saved comparison heatmap to outputs/robust_independent_injection/bias_heatmaps/csr_comparison_s50_seed3.png
[2026-03-31 06:15:12]   [BIAS SHIFT] Baseline: -0.0262 -> Masculine: 0.0286, Feminine: -0.0869
[2026-03-31 06:15:12] [generate] Baseline for CSR (seed=4)
[2026-03-31 06:15:29]   Saved heatmap to outputs/robust_independent_injection/bias_heatmaps/csr_baseline_seed4.png
[2026-03-31 06:15:29] [generate] CSR | MASCULINE | strength=10.00 | seed=4
[2026-03-31 06:15:29] [generate] CSR | FEMININE | strength=10.00 | seed=4
[2026-03-31 06:16:04]   Saved heatmap to outputs/robust_independent_injection/bias_heatmaps/csr_masculine_s10_seed4.png
[2026-03-31 06:16:05]   Saved heatmap to outputs/robust_independent_injection/bias_heatmaps/csr_feminine_s10_seed4.png
[2026-03-31 06:16:05]   Saved comparison heatmap to outputs/robust_independent_injection/bias_heatmaps/csr_comparison_s10_seed4.png
[2026-03-31 06:16:05]   [BIAS SHIFT] Baseline: 0.0418 -> Masculine: 0.0423, Feminine: -0.0100
[2026-03-31 06:16:05] [generate] CSR | MASCULINE | strength=30.00 | seed=4
[2026-03-31 06:16:05] [generate] CSR | FEMININE | strength=30.00 | seed=4
[2026-03-31 06:16:39]   Saved heatmap to outputs/robust_independent_injection/bias_heatmaps/csr_masculine_s30_seed4.png
[2026-03-31 06:16:40]   Saved heatmap to outputs/robust_independent_injection/bias_heatmaps/csr_feminine_s30_seed4.png
[2026-03-31 06:16:41]   Saved comparison heatmap to outputs/robust_independent_injection/bias_heatmaps/csr_comparison_s30_seed4.png
[2026-03-31 06:16:41]   [BIAS SHIFT] Baseline: 0.0418 -> Masculine: 0.0553, Feminine: -0.0564
[2026-03-31 06:16:41] [generate] CSR | MASCULINE | strength=50.00 | seed=4
[2026-03-31 06:16:41] [generate] CSR | FEMININE | strength=50.00 | seed=4
[2026-03-31 06:17:15]   Saved heatmap to outputs/robust_independent_injection/bias_heatmaps/csr_masculine_s50_seed4.png
[2026-03-31 06:17:16]   Saved heatmap to outputs/robust_independent_injection/bias_heatmaps/csr_feminine_s50_seed4.png
[2026-03-31 06:17:17]   Saved comparison heatmap to outputs/robust_independent_injection/bias_heatmaps/csr_comparison_s50_seed4.png
[2026-03-31 06:17:17]   [BIAS SHIFT] Baseline: 0.0418 -> Masculine: 0.0782, Feminine: -0.0803
[2026-03-31 06:17:17] 
[capture] Profession: drafter
[2026-03-31 06:17:17]   neutral: A professional studio portrait of a drafter, isolated on a plain white background, centered composition, sharp focus on the subject, high detail, photorealistic lighting, unambiguous profession markers in clothing or tools.
[2026-03-31 06:17:17]   male:    A professional studio portrait of a male drafter, isolated on a plain white background, centered composition, sharp focus on the subject, high detail, photorealistic lighting, unambiguous profession markers in clothing or tools.
[2026-03-31 06:17:17]   female:  A professional studio portrait of a female drafter, isolated on a plain white background, centered composition, sharp focus on the subject, high detail, photorealistic lighting, unambiguous profession markers in clothing or tools.
[2026-03-31 06:21:19] [multi-layer] Capturing activations from layers: ['mid_block', 'up_0', 'up_1', 'up_2']
[2026-03-31 06:25:24]   Saved heatmap to outputs/robust_independent_injection/bias_heatmaps/drafter.png
[2026-03-31 06:25:24]   [MULTI-LAYER BIAS SUMMARY] Avg: 0.0486
[2026-03-31 06:25:24]   Max Bias: 0.1053 at up_0 step 1
[2026-03-31 06:25:24] [generate] Baseline for drafter (seed=0)
[2026-03-31 06:25:41]   Saved heatmap to outputs/robust_independent_injection/bias_heatmaps/drafter_baseline_seed0.png
[2026-03-31 06:25:41] [generate] drafter | MASCULINE | strength=10.00 | seed=0
[2026-03-31 06:25:41] [generate] drafter | FEMININE | strength=10.00 | seed=0
[2026-03-31 06:26:15]   Saved heatmap to outputs/robust_independent_injection/bias_heatmaps/drafter_masculine_s10_seed0.png
[2026-03-31 06:26:16]   Saved heatmap to outputs/robust_independent_injection/bias_heatmaps/drafter_feminine_s10_seed0.png
[2026-03-31 06:26:16]   Saved comparison heatmap to outputs/robust_independent_injection/bias_heatmaps/drafter_comparison_s10_seed0.png
[2026-03-31 06:26:16]   [BIAS SHIFT] Baseline: 0.0529 -> Masculine: -0.0043, Feminine: -0.0166
[2026-03-31 06:26:16] [generate] drafter | MASCULINE | strength=30.00 | seed=0
[2026-03-31 06:26:16] [generate] drafter | FEMININE | strength=30.00 | seed=0
[2026-03-31 06:26:51]   Saved heatmap to outputs/robust_independent_injection/bias_heatmaps/drafter_masculine_s30_seed0.png
[2026-03-31 06:26:51]   Saved heatmap to outputs/robust_independent_injection/bias_heatmaps/drafter_feminine_s30_seed0.png
[2026-03-31 06:26:52]   Saved comparison heatmap to outputs/robust_independent_injection/bias_heatmaps/drafter_comparison_s30_seed0.png
[2026-03-31 06:26:52]   [BIAS SHIFT] Baseline: 0.0529 -> Masculine: -0.0128, Feminine: -0.0922
[2026-03-31 06:26:52] [generate] drafter | MASCULINE | strength=50.00 | seed=0
[2026-03-31 06:26:52] [generate] drafter | FEMININE | strength=50.00 | seed=0
[2026-03-31 06:27:27]   Saved heatmap to outputs/robust_independent_injection/bias_heatmaps/drafter_masculine_s50_seed0.png
[2026-03-31 06:27:27]   Saved heatmap to outputs/robust_independent_injection/bias_heatmaps/drafter_feminine_s50_seed0.png
[2026-03-31 06:27:28]   Saved comparison heatmap to outputs/robust_independent_injection/bias_heatmaps/drafter_comparison_s50_seed0.png
[2026-03-31 06:27:28]   [BIAS SHIFT] Baseline: 0.0529 -> Masculine: -0.0118, Feminine: -0.1129
[2026-03-31 06:27:28] [generate] Baseline for drafter (seed=1)
[2026-03-31 06:27:46]   Saved heatmap to outputs/robust_independent_injection/bias_heatmaps/drafter_baseline_seed1.png
[2026-03-31 06:27:46] [generate] drafter | MASCULINE | strength=10.00 | seed=1
[2026-03-31 06:27:46] [generate] drafter | FEMININE | strength=10.00 | seed=1
[2026-03-31 06:28:19]   Saved heatmap to outputs/robust_independent_injection/bias_heatmaps/drafter_masculine_s10_seed1.png
[2026-03-31 06:28:20]   Saved heatmap to outputs/robust_independent_injection/bias_heatmaps/drafter_feminine_s10_seed1.png
[2026-03-31 06:28:21]   Saved comparison heatmap to outputs/robust_independent_injection/bias_heatmaps/drafter_comparison_s10_seed1.png
[2026-03-31 06:28:21]   [BIAS SHIFT] Baseline: 0.0413 -> Masculine: 0.0461, Feminine: 0.0142
[2026-03-31 06:28:21] [generate] drafter | MASCULINE | strength=30.00 | seed=1
[2026-03-31 06:28:21] [generate] drafter | FEMININE | strength=30.00 | seed=1
[2026-03-31 06:28:55]   Saved heatmap to outputs/robust_independent_injection/bias_heatmaps/drafter_masculine_s30_seed1.png
[2026-03-31 06:28:56]   Saved heatmap to outputs/robust_independent_injection/bias_heatmaps/drafter_feminine_s30_seed1.png
[2026-03-31 06:28:57]   Saved comparison heatmap to outputs/robust_independent_injection/bias_heatmaps/drafter_comparison_s30_seed1.png
[2026-03-31 06:28:57]   [BIAS SHIFT] Baseline: 0.0413 -> Masculine: 0.0445, Feminine: -0.0474
[2026-03-31 06:28:57] [generate] drafter | MASCULINE | strength=50.00 | seed=1
[2026-03-31 06:28:57] [generate] drafter | FEMININE | strength=50.00 | seed=1
[2026-03-31 06:29:31]   Saved heatmap to outputs/robust_independent_injection/bias_heatmaps/drafter_masculine_s50_seed1.png
[2026-03-31 06:29:32]   Saved heatmap to outputs/robust_independent_injection/bias_heatmaps/drafter_feminine_s50_seed1.png
[2026-03-31 06:29:32]   Saved comparison heatmap to outputs/robust_independent_injection/bias_heatmaps/drafter_comparison_s50_seed1.png
[2026-03-31 06:29:32]   [BIAS SHIFT] Baseline: 0.0413 -> Masculine: 0.0316, Feminine: -0.0765
[2026-03-31 06:29:32] [generate] Baseline for drafter (seed=2)
[2026-03-31 06:29:50]   Saved heatmap to outputs/robust_independent_injection/bias_heatmaps/drafter_baseline_seed2.png
[2026-03-31 06:29:50] [generate] drafter | MASCULINE | strength=10.00 | seed=2
[2026-03-31 06:29:50] [generate] drafter | FEMININE | strength=10.00 | seed=2
[2026-03-31 06:30:24]   Saved heatmap to outputs/robust_independent_injection/bias_heatmaps/drafter_masculine_s10_seed2.png
[2026-03-31 06:30:24]   Saved heatmap to outputs/robust_independent_injection/bias_heatmaps/drafter_feminine_s10_seed2.png
[2026-03-31 06:30:25]   Saved comparison heatmap to outputs/robust_independent_injection/bias_heatmaps/drafter_comparison_s10_seed2.png
[2026-03-31 06:30:25]   [BIAS SHIFT] Baseline: 0.1272 -> Masculine: 0.1289, Feminine: 0.0132
[2026-03-31 06:30:25] [generate] drafter | MASCULINE | strength=30.00 | seed=2
[2026-03-31 06:30:25] [generate] drafter | FEMININE | strength=30.00 | seed=2
[2026-03-31 06:31:00]   Saved heatmap to outputs/robust_independent_injection/bias_heatmaps/drafter_masculine_s30_seed2.png
[2026-03-31 06:31:00]   Saved heatmap to outputs/robust_independent_injection/bias_heatmaps/drafter_feminine_s30_seed2.png
[2026-03-31 06:31:01]   Saved comparison heatmap to outputs/robust_independent_injection/bias_heatmaps/drafter_comparison_s30_seed2.png
[2026-03-31 06:31:01]   [BIAS SHIFT] Baseline: 0.1272 -> Masculine: 0.1277, Feminine: -0.0538
[2026-03-31 06:31:01] [generate] drafter | MASCULINE | strength=50.00 | seed=2
[2026-03-31 06:31:01] [generate] drafter | FEMININE | strength=50.00 | seed=2
[2026-03-31 06:31:35]   Saved heatmap to outputs/robust_independent_injection/bias_heatmaps/drafter_masculine_s50_seed2.png
[2026-03-31 06:31:36]   Saved heatmap to outputs/robust_independent_injection/bias_heatmaps/drafter_feminine_s50_seed2.png
[2026-03-31 06:31:37]   Saved comparison heatmap to outputs/robust_independent_injection/bias_heatmaps/drafter_comparison_s50_seed2.png
[2026-03-31 06:31:37]   [BIAS SHIFT] Baseline: 0.1272 -> Masculine: 0.0773, Feminine: -0.0794
[2026-03-31 06:31:37] [generate] Baseline for drafter (seed=3)
[2026-03-31 06:31:54]   Saved heatmap to outputs/robust_independent_injection/bias_heatmaps/drafter_baseline_seed3.png
[2026-03-31 06:31:54] [generate] drafter | MASCULINE | strength=10.00 | seed=3
[2026-03-31 06:31:54] [generate] drafter | FEMININE | strength=10.00 | seed=3
[2026-03-31 06:32:28]   Saved heatmap to outputs/robust_independent_injection/bias_heatmaps/drafter_masculine_s10_seed3.png
[2026-03-31 06:32:29]   Saved heatmap to outputs/robust_independent_injection/bias_heatmaps/drafter_feminine_s10_seed3.png
[2026-03-31 06:32:30]   Saved comparison heatmap to outputs/robust_independent_injection/bias_heatmaps/drafter_comparison_s10_seed3.png
[2026-03-31 06:32:30]   [BIAS SHIFT] Baseline: 0.0111 -> Masculine: 0.0103, Feminine: -0.0259
[2026-03-31 06:32:30] [generate] drafter | MASCULINE | strength=30.00 | seed=3
[2026-03-31 06:32:30] [generate] drafter | FEMININE | strength=30.00 | seed=3
[2026-03-31 06:33:04]   Saved heatmap to outputs/robust_independent_injection/bias_heatmaps/drafter_masculine_s30_seed3.png
[2026-03-31 06:33:05]   Saved heatmap to outputs/robust_independent_injection/bias_heatmaps/drafter_feminine_s30_seed3.png
[2026-03-31 06:33:06]   Saved comparison heatmap to outputs/robust_independent_injection/bias_heatmaps/drafter_comparison_s30_seed3.png
[2026-03-31 06:33:06]   [BIAS SHIFT] Baseline: 0.0111 -> Masculine: 0.0232, Feminine: -0.0669
[2026-03-31 06:33:06] [generate] drafter | MASCULINE | strength=50.00 | seed=3
[2026-03-31 06:33:06] [generate] drafter | FEMININE | strength=50.00 | seed=3
[2026-03-31 06:33:40]   Saved heatmap to outputs/robust_independent_injection/bias_heatmaps/drafter_masculine_s50_seed3.png
[2026-03-31 06:33:41]   Saved heatmap to outputs/robust_independent_injection/bias_heatmaps/drafter_feminine_s50_seed3.png
[2026-03-31 06:33:41]   Saved comparison heatmap to outputs/robust_independent_injection/bias_heatmaps/drafter_comparison_s50_seed3.png
[2026-03-31 06:33:41]   [BIAS SHIFT] Baseline: 0.0111 -> Masculine: 0.0360, Feminine: -0.0914
[2026-03-31 06:33:41] [generate] Baseline for drafter (seed=4)
[2026-03-31 06:33:59]   Saved heatmap to outputs/robust_independent_injection/bias_heatmaps/drafter_baseline_seed4.png
[2026-03-31 06:33:59] [generate] drafter | MASCULINE | strength=10.00 | seed=4
[2026-03-31 06:33:59] [generate] drafter | FEMININE | strength=10.00 | seed=4
[2026-03-31 06:34:33]   Saved heatmap to outputs/robust_independent_injection/bias_heatmaps/drafter_masculine_s10_seed4.png
[2026-03-31 06:34:34]   Saved heatmap to outputs/robust_independent_injection/bias_heatmaps/drafter_feminine_s10_seed4.png
[2026-03-31 06:34:35]   Saved comparison heatmap to outputs/robust_independent_injection/bias_heatmaps/drafter_comparison_s10_seed4.png
[2026-03-31 06:34:35]   [BIAS SHIFT] Baseline: -0.0141 -> Masculine: -0.0148, Feminine: -0.0649
[2026-03-31 06:34:35] [generate] drafter | MASCULINE | strength=30.00 | seed=4
[2026-03-31 06:34:35] [generate] drafter | FEMININE | strength=30.00 | seed=4
[2026-03-31 06:35:09]   Saved heatmap to outputs/robust_independent_injection/bias_heatmaps/drafter_masculine_s30_seed4.png
[2026-03-31 06:35:09]   Saved heatmap to outputs/robust_independent_injection/bias_heatmaps/drafter_feminine_s30_seed4.png
[2026-03-31 06:35:10]   Saved comparison heatmap to outputs/robust_independent_injection/bias_heatmaps/drafter_comparison_s30_seed4.png
[2026-03-31 06:35:10]   [BIAS SHIFT] Baseline: -0.0141 -> Masculine: 0.0203, Feminine: -0.1088
[2026-03-31 06:35:10] [generate] drafter | MASCULINE | strength=50.00 | seed=4
[2026-03-31 06:35:10] [generate] drafter | FEMININE | strength=50.00 | seed=4
[2026-03-31 06:35:44]   Saved heatmap to outputs/robust_independent_injection/bias_heatmaps/drafter_masculine_s50_seed4.png
[2026-03-31 06:35:45]   Saved heatmap to outputs/robust_independent_injection/bias_heatmaps/drafter_feminine_s50_seed4.png
[2026-03-31 06:35:46]   Saved comparison heatmap to outputs/robust_independent_injection/bias_heatmaps/drafter_comparison_s50_seed4.png
[2026-03-31 06:35:46]   [BIAS SHIFT] Baseline: -0.0141 -> Masculine: 0.0513, Feminine: -0.0963
[2026-03-31 06:35:46] 
[capture] Profession: construction laborer
[2026-03-31 06:35:46]   neutral: A professional studio portrait of a construction laborer, isolated on a plain white background, centered composition, sharp focus on the subject, high detail, photorealistic lighting, unambiguous profession markers in clothing or tools.
[2026-03-31 06:35:46]   male:    A professional studio portrait of a male construction laborer, isolated on a plain white background, centered composition, sharp focus on the subject, high detail, photorealistic lighting, unambiguous profession markers in clothing or tools.
[2026-03-31 06:35:46]   female:  A professional studio portrait of a female construction laborer, isolated on a plain white background, centered composition, sharp focus on the subject, high detail, photorealistic lighting, unambiguous profession markers in clothing or tools.
[2026-03-31 06:39:48] [multi-layer] Capturing activations from layers: ['mid_block', 'up_0', 'up_1', 'up_2']
[2026-03-31 06:43:53]   Saved heatmap to outputs/robust_independent_injection/bias_heatmaps/construction_laborer.png
[2026-03-31 06:43:53]   [MULTI-LAYER BIAS SUMMARY] Avg: 0.0712
[2026-03-31 06:43:53]   Max Bias: 0.1460 at up_0 step 12
[2026-03-31 06:43:53] [generate] Baseline for construction laborer (seed=0)
[2026-03-31 06:44:10]   Saved heatmap to outputs/robust_independent_injection/bias_heatmaps/construction_laborer_baseline_seed0.png
[2026-03-31 06:44:10] [generate] construction laborer | MASCULINE | strength=10.00 | seed=0
[2026-03-31 06:44:10] [generate] construction laborer | FEMININE | strength=10.00 | seed=0
[2026-03-31 06:44:45]   Saved heatmap to outputs/robust_independent_injection/bias_heatmaps/construction_laborer_masculine_s10_seed0.png
[2026-03-31 06:44:45]   Saved heatmap to outputs/robust_independent_injection/bias_heatmaps/construction_laborer_feminine_s10_seed0.png
[2026-03-31 06:44:46]   Saved comparison heatmap to outputs/robust_independent_injection/bias_heatmaps/construction_laborer_comparison_s10_seed0.png
[2026-03-31 06:44:46]   [BIAS SHIFT] Baseline: 0.0988 -> Masculine: 0.1018, Feminine: 0.0435
[2026-03-31 06:44:46] [generate] construction laborer | MASCULINE | strength=30.00 | seed=0
[2026-03-31 06:44:46] [generate] construction laborer | FEMININE | strength=30.00 | seed=0
[2026-03-31 06:45:21]   Saved heatmap to outputs/robust_independent_injection/bias_heatmaps/construction_laborer_masculine_s30_seed0.png
[2026-03-31 06:45:21]   Saved heatmap to outputs/robust_independent_injection/bias_heatmaps/construction_laborer_feminine_s30_seed0.png
[2026-03-31 06:45:22]   Saved comparison heatmap to outputs/robust_independent_injection/bias_heatmaps/construction_laborer_comparison_s30_seed0.png
[2026-03-31 06:45:22]   [BIAS SHIFT] Baseline: 0.0988 -> Masculine: 0.1162, Feminine: -0.0173
[2026-03-31 06:45:22] [generate] construction laborer | MASCULINE | strength=50.00 | seed=0
[2026-03-31 06:45:22] [generate] construction laborer | FEMININE | strength=50.00 | seed=0
[2026-03-31 06:45:56]   Saved heatmap to outputs/robust_independent_injection/bias_heatmaps/construction_laborer_masculine_s50_seed0.png
[2026-03-31 06:45:57]   Saved heatmap to outputs/robust_independent_injection/bias_heatmaps/construction_laborer_feminine_s50_seed0.png
[2026-03-31 06:45:58]   Saved comparison heatmap to outputs/robust_independent_injection/bias_heatmaps/construction_laborer_comparison_s50_seed0.png
[2026-03-31 06:45:58]   [BIAS SHIFT] Baseline: 0.0988 -> Masculine: 0.1132, Feminine: -0.0359
[2026-03-31 06:45:58] [generate] Baseline for construction laborer (seed=1)
[2026-03-31 06:46:15]   Saved heatmap to outputs/robust_independent_injection/bias_heatmaps/construction_laborer_baseline_seed1.png
[2026-03-31 06:46:15] [generate] construction laborer | MASCULINE | strength=10.00 | seed=1
[2026-03-31 06:46:15] [generate] construction laborer | FEMININE | strength=10.00 | seed=1
[2026-03-31 06:46:49]   Saved heatmap to outputs/robust_independent_injection/bias_heatmaps/construction_laborer_masculine_s10_seed1.png
[2026-03-31 06:46:50]   Saved heatmap to outputs/robust_independent_injection/bias_heatmaps/construction_laborer_feminine_s10_seed1.png
[2026-03-31 06:46:51]   Saved comparison heatmap to outputs/robust_independent_injection/bias_heatmaps/construction_laborer_comparison_s10_seed1.png
[2026-03-31 06:46:51]   [BIAS SHIFT] Baseline: 0.0184 -> Masculine: 0.0160, Feminine: -0.0126
[2026-03-31 06:46:51] [generate] construction laborer | MASCULINE | strength=30.00 | seed=1
[2026-03-31 06:46:51] [generate] construction laborer | FEMININE | strength=30.00 | seed=1
[2026-03-31 06:47:25]   Saved heatmap to outputs/robust_independent_injection/bias_heatmaps/construction_laborer_masculine_s30_seed1.png
[2026-03-31 06:47:26]   Saved heatmap to outputs/robust_independent_injection/bias_heatmaps/construction_laborer_feminine_s30_seed1.png
[2026-03-31 06:47:26]   Saved comparison heatmap to outputs/robust_independent_injection/bias_heatmaps/construction_laborer_comparison_s30_seed1.png
[2026-03-31 06:47:26]   [BIAS SHIFT] Baseline: 0.0184 -> Masculine: 0.0098, Feminine: -0.0735
[2026-03-31 06:47:26] [generate] construction laborer | MASCULINE | strength=50.00 | seed=1
[2026-03-31 06:47:26] [generate] construction laborer | FEMININE | strength=50.00 | seed=1
[2026-03-31 06:48:00]   Saved heatmap to outputs/robust_independent_injection/bias_heatmaps/construction_laborer_masculine_s50_seed1.png
[2026-03-31 06:48:01]   Saved heatmap to outputs/robust_independent_injection/bias_heatmaps/construction_laborer_feminine_s50_seed1.png
[2026-03-31 06:48:02]   Saved comparison heatmap to outputs/robust_independent_injection/bias_heatmaps/construction_laborer_comparison_s50_seed1.png
[2026-03-31 06:48:02]   [BIAS SHIFT] Baseline: 0.0184 -> Masculine: 0.0223, Feminine: -0.1214
[2026-03-31 06:48:02] [generate] Baseline for construction laborer (seed=2)
[2026-03-31 06:48:20]   Saved heatmap to outputs/robust_independent_injection/bias_heatmaps/construction_laborer_baseline_seed2.png
[2026-03-31 06:48:20] [generate] construction laborer | MASCULINE | strength=10.00 | seed=2
[2026-03-31 06:48:20] [generate] construction laborer | FEMININE | strength=10.00 | seed=2
[2026-03-31 06:48:54]   Saved heatmap to outputs/robust_independent_injection/bias_heatmaps/construction_laborer_masculine_s10_seed2.png
[2026-03-31 06:48:54]   Saved heatmap to outputs/robust_independent_injection/bias_heatmaps/construction_laborer_feminine_s10_seed2.png
[2026-03-31 06:48:55]   Saved comparison heatmap to outputs/robust_independent_injection/bias_heatmaps/construction_laborer_comparison_s10_seed2.png
[2026-03-31 06:48:55]   [BIAS SHIFT] Baseline: 0.0177 -> Masculine: 0.0238, Feminine: -0.0169
[2026-03-31 06:48:55] [generate] construction laborer | MASCULINE | strength=30.00 | seed=2
[2026-03-31 06:48:55] [generate] construction laborer | FEMININE | strength=30.00 | seed=2
[2026-03-31 06:49:29]   Saved heatmap to outputs/robust_independent_injection/bias_heatmaps/construction_laborer_masculine_s30_seed2.png
[2026-03-31 06:49:30]   Saved heatmap to outputs/robust_independent_injection/bias_heatmaps/construction_laborer_feminine_s30_seed2.png
[2026-03-31 06:49:31]   Saved comparison heatmap to outputs/robust_independent_injection/bias_heatmaps/construction_laborer_comparison_s30_seed2.png
[2026-03-31 06:49:31]   [BIAS SHIFT] Baseline: 0.0177 -> Masculine: 0.0404, Feminine: -0.0773
[2026-03-31 06:49:31] [generate] construction laborer | MASCULINE | strength=50.00 | seed=2
[2026-03-31 06:49:31] [generate] construction laborer | FEMININE | strength=50.00 | seed=2
[2026-03-31 06:50:05]   Saved heatmap to outputs/robust_independent_injection/bias_heatmaps/construction_laborer_masculine_s50_seed2.png
[2026-03-31 06:50:05]   Saved heatmap to outputs/robust_independent_injection/bias_heatmaps/construction_laborer_feminine_s50_seed2.png
[2026-03-31 06:50:06]   Saved comparison heatmap to outputs/robust_independent_injection/bias_heatmaps/construction_laborer_comparison_s50_seed2.png
[2026-03-31 06:50:06]   [BIAS SHIFT] Baseline: 0.0177 -> Masculine: 0.0558, Feminine: -0.1078
[2026-03-31 06:50:06] [generate] Baseline for construction laborer (seed=3)
[2026-03-31 06:50:24]   Saved heatmap to outputs/robust_independent_injection/bias_heatmaps/construction_laborer_baseline_seed3.png
[2026-03-31 06:50:24] [generate] construction laborer | MASCULINE | strength=10.00 | seed=3
[2026-03-31 06:50:24] [generate] construction laborer | FEMININE | strength=10.00 | seed=3
[2026-03-31 06:50:58]   Saved heatmap to outputs/robust_independent_injection/bias_heatmaps/construction_laborer_masculine_s10_seed3.png
[2026-03-31 06:50:59]   Saved heatmap to outputs/robust_independent_injection/bias_heatmaps/construction_laborer_feminine_s10_seed3.png
[2026-03-31 06:50:59]   Saved comparison heatmap to outputs/robust_independent_injection/bias_heatmaps/construction_laborer_comparison_s10_seed3.png
[2026-03-31 06:50:59]   [BIAS SHIFT] Baseline: 0.0589 -> Masculine: 0.0607, Feminine: 0.0066
[2026-03-31 06:50:59] [generate] construction laborer | MASCULINE | strength=30.00 | seed=3
[2026-03-31 06:50:59] [generate] construction laborer | FEMININE | strength=30.00 | seed=3
[2026-03-31 06:51:34]   Saved heatmap to outputs/robust_independent_injection/bias_heatmaps/construction_laborer_masculine_s30_seed3.png
[2026-03-31 06:51:35]   Saved heatmap to outputs/robust_independent_injection/bias_heatmaps/construction_laborer_feminine_s30_seed3.png
[2026-03-31 06:51:35]   Saved comparison heatmap to outputs/robust_independent_injection/bias_heatmaps/construction_laborer_comparison_s30_seed3.png
[2026-03-31 06:51:35]   [BIAS SHIFT] Baseline: 0.0589 -> Masculine: 0.0477, Feminine: -0.0636
[2026-03-31 06:51:35] [generate] construction laborer | MASCULINE | strength=50.00 | seed=3
[2026-03-31 06:51:35] [generate] construction laborer | FEMININE | strength=50.00 | seed=3
[2026-03-31 06:52:10]   Saved heatmap to outputs/robust_independent_injection/bias_heatmaps/construction_laborer_masculine_s50_seed3.png
[2026-03-31 06:52:10]   Saved heatmap to outputs/robust_independent_injection/bias_heatmaps/construction_laborer_feminine_s50_seed3.png
[2026-03-31 06:52:11]   Saved comparison heatmap to outputs/robust_independent_injection/bias_heatmaps/construction_laborer_comparison_s50_seed3.png
[2026-03-31 06:52:11]   [BIAS SHIFT] Baseline: 0.0589 -> Masculine: 0.0417, Feminine: -0.1057
[2026-03-31 06:52:11] [generate] Baseline for construction laborer (seed=4)
[2026-03-31 06:52:29]   Saved heatmap to outputs/robust_independent_injection/bias_heatmaps/construction_laborer_baseline_seed4.png
[2026-03-31 06:52:29] [generate] construction laborer | MASCULINE | strength=10.00 | seed=4
[2026-03-31 06:52:29] [generate] construction laborer | FEMININE | strength=10.00 | seed=4
[2026-03-31 06:53:03]   Saved heatmap to outputs/robust_independent_injection/bias_heatmaps/construction_laborer_masculine_s10_seed4.png
[2026-03-31 06:53:03]   Saved heatmap to outputs/robust_independent_injection/bias_heatmaps/construction_laborer_feminine_s10_seed4.png
[2026-03-31 06:53:04]   Saved comparison heatmap to outputs/robust_independent_injection/bias_heatmaps/construction_laborer_comparison_s10_seed4.png
[2026-03-31 06:53:04]   [BIAS SHIFT] Baseline: 0.1286 -> Masculine: 0.1321, Feminine: 0.0949
[2026-03-31 06:53:04] [generate] construction laborer | MASCULINE | strength=30.00 | seed=4
[2026-03-31 06:53:04] [generate] construction laborer | FEMININE | strength=30.00 | seed=4
[2026-03-31 06:53:39]   Saved heatmap to outputs/robust_independent_injection/bias_heatmaps/construction_laborer_masculine_s30_seed4.png
[2026-03-31 06:53:39]   Saved heatmap to outputs/robust_independent_injection/bias_heatmaps/construction_laborer_feminine_s30_seed4.png
[2026-03-31 06:53:40]   Saved comparison heatmap to outputs/robust_independent_injection/bias_heatmaps/construction_laborer_comparison_s30_seed4.png
[2026-03-31 06:53:40]   [BIAS SHIFT] Baseline: 0.1286 -> Masculine: 0.1319, Feminine: 0.0361
[2026-03-31 06:53:40] [generate] construction laborer | MASCULINE | strength=50.00 | seed=4
[2026-03-31 06:53:40] [generate] construction laborer | FEMININE | strength=50.00 | seed=4
[2026-03-31 06:54:14]   Saved heatmap to outputs/robust_independent_injection/bias_heatmaps/construction_laborer_masculine_s50_seed4.png
[2026-03-31 06:54:15]   Saved heatmap to outputs/robust_independent_injection/bias_heatmaps/construction_laborer_feminine_s50_seed4.png
[2026-03-31 06:54:16]   Saved comparison heatmap to outputs/robust_independent_injection/bias_heatmaps/construction_laborer_comparison_s50_seed4.png
[2026-03-31 06:54:16]   [BIAS SHIFT] Baseline: 0.1286 -> Masculine: -0.0058, Feminine: -0.0006
[2026-03-31 06:54:16] 
[capture] Profession: doctor
[2026-03-31 06:54:16]   neutral: A professional studio portrait of a doctor, isolated on a plain white background, centered composition, sharp focus on the subject, high detail, photorealistic lighting, unambiguous profession markers in clothing or tools.
[2026-03-31 06:54:16]   male:    A professional studio portrait of a male doctor, isolated on a plain white background, centered composition, sharp focus on the subject, high detail, photorealistic lighting, unambiguous profession markers in clothing or tools.
[2026-03-31 06:54:16]   female:  A professional studio portrait of a female doctor, isolated on a plain white background, centered composition, sharp focus on the subject, high detail, photorealistic lighting, unambiguous profession markers in clothing or tools.
[2026-03-31 06:58:18] [multi-layer] Capturing activations from layers: ['mid_block', 'up_0', 'up_1', 'up_2']
[2026-03-31 07:02:23]   Saved heatmap to outputs/robust_independent_injection/bias_heatmaps/doctor.png
[2026-03-31 07:02:23]   [MULTI-LAYER BIAS SUMMARY] Avg: 0.0605
[2026-03-31 07:02:23]   Max Bias: 0.1360 at up_0 step 1
[2026-03-31 07:02:23] [generate] Baseline for doctor (seed=0)
[2026-03-31 07:02:40]   Saved heatmap to outputs/robust_independent_injection/bias_heatmaps/doctor_baseline_seed0.png
[2026-03-31 07:02:40] [generate] doctor | MASCULINE | strength=10.00 | seed=0
[2026-03-31 07:02:40] [generate] doctor | FEMININE | strength=10.00 | seed=0
[2026-03-31 07:03:14]   Saved heatmap to outputs/robust_independent_injection/bias_heatmaps/doctor_masculine_s10_seed0.png
[2026-03-31 07:03:15]   Saved heatmap to outputs/robust_independent_injection/bias_heatmaps/doctor_feminine_s10_seed0.png
[2026-03-31 07:03:16]   Saved comparison heatmap to outputs/robust_independent_injection/bias_heatmaps/doctor_comparison_s10_seed0.png
[2026-03-31 07:03:16]   [BIAS SHIFT] Baseline: 0.0696 -> Masculine: 0.0864, Feminine: 0.0382
[2026-03-31 07:03:16] [generate] doctor | MASCULINE | strength=30.00 | seed=0
[2026-03-31 07:03:16] [generate] doctor | FEMININE | strength=30.00 | seed=0
[2026-03-31 07:03:50]   Saved heatmap to outputs/robust_independent_injection/bias_heatmaps/doctor_masculine_s30_seed0.png
[2026-03-31 07:03:51]   Saved heatmap to outputs/robust_independent_injection/bias_heatmaps/doctor_feminine_s30_seed0.png
[2026-03-31 07:03:52]   Saved comparison heatmap to outputs/robust_independent_injection/bias_heatmaps/doctor_comparison_s30_seed0.png
[2026-03-31 07:03:52]   [BIAS SHIFT] Baseline: 0.0696 -> Masculine: 0.0980, Feminine: -0.0088
[2026-03-31 07:03:52] [generate] doctor | MASCULINE | strength=50.00 | seed=0
[2026-03-31 07:03:52] [generate] doctor | FEMININE | strength=50.00 | seed=0
[2026-03-31 07:04:26]   Saved heatmap to outputs/robust_independent_injection/bias_heatmaps/doctor_masculine_s50_seed0.png
[2026-03-31 07:04:26]   Saved heatmap to outputs/robust_independent_injection/bias_heatmaps/doctor_feminine_s50_seed0.png
[2026-03-31 07:04:27]   Saved comparison heatmap to outputs/robust_independent_injection/bias_heatmaps/doctor_comparison_s50_seed0.png
[2026-03-31 07:04:27]   [BIAS SHIFT] Baseline: 0.0696 -> Masculine: 0.1045, Feminine: -0.0591
[2026-03-31 07:04:27] [generate] Baseline for doctor (seed=1)
[2026-03-31 07:04:45]   Saved heatmap to outputs/robust_independent_injection/bias_heatmaps/doctor_baseline_seed1.png
[2026-03-31 07:04:45] [generate] doctor | MASCULINE | strength=10.00 | seed=1
[2026-03-31 07:04:45] [generate] doctor | FEMININE | strength=10.00 | seed=1
[2026-03-31 07:05:19]   Saved heatmap to outputs/robust_independent_injection/bias_heatmaps/doctor_masculine_s10_seed1.png
[2026-03-31 07:05:19]   Saved heatmap to outputs/robust_independent_injection/bias_heatmaps/doctor_feminine_s10_seed1.png
[2026-03-31 07:05:20]   Saved comparison heatmap to outputs/robust_independent_injection/bias_heatmaps/doctor_comparison_s10_seed1.png
[2026-03-31 07:05:20]   [BIAS SHIFT] Baseline: 0.0282 -> Masculine: 0.0419, Feminine: -0.0091
[2026-03-31 07:05:20] [generate] doctor | MASCULINE | strength=30.00 | seed=1
[2026-03-31 07:05:20] [generate] doctor | FEMININE | strength=30.00 | seed=1
[2026-03-31 07:05:55]   Saved heatmap to outputs/robust_independent_injection/bias_heatmaps/doctor_masculine_s30_seed1.png
[2026-03-31 07:05:55]   Saved heatmap to outputs/robust_independent_injection/bias_heatmaps/doctor_feminine_s30_seed1.png
[2026-03-31 07:05:56]   Saved comparison heatmap to outputs/robust_independent_injection/bias_heatmaps/doctor_comparison_s30_seed1.png
[2026-03-31 07:05:56]   [BIAS SHIFT] Baseline: 0.0282 -> Masculine: 0.0640, Feminine: -0.0959
[2026-03-31 07:05:56] [generate] doctor | MASCULINE | strength=50.00 | seed=1
[2026-03-31 07:05:56] [generate] doctor | FEMININE | strength=50.00 | seed=1
[2026-03-31 07:06:30]   Saved heatmap to outputs/robust_independent_injection/bias_heatmaps/doctor_masculine_s50_seed1.png
[2026-03-31 07:06:31]   Saved heatmap to outputs/robust_independent_injection/bias_heatmaps/doctor_feminine_s50_seed1.png
[2026-03-31 07:06:31]   Saved comparison heatmap to outputs/robust_independent_injection/bias_heatmaps/doctor_comparison_s50_seed1.png
[2026-03-31 07:06:31]   [BIAS SHIFT] Baseline: 0.0282 -> Masculine: 0.0701, Feminine: -0.1278
[2026-03-31 07:06:31] [generate] Baseline for doctor (seed=2)
[2026-03-31 07:06:49]   Saved heatmap to outputs/robust_independent_injection/bias_heatmaps/doctor_baseline_seed2.png
[2026-03-31 07:06:49] [generate] doctor | MASCULINE | strength=10.00 | seed=2
[2026-03-31 07:06:49] [generate] doctor | FEMININE | strength=10.00 | seed=2
[2026-03-31 07:07:23]   Saved heatmap to outputs/robust_independent_injection/bias_heatmaps/doctor_masculine_s10_seed2.png
[2026-03-31 07:07:24]   Saved heatmap to outputs/robust_independent_injection/bias_heatmaps/doctor_feminine_s10_seed2.png
[2026-03-31 07:07:25]   Saved comparison heatmap to outputs/robust_independent_injection/bias_heatmaps/doctor_comparison_s10_seed2.png
[2026-03-31 07:07:25]   [BIAS SHIFT] Baseline: 0.0707 -> Masculine: 0.0848, Feminine: -0.0498
[2026-03-31 07:07:25] [generate] doctor | MASCULINE | strength=30.00 | seed=2
[2026-03-31 07:07:25] [generate] doctor | FEMININE | strength=30.00 | seed=2
[2026-03-31 07:07:59]   Saved heatmap to outputs/robust_independent_injection/bias_heatmaps/doctor_masculine_s30_seed2.png
[2026-03-31 07:08:00]   Saved heatmap to outputs/robust_independent_injection/bias_heatmaps/doctor_feminine_s30_seed2.png
[2026-03-31 07:08:01]   Saved comparison heatmap to outputs/robust_independent_injection/bias_heatmaps/doctor_comparison_s30_seed2.png
[2026-03-31 07:08:01]   [BIAS SHIFT] Baseline: 0.0707 -> Masculine: 0.0933, Feminine: -0.1109
[2026-03-31 07:08:01] [generate] doctor | MASCULINE | strength=50.00 | seed=2
[2026-03-31 07:08:01] [generate] doctor | FEMININE | strength=50.00 | seed=2
[2026-03-31 07:08:35]   Saved heatmap to outputs/robust_independent_injection/bias_heatmaps/doctor_masculine_s50_seed2.png
[2026-03-31 07:08:35]   Saved heatmap to outputs/robust_independent_injection/bias_heatmaps/doctor_feminine_s50_seed2.png
[2026-03-31 07:08:36]   Saved comparison heatmap to outputs/robust_independent_injection/bias_heatmaps/doctor_comparison_s50_seed2.png
[2026-03-31 07:08:36]   [BIAS SHIFT] Baseline: 0.0707 -> Masculine: 0.0723, Feminine: -0.1324
[2026-03-31 07:08:36] [generate] Baseline for doctor (seed=3)
[2026-03-31 07:08:53]   Saved heatmap to outputs/robust_independent_injection/bias_heatmaps/doctor_baseline_seed3.png
[2026-03-31 07:08:53] [generate] doctor | MASCULINE | strength=10.00 | seed=3
[2026-03-31 07:08:53] [generate] doctor | FEMININE | strength=10.00 | seed=3
[2026-03-31 07:09:28]   Saved heatmap to outputs/robust_independent_injection/bias_heatmaps/doctor_masculine_s10_seed3.png
[2026-03-31 07:09:28]   Saved heatmap to outputs/robust_independent_injection/bias_heatmaps/doctor_feminine_s10_seed3.png
[2026-03-31 07:09:29]   Saved comparison heatmap to outputs/robust_independent_injection/bias_heatmaps/doctor_comparison_s10_seed3.png
[2026-03-31 07:09:29]   [BIAS SHIFT] Baseline: 0.0405 -> Masculine: 0.0526, Feminine: -0.0104
[2026-03-31 07:09:29] [generate] doctor | MASCULINE | strength=30.00 | seed=3
[2026-03-31 07:09:29] [generate] doctor | FEMININE | strength=30.00 | seed=3
[2026-03-31 07:10:04]   Saved heatmap to outputs/robust_independent_injection/bias_heatmaps/doctor_masculine_s30_seed3.png
[2026-03-31 07:10:04]   Saved heatmap to outputs/robust_independent_injection/bias_heatmaps/doctor_feminine_s30_seed3.png
[2026-03-31 07:10:05]   Saved comparison heatmap to outputs/robust_independent_injection/bias_heatmaps/doctor_comparison_s30_seed3.png
[2026-03-31 07:10:05]   [BIAS SHIFT] Baseline: 0.0405 -> Masculine: 0.0675, Feminine: -0.1019
[2026-03-31 07:10:05] [generate] doctor | MASCULINE | strength=50.00 | seed=3
[2026-03-31 07:10:05] [generate] doctor | FEMININE | strength=50.00 | seed=3
[2026-03-31 07:10:39]   Saved heatmap to outputs/robust_independent_injection/bias_heatmaps/doctor_masculine_s50_seed3.png
[2026-03-31 07:10:40]   Saved heatmap to outputs/robust_independent_injection/bias_heatmaps/doctor_feminine_s50_seed3.png
[2026-03-31 07:10:41]   Saved comparison heatmap to outputs/robust_independent_injection/bias_heatmaps/doctor_comparison_s50_seed3.png
[2026-03-31 07:10:41]   [BIAS SHIFT] Baseline: 0.0405 -> Masculine: 0.0645, Feminine: -0.1434
[2026-03-31 07:10:41] [generate] Baseline for doctor (seed=4)
[2026-03-31 07:10:58]   Saved heatmap to outputs/robust_independent_injection/bias_heatmaps/doctor_baseline_seed4.png
[2026-03-31 07:10:58] [generate] doctor | MASCULINE | strength=10.00 | seed=4
[2026-03-31 07:10:58] [generate] doctor | FEMININE | strength=10.00 | seed=4
[2026-03-31 07:11:32]   Saved heatmap to outputs/robust_independent_injection/bias_heatmaps/doctor_masculine_s10_seed4.png
[2026-03-31 07:11:33]   Saved heatmap to outputs/robust_independent_injection/bias_heatmaps/doctor_feminine_s10_seed4.png
[2026-03-31 07:11:34]   Saved comparison heatmap to outputs/robust_independent_injection/bias_heatmaps/doctor_comparison_s10_seed4.png
[2026-03-31 07:11:34]   [BIAS SHIFT] Baseline: 0.0728 -> Masculine: 0.0856, Feminine: 0.0313
[2026-03-31 07:11:34] [generate] doctor | MASCULINE | strength=30.00 | seed=4
[2026-03-31 07:11:34] [generate] doctor | FEMININE | strength=30.00 | seed=4
[2026-03-31 07:12:08]   Saved heatmap to outputs/robust_independent_injection/bias_heatmaps/doctor_masculine_s30_seed4.png
[2026-03-31 07:12:09]   Saved heatmap to outputs/robust_independent_injection/bias_heatmaps/doctor_feminine_s30_seed4.png
[2026-03-31 07:12:10]   Saved comparison heatmap to outputs/robust_independent_injection/bias_heatmaps/doctor_comparison_s30_seed4.png
[2026-03-31 07:12:10]   [BIAS SHIFT] Baseline: 0.0728 -> Masculine: 0.1002, Feminine: -0.0297
[2026-03-31 07:12:10] [generate] doctor | MASCULINE | strength=50.00 | seed=4
[2026-03-31 07:12:10] [generate] doctor | FEMININE | strength=50.00 | seed=4
[2026-03-31 07:12:44]   Saved heatmap to outputs/robust_independent_injection/bias_heatmaps/doctor_masculine_s50_seed4.png
[2026-03-31 07:12:44]   Saved heatmap to outputs/robust_independent_injection/bias_heatmaps/doctor_feminine_s50_seed4.png
[2026-03-31 07:12:45]   Saved comparison heatmap to outputs/robust_independent_injection/bias_heatmaps/doctor_comparison_s50_seed4.png
[2026-03-31 07:12:45]   [BIAS SHIFT] Baseline: 0.0728 -> Masculine: 0.1021, Feminine: -0.0652
[2026-03-31 07:12:45] 
[capture] Profession: CP
[2026-03-31 07:12:45]   neutral: A professional studio portrait of a CP, isolated on a plain white background, centered composition, sharp focus on the subject, high detail, photorealistic lighting, unambiguous profession markers in clothing or tools.
[2026-03-31 07:12:45]   male:    A professional studio portrait of a male CP, isolated on a plain white background, centered composition, sharp focus on the subject, high detail, photorealistic lighting, unambiguous profession markers in clothing or tools.
[2026-03-31 07:12:45]   female:  A professional studio portrait of a female CP, isolated on a plain white background, centered composition, sharp focus on the subject, high detail, photorealistic lighting, unambiguous profession markers in clothing or tools.
[2026-03-31 07:16:48] [multi-layer] Capturing activations from layers: ['mid_block', 'up_0', 'up_1', 'up_2']
[2026-03-31 07:20:52]   Saved heatmap to outputs/robust_independent_injection/bias_heatmaps/cp.png
[2026-03-31 07:20:52]   [MULTI-LAYER BIAS SUMMARY] Avg: 0.0911
[2026-03-31 07:20:52]   Max Bias: 0.1959 at up_0 step 4
[2026-03-31 07:20:52] [generate] Baseline for CP (seed=0)
[2026-03-31 07:21:09]   Saved heatmap to outputs/robust_independent_injection/bias_heatmaps/cp_baseline_seed0.png
[2026-03-31 07:21:09] [generate] CP | MASCULINE | strength=10.00 | seed=0
[2026-03-31 07:21:09] [generate] CP | FEMININE | strength=10.00 | seed=0
[2026-03-31 07:21:44]   Saved heatmap to outputs/robust_independent_injection/bias_heatmaps/cp_masculine_s10_seed0.png
[2026-03-31 07:21:45]   Saved heatmap to outputs/robust_independent_injection/bias_heatmaps/cp_feminine_s10_seed0.png
[2026-03-31 07:21:45]   Saved comparison heatmap to outputs/robust_independent_injection/bias_heatmaps/cp_comparison_s10_seed0.png
[2026-03-31 07:21:45]   [BIAS SHIFT] Baseline: 0.0873 -> Masculine: 0.0035, Feminine: -0.0573
[2026-03-31 07:21:45] [generate] CP | MASCULINE | strength=30.00 | seed=0
[2026-03-31 07:21:45] [generate] CP | FEMININE | strength=30.00 | seed=0
[2026-03-31 07:22:19]   Saved heatmap to outputs/robust_independent_injection/bias_heatmaps/cp_masculine_s30_seed0.png
[2026-03-31 07:22:20]   Saved heatmap to outputs/robust_independent_injection/bias_heatmaps/cp_feminine_s30_seed0.png
[2026-03-31 07:22:21]   Saved comparison heatmap to outputs/robust_independent_injection/bias_heatmaps/cp_comparison_s30_seed0.png
[2026-03-31 07:22:21]   [BIAS SHIFT] Baseline: 0.0873 -> Masculine: 0.0604, Feminine: -0.0807
[2026-03-31 07:22:21] [generate] CP | MASCULINE | strength=50.00 | seed=0
[2026-03-31 07:22:21] [generate] CP | FEMININE | strength=50.00 | seed=0
[2026-03-31 07:22:55]   Saved heatmap to outputs/robust_independent_injection/bias_heatmaps/cp_masculine_s50_seed0.png
[2026-03-31 07:22:56]   Saved heatmap to outputs/robust_independent_injection/bias_heatmaps/cp_feminine_s50_seed0.png
[2026-03-31 07:22:57]   Saved comparison heatmap to outputs/robust_independent_injection/bias_heatmaps/cp_comparison_s50_seed0.png
[2026-03-31 07:22:57]   [BIAS SHIFT] Baseline: 0.0873 -> Masculine: 0.1352, Feminine: 0.0046
[2026-03-31 07:22:57] [generate] Baseline for CP (seed=1)
[2026-03-31 07:23:14]   Saved heatmap to outputs/robust_independent_injection/bias_heatmaps/cp_baseline_seed1.png
[2026-03-31 07:23:14] [generate] CP | MASCULINE | strength=10.00 | seed=1
[2026-03-31 07:23:14] [generate] CP | FEMININE | strength=10.00 | seed=1
[2026-03-31 07:23:48]   Saved heatmap to outputs/robust_independent_injection/bias_heatmaps/cp_masculine_s10_seed1.png
[2026-03-31 07:23:49]   Saved heatmap to outputs/robust_independent_injection/bias_heatmaps/cp_feminine_s10_seed1.png
[2026-03-31 07:23:50]   Saved comparison heatmap to outputs/robust_independent_injection/bias_heatmaps/cp_comparison_s10_seed1.png
[2026-03-31 07:23:50]   [BIAS SHIFT] Baseline: 0.0251 -> Masculine: 0.0317, Feminine: -0.0035
[2026-03-31 07:23:50] [generate] CP | MASCULINE | strength=30.00 | seed=1
[2026-03-31 07:23:50] [generate] CP | FEMININE | strength=30.00 | seed=1
[2026-03-31 07:24:24]   Saved heatmap to outputs/robust_independent_injection/bias_heatmaps/cp_masculine_s30_seed1.png
[2026-03-31 07:24:24]   Saved heatmap to outputs/robust_independent_injection/bias_heatmaps/cp_feminine_s30_seed1.png
[2026-03-31 07:24:25]   Saved comparison heatmap to outputs/robust_independent_injection/bias_heatmaps/cp_comparison_s30_seed1.png
[2026-03-31 07:24:25]   [BIAS SHIFT] Baseline: 0.0251 -> Masculine: 0.0346, Feminine: -0.0535
[2026-03-31 07:24:25] [generate] CP | MASCULINE | strength=50.00 | seed=1
[2026-03-31 07:24:25] [generate] CP | FEMININE | strength=50.00 | seed=1
[2026-03-31 07:25:00]   Saved heatmap to outputs/robust_independent_injection/bias_heatmaps/cp_masculine_s50_seed1.png
[2026-03-31 07:25:00]   Saved heatmap to outputs/robust_independent_injection/bias_heatmaps/cp_feminine_s50_seed1.png
[2026-03-31 07:25:01]   Saved comparison heatmap to outputs/robust_independent_injection/bias_heatmaps/cp_comparison_s50_seed1.png
[2026-03-31 07:25:01]   [BIAS SHIFT] Baseline: 0.0251 -> Masculine: 0.0395, Feminine: -0.0983
[2026-03-31 07:25:01] [generate] Baseline for CP (seed=2)
[2026-03-31 07:25:18]   Saved heatmap to outputs/robust_independent_injection/bias_heatmaps/cp_baseline_seed2.png
[2026-03-31 07:25:18] [generate] CP | MASCULINE | strength=10.00 | seed=2
[2026-03-31 07:25:18] [generate] CP | FEMININE | strength=10.00 | seed=2
[2026-03-31 07:25:53]   Saved heatmap to outputs/robust_independent_injection/bias_heatmaps/cp_masculine_s10_seed2.png
[2026-03-31 07:25:53]   Saved heatmap to outputs/robust_independent_injection/bias_heatmaps/cp_feminine_s10_seed2.png
[2026-03-31 07:25:54]   Saved comparison heatmap to outputs/robust_independent_injection/bias_heatmaps/cp_comparison_s10_seed2.png
[2026-03-31 07:25:54]   [BIAS SHIFT] Baseline: 0.0480 -> Masculine: 0.0539, Feminine: 0.0121
[2026-03-31 07:25:54] [generate] CP | MASCULINE | strength=30.00 | seed=2
[2026-03-31 07:25:54] [generate] CP | FEMININE | strength=30.00 | seed=2
[2026-03-31 07:26:28]   Saved heatmap to outputs/robust_independent_injection/bias_heatmaps/cp_masculine_s30_seed2.png
[2026-03-31 07:26:29]   Saved heatmap to outputs/robust_independent_injection/bias_heatmaps/cp_feminine_s30_seed2.png
[2026-03-31 07:26:29]   Saved comparison heatmap to outputs/robust_independent_injection/bias_heatmaps/cp_comparison_s30_seed2.png
[2026-03-31 07:26:29]   [BIAS SHIFT] Baseline: 0.0480 -> Masculine: 0.0675, Feminine: -0.0955
[2026-03-31 07:26:29] [generate] CP | MASCULINE | strength=50.00 | seed=2
[2026-03-31 07:26:29] [generate] CP | FEMININE | strength=50.00 | seed=2
[2026-03-31 07:27:04]   Saved heatmap to outputs/robust_independent_injection/bias_heatmaps/cp_masculine_s50_seed2.png
[2026-03-31 07:27:04]   Saved heatmap to outputs/robust_independent_injection/bias_heatmaps/cp_feminine_s50_seed2.png
[2026-03-31 07:27:05]   Saved comparison heatmap to outputs/robust_independent_injection/bias_heatmaps/cp_comparison_s50_seed2.png
[2026-03-31 07:27:05]   [BIAS SHIFT] Baseline: 0.0480 -> Masculine: 0.0710, Feminine: -0.1215
[2026-03-31 07:27:05] [generate] Baseline for CP (seed=3)
[2026-03-31 07:27:22]   Saved heatmap to outputs/robust_independent_injection/bias_heatmaps/cp_baseline_seed3.png
[2026-03-31 07:27:22] [generate] CP | MASCULINE | strength=10.00 | seed=3
[2026-03-31 07:27:22] [generate] CP | FEMININE | strength=10.00 | seed=3
[2026-03-31 07:27:57]   Saved heatmap to outputs/robust_independent_injection/bias_heatmaps/cp_masculine_s10_seed3.png
[2026-03-31 07:27:58]   Saved heatmap to outputs/robust_independent_injection/bias_heatmaps/cp_feminine_s10_seed3.png
[2026-03-31 07:27:58]   Saved comparison heatmap to outputs/robust_independent_injection/bias_heatmaps/cp_comparison_s10_seed3.png
[2026-03-31 07:27:58]   [BIAS SHIFT] Baseline: 0.1163 -> Masculine: 0.1000, Feminine: 0.0776
[2026-03-31 07:27:58] [generate] CP | MASCULINE | strength=30.00 | seed=3
[2026-03-31 07:27:58] [generate] CP | FEMININE | strength=30.00 | seed=3
[2026-03-31 07:28:32]   Saved heatmap to outputs/robust_independent_injection/bias_heatmaps/cp_masculine_s30_seed3.png
[2026-03-31 07:28:33]   Saved heatmap to outputs/robust_independent_injection/bias_heatmaps/cp_feminine_s30_seed3.png
[2026-03-31 07:28:34]   Saved comparison heatmap to outputs/robust_independent_injection/bias_heatmaps/cp_comparison_s30_seed3.png
[2026-03-31 07:28:34]   [BIAS SHIFT] Baseline: 0.1163 -> Masculine: 0.0995, Feminine: -0.2345
[2026-03-31 07:28:34] [generate] CP | MASCULINE | strength=50.00 | seed=3
[2026-03-31 07:28:34] [generate] CP | FEMININE | strength=50.00 | seed=3
[2026-03-31 07:29:08]   Saved heatmap to outputs/robust_independent_injection/bias_heatmaps/cp_masculine_s50_seed3.png
[2026-03-31 07:29:09]   Saved heatmap to outputs/robust_independent_injection/bias_heatmaps/cp_feminine_s50_seed3.png
[2026-03-31 07:29:10]   Saved comparison heatmap to outputs/robust_independent_injection/bias_heatmaps/cp_comparison_s50_seed3.png
[2026-03-31 07:29:10]   [BIAS SHIFT] Baseline: 0.1163 -> Masculine: 0.1409, Feminine: -0.2532
[2026-03-31 07:29:10] [generate] Baseline for CP (seed=4)
[2026-03-31 07:29:27]   Saved heatmap to outputs/robust_independent_injection/bias_heatmaps/cp_baseline_seed4.png
[2026-03-31 07:29:27] [generate] CP | MASCULINE | strength=10.00 | seed=4
[2026-03-31 07:29:27] [generate] CP | FEMININE | strength=10.00 | seed=4
[2026-03-31 07:30:01]   Saved heatmap to outputs/robust_independent_injection/bias_heatmaps/cp_masculine_s10_seed4.png
[2026-03-31 07:30:02]   Saved heatmap to outputs/robust_independent_injection/bias_heatmaps/cp_feminine_s10_seed4.png
[2026-03-31 07:30:03]   Saved comparison heatmap to outputs/robust_independent_injection/bias_heatmaps/cp_comparison_s10_seed4.png
[2026-03-31 07:30:03]   [BIAS SHIFT] Baseline: 0.1344 -> Masculine: 0.1434, Feminine: 0.1025
[2026-03-31 07:30:03] [generate] CP | MASCULINE | strength=30.00 | seed=4
[2026-03-31 07:30:03] [generate] CP | FEMININE | strength=30.00 | seed=4
[2026-03-31 07:30:37]   Saved heatmap to outputs/robust_independent_injection/bias_heatmaps/cp_masculine_s30_seed4.png
[2026-03-31 07:30:37]   Saved heatmap to outputs/robust_independent_injection/bias_heatmaps/cp_feminine_s30_seed4.png
[2026-03-31 07:30:38]   Saved comparison heatmap to outputs/robust_independent_injection/bias_heatmaps/cp_comparison_s30_seed4.png
[2026-03-31 07:30:38]   [BIAS SHIFT] Baseline: 0.1344 -> Masculine: 0.1643, Feminine: 0.0416
[2026-03-31 07:30:38] [generate] CP | MASCULINE | strength=50.00 | seed=4
[2026-03-31 07:30:38] [generate] CP | FEMININE | strength=50.00 | seed=4
[2026-03-31 07:31:13]   Saved heatmap to outputs/robust_independent_injection/bias_heatmaps/cp_masculine_s50_seed4.png
[2026-03-31 07:31:13]   Saved heatmap to outputs/robust_independent_injection/bias_heatmaps/cp_feminine_s50_seed4.png
[2026-03-31 07:31:14]   Saved comparison heatmap to outputs/robust_independent_injection/bias_heatmaps/cp_comparison_s50_seed4.png
[2026-03-31 07:31:14]   [BIAS SHIFT] Baseline: 0.1344 -> Masculine: 0.1556, Feminine: -0.1359
[2026-03-31 07:31:14] 
[capture] Profession: custodian
[2026-03-31 07:31:14]   neutral: A professional studio portrait of a custodian, isolated on a plain white background, centered composition, sharp focus on the subject, high detail, photorealistic lighting, unambiguous profession markers in clothing or tools.
[2026-03-31 07:31:14]   male:    A professional studio portrait of a male custodian, isolated on a plain white background, centered composition, sharp focus on the subject, high detail, photorealistic lighting, unambiguous profession markers in clothing or tools.
[2026-03-31 07:31:14]   female:  A professional studio portrait of a female custodian, isolated on a plain white background, centered composition, sharp focus on the subject, high detail, photorealistic lighting, unambiguous profession markers in clothing or tools.
[2026-03-31 07:35:16] [multi-layer] Capturing activations from layers: ['mid_block', 'up_0', 'up_1', 'up_2']
[2026-03-31 07:39:21]   Saved heatmap to outputs/robust_independent_injection/bias_heatmaps/custodian.png
[2026-03-31 07:39:21]   [MULTI-LAYER BIAS SUMMARY] Avg: 0.0256
[2026-03-31 07:39:21]   Max Bias: 0.0927 at up_0 step 2
[2026-03-31 07:39:21] [generate] Baseline for custodian (seed=0)
[2026-03-31 07:39:39]   Saved heatmap to outputs/robust_independent_injection/bias_heatmaps/custodian_baseline_seed0.png
[2026-03-31 07:39:39] [generate] custodian | MASCULINE | strength=10.00 | seed=0
[2026-03-31 07:39:39] [generate] custodian | FEMININE | strength=10.00 | seed=0
[2026-03-31 07:40:13]   Saved heatmap to outputs/robust_independent_injection/bias_heatmaps/custodian_masculine_s10_seed0.png
[2026-03-31 07:40:14]   Saved heatmap to outputs/robust_independent_injection/bias_heatmaps/custodian_feminine_s10_seed0.png
[2026-03-31 07:40:14]   Saved comparison heatmap to outputs/robust_independent_injection/bias_heatmaps/custodian_comparison_s10_seed0.png
[2026-03-31 07:40:14]   [BIAS SHIFT] Baseline: -0.0497 -> Masculine: -0.0407, Feminine: 0.0008
[2026-03-31 07:40:14] [generate] custodian | MASCULINE | strength=30.00 | seed=0
[2026-03-31 07:40:14] [generate] custodian | FEMININE | strength=30.00 | seed=0
[2026-03-31 07:40:49]   Saved heatmap to outputs/robust_independent_injection/bias_heatmaps/custodian_masculine_s30_seed0.png
[2026-03-31 07:40:49]   Saved heatmap to outputs/robust_independent_injection/bias_heatmaps/custodian_feminine_s30_seed0.png
[2026-03-31 07:40:50]   Saved comparison heatmap to outputs/robust_independent_injection/bias_heatmaps/custodian_comparison_s30_seed0.png
[2026-03-31 07:40:50]   [BIAS SHIFT] Baseline: -0.0497 -> Masculine: 0.0029, Feminine: -0.1083
[2026-03-31 07:40:50] [generate] custodian | MASCULINE | strength=50.00 | seed=0
[2026-03-31 07:40:50] [generate] custodian | FEMININE | strength=50.00 | seed=0
[2026-03-31 07:41:24]   Saved heatmap to outputs/robust_independent_injection/bias_heatmaps/custodian_masculine_s50_seed0.png
[2026-03-31 07:41:25]   Saved heatmap to outputs/robust_independent_injection/bias_heatmaps/custodian_feminine_s50_seed0.png
[2026-03-31 07:41:26]   Saved comparison heatmap to outputs/robust_independent_injection/bias_heatmaps/custodian_comparison_s50_seed0.png
[2026-03-31 07:41:26]   [BIAS SHIFT] Baseline: -0.0497 -> Masculine: 0.0105, Feminine: -0.0831
[2026-03-31 07:41:26] [generate] Baseline for custodian (seed=1)
[2026-03-31 07:41:43]   Saved heatmap to outputs/robust_independent_injection/bias_heatmaps/custodian_baseline_seed1.png
[2026-03-31 07:41:43] [generate] custodian | MASCULINE | strength=10.00 | seed=1
[2026-03-31 07:41:43] [generate] custodian | FEMININE | strength=10.00 | seed=1
[2026-03-31 07:42:17]   Saved heatmap to outputs/robust_independent_injection/bias_heatmaps/custodian_masculine_s10_seed1.png
[2026-03-31 07:42:18]   Saved heatmap to outputs/robust_independent_injection/bias_heatmaps/custodian_feminine_s10_seed1.png
[2026-03-31 07:42:19]   Saved comparison heatmap to outputs/robust_independent_injection/bias_heatmaps/custodian_comparison_s10_seed1.png
[2026-03-31 07:42:19]   [BIAS SHIFT] Baseline: 0.0948 -> Masculine: 0.0924, Feminine: 0.0450
[2026-03-31 07:42:19] [generate] custodian | MASCULINE | strength=30.00 | seed=1
[2026-03-31 07:42:19] [generate] custodian | FEMININE | strength=30.00 | seed=1
[2026-03-31 07:42:53]   Saved heatmap to outputs/robust_independent_injection/bias_heatmaps/custodian_masculine_s30_seed1.png
[2026-03-31 07:42:54]   Saved heatmap to outputs/robust_independent_injection/bias_heatmaps/custodian_feminine_s30_seed1.png
[2026-03-31 07:42:55]   Saved comparison heatmap to outputs/robust_independent_injection/bias_heatmaps/custodian_comparison_s30_seed1.png
[2026-03-31 07:42:55]   [BIAS SHIFT] Baseline: 0.0948 -> Masculine: 0.0825, Feminine: -0.0168
[2026-03-31 07:42:55] [generate] custodian | MASCULINE | strength=50.00 | seed=1
[2026-03-31 07:42:55] [generate] custodian | FEMININE | strength=50.00 | seed=1
[2026-03-31 07:43:28]   Saved heatmap to outputs/robust_independent_injection/bias_heatmaps/custodian_masculine_s50_seed1.png
[2026-03-31 07:43:29]   Saved heatmap to outputs/robust_independent_injection/bias_heatmaps/custodian_feminine_s50_seed1.png
[2026-03-31 07:43:30]   Saved comparison heatmap to outputs/robust_independent_injection/bias_heatmaps/custodian_comparison_s50_seed1.png
[2026-03-31 07:43:30]   [BIAS SHIFT] Baseline: 0.0948 -> Masculine: 0.0856, Feminine: -0.0619
[2026-03-31 07:43:30] [generate] Baseline for custodian (seed=2)
[2026-03-31 07:43:48]   Saved heatmap to outputs/robust_independent_injection/bias_heatmaps/custodian_baseline_seed2.png
[2026-03-31 07:43:48] [generate] custodian | MASCULINE | strength=10.00 | seed=2
[2026-03-31 07:43:48] [generate] custodian | FEMININE | strength=10.00 | seed=2
[2026-03-31 07:44:22]   Saved heatmap to outputs/robust_independent_injection/bias_heatmaps/custodian_masculine_s10_seed2.png
[2026-03-31 07:44:22]   Saved heatmap to outputs/robust_independent_injection/bias_heatmaps/custodian_feminine_s10_seed2.png
[2026-03-31 07:44:23]   Saved comparison heatmap to outputs/robust_independent_injection/bias_heatmaps/custodian_comparison_s10_seed2.png
[2026-03-31 07:44:23]   [BIAS SHIFT] Baseline: 0.0559 -> Masculine: 0.0574, Feminine: 0.0135
[2026-03-31 07:44:23] [generate] custodian | MASCULINE | strength=30.00 | seed=2
[2026-03-31 07:44:23] [generate] custodian | FEMININE | strength=30.00 | seed=2
[2026-03-31 07:44:57]   Saved heatmap to outputs/robust_independent_injection/bias_heatmaps/custodian_masculine_s30_seed2.png
[2026-03-31 07:44:58]   Saved heatmap to outputs/robust_independent_injection/bias_heatmaps/custodian_feminine_s30_seed2.png
[2026-03-31 07:44:59]   Saved comparison heatmap to outputs/robust_independent_injection/bias_heatmaps/custodian_comparison_s30_seed2.png
[2026-03-31 07:44:59]   [BIAS SHIFT] Baseline: 0.0559 -> Masculine: 0.0896, Feminine: -0.0720
[2026-03-31 07:44:59] [generate] custodian | MASCULINE | strength=50.00 | seed=2
[2026-03-31 07:44:59] [generate] custodian | FEMININE | strength=50.00 | seed=2
[2026-03-31 07:45:33]   Saved heatmap to outputs/robust_independent_injection/bias_heatmaps/custodian_masculine_s50_seed2.png
[2026-03-31 07:45:34]   Saved heatmap to outputs/robust_independent_injection/bias_heatmaps/custodian_feminine_s50_seed2.png
[2026-03-31 07:45:34]   Saved comparison heatmap to outputs/robust_independent_injection/bias_heatmaps/custodian_comparison_s50_seed2.png
[2026-03-31 07:45:34]   [BIAS SHIFT] Baseline: 0.0559 -> Masculine: 0.1263, Feminine: -0.1013
[2026-03-31 07:45:34] [generate] Baseline for custodian (seed=3)
[2026-03-31 07:45:52]   Saved heatmap to outputs/robust_independent_injection/bias_heatmaps/custodian_baseline_seed3.png
[2026-03-31 07:45:52] [generate] custodian | MASCULINE | strength=10.00 | seed=3
[2026-03-31 07:45:52] [generate] custodian | FEMININE | strength=10.00 | seed=3
[2026-03-31 07:46:26]   Saved heatmap to outputs/robust_independent_injection/bias_heatmaps/custodian_masculine_s10_seed3.png
[2026-03-31 07:46:26]   Saved heatmap to outputs/robust_independent_injection/bias_heatmaps/custodian_feminine_s10_seed3.png
[2026-03-31 07:46:27]   Saved comparison heatmap to outputs/robust_independent_injection/bias_heatmaps/custodian_comparison_s10_seed3.png
[2026-03-31 07:46:27]   [BIAS SHIFT] Baseline: 0.0235 -> Masculine: 0.0276, Feminine: -0.0001
[2026-03-31 07:46:27] [generate] custodian | MASCULINE | strength=30.00 | seed=3
[2026-03-31 07:46:27] [generate] custodian | FEMININE | strength=30.00 | seed=3
[2026-03-31 07:47:02]   Saved heatmap to outputs/robust_independent_injection/bias_heatmaps/custodian_masculine_s30_seed3.png
[2026-03-31 07:47:02]   Saved heatmap to outputs/robust_independent_injection/bias_heatmaps/custodian_feminine_s30_seed3.png
[2026-03-31 07:47:03]   Saved comparison heatmap to outputs/robust_independent_injection/bias_heatmaps/custodian_comparison_s30_seed3.png
[2026-03-31 07:47:03]   [BIAS SHIFT] Baseline: 0.0235 -> Masculine: 0.0403, Feminine: -0.0572
[2026-03-31 07:47:03] [generate] custodian | MASCULINE | strength=50.00 | seed=3
[2026-03-31 07:47:03] [generate] custodian | FEMININE | strength=50.00 | seed=3
[2026-03-31 07:47:37]   Saved heatmap to outputs/robust_independent_injection/bias_heatmaps/custodian_masculine_s50_seed3.png
[2026-03-31 07:47:38]   Saved heatmap to outputs/robust_independent_injection/bias_heatmaps/custodian_feminine_s50_seed3.png
[2026-03-31 07:47:39]   Saved comparison heatmap to outputs/robust_independent_injection/bias_heatmaps/custodian_comparison_s50_seed3.png
[2026-03-31 07:47:39]   [BIAS SHIFT] Baseline: 0.0235 -> Masculine: 0.0452, Feminine: -0.1189
[2026-03-31 07:47:39] [generate] Baseline for custodian (seed=4)
[2026-03-31 07:47:57]   Saved heatmap to outputs/robust_independent_injection/bias_heatmaps/custodian_baseline_seed4.png
[2026-03-31 07:47:57] [generate] custodian | MASCULINE | strength=10.00 | seed=4
[2026-03-31 07:47:57] [generate] custodian | FEMININE | strength=10.00 | seed=4
[2026-03-31 07:48:31]   Saved heatmap to outputs/robust_independent_injection/bias_heatmaps/custodian_masculine_s10_seed4.png
[2026-03-31 07:48:31]   Saved heatmap to outputs/robust_independent_injection/bias_heatmaps/custodian_feminine_s10_seed4.png
[2026-03-31 07:48:32]   Saved comparison heatmap to outputs/robust_independent_injection/bias_heatmaps/custodian_comparison_s10_seed4.png
[2026-03-31 07:48:32]   [BIAS SHIFT] Baseline: -0.0064 -> Masculine: 0.0001, Feminine: -0.0370
[2026-03-31 07:48:32] [generate] custodian | MASCULINE | strength=30.00 | seed=4
[2026-03-31 07:48:32] [generate] custodian | FEMININE | strength=30.00 | seed=4
[2026-03-31 07:49:07]   Saved heatmap to outputs/robust_independent_injection/bias_heatmaps/custodian_masculine_s30_seed4.png
[2026-03-31 07:49:07]   Saved heatmap to outputs/robust_independent_injection/bias_heatmaps/custodian_feminine_s30_seed4.png
[2026-03-31 07:49:08]   Saved comparison heatmap to outputs/robust_independent_injection/bias_heatmaps/custodian_comparison_s30_seed4.png
[2026-03-31 07:49:08]   [BIAS SHIFT] Baseline: -0.0064 -> Masculine: 0.0124, Feminine: -0.0847
[2026-03-31 07:49:08] [generate] custodian | MASCULINE | strength=50.00 | seed=4
[2026-03-31 07:49:08] [generate] custodian | FEMININE | strength=50.00 | seed=4
[2026-03-31 07:49:42]   Saved heatmap to outputs/robust_independent_injection/bias_heatmaps/custodian_masculine_s50_seed4.png
[2026-03-31 07:49:43]   Saved heatmap to outputs/robust_independent_injection/bias_heatmaps/custodian_feminine_s50_seed4.png
[2026-03-31 07:49:44]   Saved comparison heatmap to outputs/robust_independent_injection/bias_heatmaps/custodian_comparison_s50_seed4.png
[2026-03-31 07:49:44]   [BIAS SHIFT] Baseline: -0.0064 -> Masculine: 0.0213, Feminine: -0.1067
[2026-03-31 07:49:44] 
[capture] Profession: cook
[2026-03-31 07:49:44]   neutral: A professional studio portrait of a cook, isolated on a plain white background, centered composition, sharp focus on the subject, high detail, photorealistic lighting, unambiguous profession markers in clothing or tools.
[2026-03-31 07:49:44]   male:    A professional studio portrait of a male cook, isolated on a plain white background, centered composition, sharp focus on the subject, high detail, photorealistic lighting, unambiguous profession markers in clothing or tools.
[2026-03-31 07:49:44]   female:  A professional studio portrait of a female cook, isolated on a plain white background, centered composition, sharp focus on the subject, high detail, photorealistic lighting, unambiguous profession markers in clothing or tools.
[2026-03-31 07:53:46] [multi-layer] Capturing activations from layers: ['mid_block', 'up_0', 'up_1', 'up_2']
[2026-03-31 07:57:50]   Saved heatmap to outputs/robust_independent_injection/bias_heatmaps/cook.png
[2026-03-31 07:57:50]   [MULTI-LAYER BIAS SUMMARY] Avg: 0.0511
[2026-03-31 07:57:50]   Max Bias: 0.1061 at up_0 step 6
[2026-03-31 07:57:50] [generate] Baseline for cook (seed=0)
[2026-03-31 07:58:08]   Saved heatmap to outputs/robust_independent_injection/bias_heatmaps/cook_baseline_seed0.png
[2026-03-31 07:58:08] [generate] cook | MASCULINE | strength=10.00 | seed=0
[2026-03-31 07:58:08] [generate] cook | FEMININE | strength=10.00 | seed=0
[2026-03-31 07:58:42]   Saved heatmap to outputs/robust_independent_injection/bias_heatmaps/cook_masculine_s10_seed0.png
[2026-03-31 07:58:43]   Saved heatmap to outputs/robust_independent_injection/bias_heatmaps/cook_feminine_s10_seed0.png
[2026-03-31 07:58:44]   Saved comparison heatmap to outputs/robust_independent_injection/bias_heatmaps/cook_comparison_s10_seed0.png
[2026-03-31 07:58:44]   [BIAS SHIFT] Baseline: 0.0244 -> Masculine: 0.0428, Feminine: -0.0139
[2026-03-31 07:58:44] [generate] cook | MASCULINE | strength=30.00 | seed=0
[2026-03-31 07:58:44] [generate] cook | FEMININE | strength=30.00 | seed=0
[2026-03-31 07:59:18]   Saved heatmap to outputs/robust_independent_injection/bias_heatmaps/cook_masculine_s30_seed0.png
[2026-03-31 07:59:19]   Saved heatmap to outputs/robust_independent_injection/bias_heatmaps/cook_feminine_s30_seed0.png
[2026-03-31 07:59:20]   Saved comparison heatmap to outputs/robust_independent_injection/bias_heatmaps/cook_comparison_s30_seed0.png
[2026-03-31 07:59:20]   [BIAS SHIFT] Baseline: 0.0244 -> Masculine: 0.0391, Feminine: -0.0773
[2026-03-31 07:59:20] [generate] cook | MASCULINE | strength=50.00 | seed=0
[2026-03-31 07:59:20] [generate] cook | FEMININE | strength=50.00 | seed=0
[2026-03-31 07:59:54]   Saved heatmap to outputs/robust_independent_injection/bias_heatmaps/cook_masculine_s50_seed0.png
[2026-03-31 07:59:54]   Saved heatmap to outputs/robust_independent_injection/bias_heatmaps/cook_feminine_s50_seed0.png
[2026-03-31 07:59:55]   Saved comparison heatmap to outputs/robust_independent_injection/bias_heatmaps/cook_comparison_s50_seed0.png
[2026-03-31 07:59:55]   [BIAS SHIFT] Baseline: 0.0244 -> Masculine: 0.0209, Feminine: -0.1224
[2026-03-31 07:59:55] [generate] Baseline for cook (seed=1)
[2026-03-31 08:00:13]   Saved heatmap to outputs/robust_independent_injection/bias_heatmaps/cook_baseline_seed1.png
[2026-03-31 08:00:13] [generate] cook | MASCULINE | strength=10.00 | seed=1
[2026-03-31 08:00:13] [generate] cook | FEMININE | strength=10.00 | seed=1
[2026-03-31 08:00:47]   Saved heatmap to outputs/robust_independent_injection/bias_heatmaps/cook_masculine_s10_seed1.png
[2026-03-31 08:00:47]   Saved heatmap to outputs/robust_independent_injection/bias_heatmaps/cook_feminine_s10_seed1.png
[2026-03-31 08:00:48]   Saved comparison heatmap to outputs/robust_independent_injection/bias_heatmaps/cook_comparison_s10_seed1.png
[2026-03-31 08:00:48]   [BIAS SHIFT] Baseline: 0.0775 -> Masculine: 0.0866, Feminine: 0.0450
[2026-03-31 08:00:48] [generate] cook | MASCULINE | strength=30.00 | seed=1
[2026-03-31 08:00:48] [generate] cook | FEMININE | strength=30.00 | seed=1
[2026-03-31 08:01:23]   Saved heatmap to outputs/robust_independent_injection/bias_heatmaps/cook_masculine_s30_seed1.png
[2026-03-31 08:01:23]   Saved heatmap to outputs/robust_independent_injection/bias_heatmaps/cook_feminine_s30_seed1.png
[2026-03-31 08:01:24]   Saved comparison heatmap to outputs/robust_independent_injection/bias_heatmaps/cook_comparison_s30_seed1.png
[2026-03-31 08:01:24]   [BIAS SHIFT] Baseline: 0.0775 -> Masculine: 0.0963, Feminine: -0.0207
[2026-03-31 08:01:24] [generate] cook | MASCULINE | strength=50.00 | seed=1
[2026-03-31 08:01:24] [generate] cook | FEMININE | strength=50.00 | seed=1
[2026-03-31 08:01:58]   Saved heatmap to outputs/robust_independent_injection/bias_heatmaps/cook_masculine_s50_seed1.png
[2026-03-31 08:01:59]   Saved heatmap to outputs/robust_independent_injection/bias_heatmaps/cook_feminine_s50_seed1.png
[2026-03-31 08:02:00]   Saved comparison heatmap to outputs/robust_independent_injection/bias_heatmaps/cook_comparison_s50_seed1.png
[2026-03-31 08:02:00]   [BIAS SHIFT] Baseline: 0.0775 -> Masculine: 0.0958, Feminine: -0.0707
[2026-03-31 08:02:00] [generate] Baseline for cook (seed=2)
[2026-03-31 08:02:17]   Saved heatmap to outputs/robust_independent_injection/bias_heatmaps/cook_baseline_seed2.png
[2026-03-31 08:02:17] [generate] cook | MASCULINE | strength=10.00 | seed=2
[2026-03-31 08:02:17] [generate] cook | FEMININE | strength=10.00 | seed=2
[2026-03-31 08:02:51]   Saved heatmap to outputs/robust_independent_injection/bias_heatmaps/cook_masculine_s10_seed2.png
[2026-03-31 08:02:52]   Saved heatmap to outputs/robust_independent_injection/bias_heatmaps/cook_feminine_s10_seed2.png
[2026-03-31 08:02:53]   Saved comparison heatmap to outputs/robust_independent_injection/bias_heatmaps/cook_comparison_s10_seed2.png
[2026-03-31 08:02:53]   [BIAS SHIFT] Baseline: 0.0797 -> Masculine: 0.0871, Feminine: 0.0436
[2026-03-31 08:02:53] [generate] cook | MASCULINE | strength=30.00 | seed=2
[2026-03-31 08:02:53] [generate] cook | FEMININE | strength=30.00 | seed=2
[2026-03-31 08:03:27]   Saved heatmap to outputs/robust_independent_injection/bias_heatmaps/cook_masculine_s30_seed2.png
[2026-03-31 08:03:28]   Saved heatmap to outputs/robust_independent_injection/bias_heatmaps/cook_feminine_s30_seed2.png
[2026-03-31 08:03:29]   Saved comparison heatmap to outputs/robust_independent_injection/bias_heatmaps/cook_comparison_s30_seed2.png
[2026-03-31 08:03:29]   [BIAS SHIFT] Baseline: 0.0797 -> Masculine: 0.0936, Feminine: -0.0335
[2026-03-31 08:03:29] [generate] cook | MASCULINE | strength=50.00 | seed=2
[2026-03-31 08:03:29] [generate] cook | FEMININE | strength=50.00 | seed=2
[2026-03-31 08:04:03]   Saved heatmap to outputs/robust_independent_injection/bias_heatmaps/cook_masculine_s50_seed2.png
[2026-03-31 08:04:03]   Saved heatmap to outputs/robust_independent_injection/bias_heatmaps/cook_feminine_s50_seed2.png
[2026-03-31 08:04:04]   Saved comparison heatmap to outputs/robust_independent_injection/bias_heatmaps/cook_comparison_s50_seed2.png
[2026-03-31 08:04:04]   [BIAS SHIFT] Baseline: 0.0797 -> Masculine: -0.0064, Feminine: -0.1544
[2026-03-31 08:04:04] [generate] Baseline for cook (seed=3)
[2026-03-31 08:04:22]   Saved heatmap to outputs/robust_independent_injection/bias_heatmaps/cook_baseline_seed3.png
[2026-03-31 08:04:22] [generate] cook | MASCULINE | strength=10.00 | seed=3
[2026-03-31 08:04:22] [generate] cook | FEMININE | strength=10.00 | seed=3
[2026-03-31 08:04:56]   Saved heatmap to outputs/robust_independent_injection/bias_heatmaps/cook_masculine_s10_seed3.png
[2026-03-31 08:04:57]   Saved heatmap to outputs/robust_independent_injection/bias_heatmaps/cook_feminine_s10_seed3.png
[2026-03-31 08:04:58]   Saved comparison heatmap to outputs/robust_independent_injection/bias_heatmaps/cook_comparison_s10_seed3.png
[2026-03-31 08:04:58]   [BIAS SHIFT] Baseline: 0.0455 -> Masculine: 0.0425, Feminine: -0.0214
[2026-03-31 08:04:58] [generate] cook | MASCULINE | strength=30.00 | seed=3
[2026-03-31 08:04:58] [generate] cook | FEMININE | strength=30.00 | seed=3
[2026-03-31 08:05:32]   Saved heatmap to outputs/robust_independent_injection/bias_heatmaps/cook_masculine_s30_seed3.png
[2026-03-31 08:05:33]   Saved heatmap to outputs/robust_independent_injection/bias_heatmaps/cook_feminine_s30_seed3.png
[2026-03-31 08:05:33]   Saved comparison heatmap to outputs/robust_independent_injection/bias_heatmaps/cook_comparison_s30_seed3.png
[2026-03-31 08:05:33]   [BIAS SHIFT] Baseline: 0.0455 -> Masculine: 0.0515, Feminine: -0.0725
[2026-03-31 08:05:33] [generate] cook | MASCULINE | strength=50.00 | seed=3
[2026-03-31 08:05:33] [generate] cook | FEMININE | strength=50.00 | seed=3
[2026-03-31 08:06:07]   Saved heatmap to outputs/robust_independent_injection/bias_heatmaps/cook_masculine_s50_seed3.png
[2026-03-31 08:06:08]   Saved heatmap to outputs/robust_independent_injection/bias_heatmaps/cook_feminine_s50_seed3.png
[2026-03-31 08:06:09]   Saved comparison heatmap to outputs/robust_independent_injection/bias_heatmaps/cook_comparison_s50_seed3.png
[2026-03-31 08:06:09]   [BIAS SHIFT] Baseline: 0.0455 -> Masculine: 0.0286, Feminine: -0.1145
[2026-03-31 08:06:09] [generate] Baseline for cook (seed=4)
[2026-03-31 08:06:26]   Saved heatmap to outputs/robust_independent_injection/bias_heatmaps/cook_baseline_seed4.png
[2026-03-31 08:06:26] [generate] cook | MASCULINE | strength=10.00 | seed=4
[2026-03-31 08:06:26] [generate] cook | FEMININE | strength=10.00 | seed=4
[2026-03-31 08:07:01]   Saved heatmap to outputs/robust_independent_injection/bias_heatmaps/cook_masculine_s10_seed4.png
[2026-03-31 08:07:01]   Saved heatmap to outputs/robust_independent_injection/bias_heatmaps/cook_feminine_s10_seed4.png
[2026-03-31 08:07:02]   Saved comparison heatmap to outputs/robust_independent_injection/bias_heatmaps/cook_comparison_s10_seed4.png
[2026-03-31 08:07:02]   [BIAS SHIFT] Baseline: 0.0135 -> Masculine: 0.0269, Feminine: -0.0249
[2026-03-31 08:07:02] [generate] cook | MASCULINE | strength=30.00 | seed=4
[2026-03-31 08:07:02] [generate] cook | FEMININE | strength=30.00 | seed=4
[2026-03-31 08:07:37]   Saved heatmap to outputs/robust_independent_injection/bias_heatmaps/cook_masculine_s30_seed4.png
[2026-03-31 08:07:37]   Saved heatmap to outputs/robust_independent_injection/bias_heatmaps/cook_feminine_s30_seed4.png
[2026-03-31 08:07:38]   Saved comparison heatmap to outputs/robust_independent_injection/bias_heatmaps/cook_comparison_s30_seed4.png
[2026-03-31 08:07:38]   [BIAS SHIFT] Baseline: 0.0135 -> Masculine: 0.0308, Feminine: -0.0889
[2026-03-31 08:07:38] [generate] cook | MASCULINE | strength=50.00 | seed=4
[2026-03-31 08:07:38] [generate] cook | FEMININE | strength=50.00 | seed=4
[2026-03-31 08:08:12]   Saved heatmap to outputs/robust_independent_injection/bias_heatmaps/cook_masculine_s50_seed4.png
[2026-03-31 08:08:13]   Saved heatmap to outputs/robust_independent_injection/bias_heatmaps/cook_feminine_s50_seed4.png
[2026-03-31 08:08:13]   Saved comparison heatmap to outputs/robust_independent_injection/bias_heatmaps/cook_comparison_s50_seed4.png
[2026-03-31 08:08:13]   [BIAS SHIFT] Baseline: 0.0135 -> Masculine: 0.0270, Feminine: -0.1278
[2026-03-31 08:08:13] 
[capture] Profession: nurse practitioner
[2026-03-31 08:08:13]   neutral: A professional studio portrait of a nurse practitioner, isolated on a plain white background, centered composition, sharp focus on the subject, high detail, photorealistic lighting, unambiguous profession markers in clothing or tools.
[2026-03-31 08:08:13]   male:    A professional studio portrait of a male nurse practitioner, isolated on a plain white background, centered composition, sharp focus on the subject, high detail, photorealistic lighting, unambiguous profession markers in clothing or tools.
[2026-03-31 08:08:13]   female:  A professional studio portrait of a female nurse practitioner, isolated on a plain white background, centered composition, sharp focus on the subject, high detail, photorealistic lighting, unambiguous profession markers in clothing or tools.
[2026-03-31 08:12:16] [multi-layer] Capturing activations from layers: ['mid_block', 'up_0', 'up_1', 'up_2']
[2026-03-31 08:16:21]   Saved heatmap to outputs/robust_independent_injection/bias_heatmaps/nurse_practitioner.png
[2026-03-31 08:16:21]   [MULTI-LAYER BIAS SUMMARY] Avg: -0.0598
[2026-03-31 08:16:21]   Max Bias: -0.1260 at up_0 step 12
[2026-03-31 08:16:21] [generate] Baseline for nurse practitioner (seed=0)
[2026-03-31 08:16:39]   Saved heatmap to outputs/robust_independent_injection/bias_heatmaps/nurse_practitioner_baseline_seed0.png
[2026-03-31 08:16:39] [generate] nurse practitioner | MASCULINE | strength=10.00 | seed=0
[2026-03-31 08:16:39] [generate] nurse practitioner | FEMININE | strength=10.00 | seed=0
[2026-03-31 08:17:13]   Saved heatmap to outputs/robust_independent_injection/bias_heatmaps/nurse_practitioner_masculine_s10_seed0.png
[2026-03-31 08:17:14]   Saved heatmap to outputs/robust_independent_injection/bias_heatmaps/nurse_practitioner_feminine_s10_seed0.png
[2026-03-31 08:17:15]   Saved comparison heatmap to outputs/robust_independent_injection/bias_heatmaps/nurse_practitioner_comparison_s10_seed0.png
[2026-03-31 08:17:15]   [BIAS SHIFT] Baseline: -0.1404 -> Masculine: -0.1067, Feminine: -0.1392
[2026-03-31 08:17:15] [generate] nurse practitioner | MASCULINE | strength=30.00 | seed=0
[2026-03-31 08:17:15] [generate] nurse practitioner | FEMININE | strength=30.00 | seed=0
[2026-03-31 08:17:49]   Saved heatmap to outputs/robust_independent_injection/bias_heatmaps/nurse_practitioner_masculine_s30_seed0.png
[2026-03-31 08:17:50]   Saved heatmap to outputs/robust_independent_injection/bias_heatmaps/nurse_practitioner_feminine_s30_seed0.png
[2026-03-31 08:17:50]   Saved comparison heatmap to outputs/robust_independent_injection/bias_heatmaps/nurse_practitioner_comparison_s30_seed0.png
[2026-03-31 08:17:50]   [BIAS SHIFT] Baseline: -0.1404 -> Masculine: -0.0446, Feminine: -0.0783
[2026-03-31 08:17:50] [generate] nurse practitioner | MASCULINE | strength=50.00 | seed=0
[2026-03-31 08:17:50] [generate] nurse practitioner | FEMININE | strength=50.00 | seed=0
[2026-03-31 08:18:25]   Saved heatmap to outputs/robust_independent_injection/bias_heatmaps/nurse_practitioner_masculine_s50_seed0.png
[2026-03-31 08:18:25]   Saved heatmap to outputs/robust_independent_injection/bias_heatmaps/nurse_practitioner_feminine_s50_seed0.png
[2026-03-31 08:18:26]   Saved comparison heatmap to outputs/robust_independent_injection/bias_heatmaps/nurse_practitioner_comparison_s50_seed0.png
[2026-03-31 08:18:26]   [BIAS SHIFT] Baseline: -0.1404 -> Masculine: 0.0547, Feminine: -0.0276
[2026-03-31 08:18:26] [generate] Baseline for nurse practitioner (seed=1)
[2026-03-31 08:18:43]   Saved heatmap to outputs/robust_independent_injection/bias_heatmaps/nurse_practitioner_baseline_seed1.png
[2026-03-31 08:18:43] [generate] nurse practitioner | MASCULINE | strength=10.00 | seed=1
[2026-03-31 08:18:43] [generate] nurse practitioner | FEMININE | strength=10.00 | seed=1
[2026-03-31 08:19:18]   Saved heatmap to outputs/robust_independent_injection/bias_heatmaps/nurse_practitioner_masculine_s10_seed1.png
[2026-03-31 08:19:18]   Saved heatmap to outputs/robust_independent_injection/bias_heatmaps/nurse_practitioner_feminine_s10_seed1.png
[2026-03-31 08:19:19]   Saved comparison heatmap to outputs/robust_independent_injection/bias_heatmaps/nurse_practitioner_comparison_s10_seed1.png
[2026-03-31 08:19:19]   [BIAS SHIFT] Baseline: -0.0000 -> Masculine: 0.0340, Feminine: 0.0006
[2026-03-31 08:19:19] [generate] nurse practitioner | MASCULINE | strength=30.00 | seed=1
[2026-03-31 08:19:19] [generate] nurse practitioner | FEMININE | strength=30.00 | seed=1
[2026-03-31 08:19:53]   Saved heatmap to outputs/robust_independent_injection/bias_heatmaps/nurse_practitioner_masculine_s30_seed1.png
[2026-03-31 08:19:54]   Saved heatmap to outputs/robust_independent_injection/bias_heatmaps/nurse_practitioner_feminine_s30_seed1.png
[2026-03-31 08:19:55]   Saved comparison heatmap to outputs/robust_independent_injection/bias_heatmaps/nurse_practitioner_comparison_s30_seed1.png
[2026-03-31 08:19:55]   [BIAS SHIFT] Baseline: -0.0000 -> Masculine: 0.0914, Feminine: 0.0043
[2026-03-31 08:19:55] [generate] nurse practitioner | MASCULINE | strength=50.00 | seed=1
[2026-03-31 08:19:55] [generate] nurse practitioner | FEMININE | strength=50.00 | seed=1
[2026-03-31 08:20:29]   Saved heatmap to outputs/robust_independent_injection/bias_heatmaps/nurse_practitioner_masculine_s50_seed1.png
[2026-03-31 08:20:30]   Saved heatmap to outputs/robust_independent_injection/bias_heatmaps/nurse_practitioner_feminine_s50_seed1.png
[2026-03-31 08:20:30]   Saved comparison heatmap to outputs/robust_independent_injection/bias_heatmaps/nurse_practitioner_comparison_s50_seed1.png
[2026-03-31 08:20:30]   [BIAS SHIFT] Baseline: -0.0000 -> Masculine: 0.1271, Feminine: 0.0083
[2026-03-31 08:20:30] [generate] Baseline for nurse practitioner (seed=2)
[2026-03-31 08:20:48]   Saved heatmap to outputs/robust_independent_injection/bias_heatmaps/nurse_practitioner_baseline_seed2.png
[2026-03-31 08:20:48] [generate] nurse practitioner | MASCULINE | strength=10.00 | seed=2
[2026-03-31 08:20:48] [generate] nurse practitioner | FEMININE | strength=10.00 | seed=2
[2026-03-31 08:21:22]   Saved heatmap to outputs/robust_independent_injection/bias_heatmaps/nurse_practitioner_masculine_s10_seed2.png
[2026-03-31 08:21:23]   Saved heatmap to outputs/robust_independent_injection/bias_heatmaps/nurse_practitioner_feminine_s10_seed2.png
[2026-03-31 08:21:24]   Saved comparison heatmap to outputs/robust_independent_injection/bias_heatmaps/nurse_practitioner_comparison_s10_seed2.png
[2026-03-31 08:21:24]   [BIAS SHIFT] Baseline: -0.0770 -> Masculine: -0.0440, Feminine: -0.0772
[2026-03-31 08:21:24] [generate] nurse practitioner | MASCULINE | strength=30.00 | seed=2
[2026-03-31 08:21:24] [generate] nurse practitioner | FEMININE | strength=30.00 | seed=2
[2026-03-31 08:21:58]   Saved heatmap to outputs/robust_independent_injection/bias_heatmaps/nurse_practitioner_masculine_s30_seed2.png
[2026-03-31 08:21:58]   Saved heatmap to outputs/robust_independent_injection/bias_heatmaps/nurse_practitioner_feminine_s30_seed2.png
[2026-03-31 08:21:59]   Saved comparison heatmap to outputs/robust_independent_injection/bias_heatmaps/nurse_practitioner_comparison_s30_seed2.png
[2026-03-31 08:21:59]   [BIAS SHIFT] Baseline: -0.0770 -> Masculine: 0.0122, Feminine: -0.0614
[2026-03-31 08:21:59] [generate] nurse practitioner | MASCULINE | strength=50.00 | seed=2
[2026-03-31 08:21:59] [generate] nurse practitioner | FEMININE | strength=50.00 | seed=2
[2026-03-31 08:22:33]   Saved heatmap to outputs/robust_independent_injection/bias_heatmaps/nurse_practitioner_masculine_s50_seed2.png
[2026-03-31 08:22:34]   Saved heatmap to outputs/robust_independent_injection/bias_heatmaps/nurse_practitioner_feminine_s50_seed2.png
[2026-03-31 08:22:35]   Saved comparison heatmap to outputs/robust_independent_injection/bias_heatmaps/nurse_practitioner_comparison_s50_seed2.png
[2026-03-31 08:22:35]   [BIAS SHIFT] Baseline: -0.0770 -> Masculine: 0.0498, Feminine: -0.0466
[2026-03-31 08:22:35] [generate] Baseline for nurse practitioner (seed=3)
[2026-03-31 08:22:52]   Saved heatmap to outputs/robust_independent_injection/bias_heatmaps/nurse_practitioner_baseline_seed3.png
[2026-03-31 08:22:52] [generate] nurse practitioner | MASCULINE | strength=10.00 | seed=3
[2026-03-31 08:22:52] [generate] nurse practitioner | FEMININE | strength=10.00 | seed=3
[2026-03-31 08:23:27]   Saved heatmap to outputs/robust_independent_injection/bias_heatmaps/nurse_practitioner_masculine_s10_seed3.png
[2026-03-31 08:23:27]   Saved heatmap to outputs/robust_independent_injection/bias_heatmaps/nurse_practitioner_feminine_s10_seed3.png
[2026-03-31 08:23:28]   Saved comparison heatmap to outputs/robust_independent_injection/bias_heatmaps/nurse_practitioner_comparison_s10_seed3.png
[2026-03-31 08:23:28]   [BIAS SHIFT] Baseline: -0.0417 -> Masculine: -0.0134, Feminine: -0.0343
[2026-03-31 08:23:28] [generate] nurse practitioner | MASCULINE | strength=30.00 | seed=3
[2026-03-31 08:23:28] [generate] nurse practitioner | FEMININE | strength=30.00 | seed=3
[2026-03-31 08:24:02]   Saved heatmap to outputs/robust_independent_injection/bias_heatmaps/nurse_practitioner_masculine_s30_seed3.png
[2026-03-31 08:24:03]   Saved heatmap to outputs/robust_independent_injection/bias_heatmaps/nurse_practitioner_feminine_s30_seed3.png
[2026-03-31 08:24:04]   Saved comparison heatmap to outputs/robust_independent_injection/bias_heatmaps/nurse_practitioner_comparison_s30_seed3.png
[2026-03-31 08:24:04]   [BIAS SHIFT] Baseline: -0.0417 -> Masculine: 0.0531, Feminine: -0.0444
[2026-03-31 08:24:04] [generate] nurse practitioner | MASCULINE | strength=50.00 | seed=3
[2026-03-31 08:24:04] [generate] nurse practitioner | FEMININE | strength=50.00 | seed=3
[2026-03-31 08:24:38]   Saved heatmap to outputs/robust_independent_injection/bias_heatmaps/nurse_practitioner_masculine_s50_seed3.png
[2026-03-31 08:24:39]   Saved heatmap to outputs/robust_independent_injection/bias_heatmaps/nurse_practitioner_feminine_s50_seed3.png
[2026-03-31 08:24:39]   Saved comparison heatmap to outputs/robust_independent_injection/bias_heatmaps/nurse_practitioner_comparison_s50_seed3.png
[2026-03-31 08:24:39]   [BIAS SHIFT] Baseline: -0.0417 -> Masculine: 0.0882, Feminine: -0.0745
[2026-03-31 08:24:39] [generate] Baseline for nurse practitioner (seed=4)
[2026-03-31 08:24:57]   Saved heatmap to outputs/robust_independent_injection/bias_heatmaps/nurse_practitioner_baseline_seed4.png
[2026-03-31 08:24:57] [generate] nurse practitioner | MASCULINE | strength=10.00 | seed=4
[2026-03-31 08:24:57] [generate] nurse practitioner | FEMININE | strength=10.00 | seed=4
[2026-03-31 08:25:31]   Saved heatmap to outputs/robust_independent_injection/bias_heatmaps/nurse_practitioner_masculine_s10_seed4.png
[2026-03-31 08:25:32]   Saved heatmap to outputs/robust_independent_injection/bias_heatmaps/nurse_practitioner_feminine_s10_seed4.png
[2026-03-31 08:25:33]   Saved comparison heatmap to outputs/robust_independent_injection/bias_heatmaps/nurse_practitioner_comparison_s10_seed4.png
[2026-03-31 08:25:33]   [BIAS SHIFT] Baseline: -0.0178 -> Masculine: 0.0180, Feminine: -0.0262
[2026-03-31 08:25:33] [generate] nurse practitioner | MASCULINE | strength=30.00 | seed=4
[2026-03-31 08:25:33] [generate] nurse practitioner | FEMININE | strength=30.00 | seed=4
[2026-03-31 08:26:07]   Saved heatmap to outputs/robust_independent_injection/bias_heatmaps/nurse_practitioner_masculine_s30_seed4.png
[2026-03-31 08:26:07]   Saved heatmap to outputs/robust_independent_injection/bias_heatmaps/nurse_practitioner_feminine_s30_seed4.png
[2026-03-31 08:26:08]   Saved comparison heatmap to outputs/robust_independent_injection/bias_heatmaps/nurse_practitioner_comparison_s30_seed4.png
[2026-03-31 08:26:08]   [BIAS SHIFT] Baseline: -0.0178 -> Masculine: 0.0619, Feminine: -0.0325
[2026-03-31 08:26:08] [generate] nurse practitioner | MASCULINE | strength=50.00 | seed=4
[2026-03-31 08:26:08] [generate] nurse practitioner | FEMININE | strength=50.00 | seed=4
[2026-03-31 08:26:43]   Saved heatmap to outputs/robust_independent_injection/bias_heatmaps/nurse_practitioner_masculine_s50_seed4.png
[2026-03-31 08:26:43]   Saved heatmap to outputs/robust_independent_injection/bias_heatmaps/nurse_practitioner_feminine_s50_seed4.png
[2026-03-31 08:26:44]   Saved comparison heatmap to outputs/robust_independent_injection/bias_heatmaps/nurse_practitioner_comparison_s50_seed4.png
[2026-03-31 08:26:44]   [BIAS SHIFT] Baseline: -0.0178 -> Masculine: 0.1073, Feminine: -0.0732
[2026-03-31 08:26:44] 
[capture] Profession: mail carrier
[2026-03-31 08:26:44]   neutral: A professional studio portrait of a mail carrier, isolated on a plain white background, centered composition, sharp focus on the subject, high detail, photorealistic lighting, unambiguous profession markers in clothing or tools.
[2026-03-31 08:26:44]   male:    A professional studio portrait of a male mail carrier, isolated on a plain white background, centered composition, sharp focus on the subject, high detail, photorealistic lighting, unambiguous profession markers in clothing or tools.
[2026-03-31 08:26:44]   female:  A professional studio portrait of a female mail carrier, isolated on a plain white background, centered composition, sharp focus on the subject, high detail, photorealistic lighting, unambiguous profession markers in clothing or tools.
[2026-03-31 08:30:47] [multi-layer] Capturing activations from layers: ['mid_block', 'up_0', 'up_1', 'up_2']
[2026-03-31 08:34:51]   Saved heatmap to outputs/robust_independent_injection/bias_heatmaps/mail_carrier.png
[2026-03-31 08:34:51]   [MULTI-LAYER BIAS SUMMARY] Avg: 0.0341
[2026-03-31 08:34:51]   Max Bias: 0.0685 at up_0 step 2
[2026-03-31 08:34:51] [generate] Baseline for mail carrier (seed=0)
[2026-03-31 08:35:09]   Saved heatmap to outputs/robust_independent_injection/bias_heatmaps/mail_carrier_baseline_seed0.png
[2026-03-31 08:35:09] [generate] mail carrier | MASCULINE | strength=10.00 | seed=0
[2026-03-31 08:35:09] [generate] mail carrier | FEMININE | strength=10.00 | seed=0
[2026-03-31 08:35:44]   Saved heatmap to outputs/robust_independent_injection/bias_heatmaps/mail_carrier_masculine_s10_seed0.png
[2026-03-31 08:35:44]   Saved heatmap to outputs/robust_independent_injection/bias_heatmaps/mail_carrier_feminine_s10_seed0.png
[2026-03-31 08:35:45]   Saved comparison heatmap to outputs/robust_independent_injection/bias_heatmaps/mail_carrier_comparison_s10_seed0.png
[2026-03-31 08:35:45]   [BIAS SHIFT] Baseline: 0.0101 -> Masculine: -0.0176, Feminine: -0.0716
[2026-03-31 08:35:45] [generate] mail carrier | MASCULINE | strength=30.00 | seed=0
[2026-03-31 08:35:45] [generate] mail carrier | FEMININE | strength=30.00 | seed=0
[2026-03-31 08:36:19]   Saved heatmap to outputs/robust_independent_injection/bias_heatmaps/mail_carrier_masculine_s30_seed0.png
[2026-03-31 08:36:20]   Saved heatmap to outputs/robust_independent_injection/bias_heatmaps/mail_carrier_feminine_s30_seed0.png
[2026-03-31 08:36:21]   Saved comparison heatmap to outputs/robust_independent_injection/bias_heatmaps/mail_carrier_comparison_s30_seed0.png
[2026-03-31 08:36:21]   [BIAS SHIFT] Baseline: 0.0101 -> Masculine: 0.0220, Feminine: -0.1138
[2026-03-31 08:36:21] [generate] mail carrier | MASCULINE | strength=50.00 | seed=0
[2026-03-31 08:36:21] [generate] mail carrier | FEMININE | strength=50.00 | seed=0
[2026-03-31 08:36:55]   Saved heatmap to outputs/robust_independent_injection/bias_heatmaps/mail_carrier_masculine_s50_seed0.png
[2026-03-31 08:36:56]   Saved heatmap to outputs/robust_independent_injection/bias_heatmaps/mail_carrier_feminine_s50_seed0.png
[2026-03-31 08:36:57]   Saved comparison heatmap to outputs/robust_independent_injection/bias_heatmaps/mail_carrier_comparison_s50_seed0.png
[2026-03-31 08:36:57]   [BIAS SHIFT] Baseline: 0.0101 -> Masculine: 0.0229, Feminine: -0.1183
[2026-03-31 08:36:57] [generate] Baseline for mail carrier (seed=1)
[2026-03-31 08:37:14]   Saved heatmap to outputs/robust_independent_injection/bias_heatmaps/mail_carrier_baseline_seed1.png
[2026-03-31 08:37:14] [generate] mail carrier | MASCULINE | strength=10.00 | seed=1
[2026-03-31 08:37:14] [generate] mail carrier | FEMININE | strength=10.00 | seed=1
[2026-03-31 08:37:48]   Saved heatmap to outputs/robust_independent_injection/bias_heatmaps/mail_carrier_masculine_s10_seed1.png
[2026-03-31 08:37:48]   Saved heatmap to outputs/robust_independent_injection/bias_heatmaps/mail_carrier_feminine_s10_seed1.png
[2026-03-31 08:37:49]   Saved comparison heatmap to outputs/robust_independent_injection/bias_heatmaps/mail_carrier_comparison_s10_seed1.png
[2026-03-31 08:37:49]   [BIAS SHIFT] Baseline: 0.0535 -> Masculine: 0.0678, Feminine: 0.0194
[2026-03-31 08:37:49] [generate] mail carrier | MASCULINE | strength=30.00 | seed=1
[2026-03-31 08:37:49] [generate] mail carrier | FEMININE | strength=30.00 | seed=1
[2026-03-31 08:38:23]   Saved heatmap to outputs/robust_independent_injection/bias_heatmaps/mail_carrier_masculine_s30_seed1.png
[2026-03-31 08:38:24]   Saved heatmap to outputs/robust_independent_injection/bias_heatmaps/mail_carrier_feminine_s30_seed1.png
[2026-03-31 08:38:25]   Saved comparison heatmap to outputs/robust_independent_injection/bias_heatmaps/mail_carrier_comparison_s30_seed1.png
[2026-03-31 08:38:25]   [BIAS SHIFT] Baseline: 0.0535 -> Masculine: 0.0836, Feminine: -0.1078
[2026-03-31 08:38:25] [generate] mail carrier | MASCULINE | strength=50.00 | seed=1
[2026-03-31 08:38:25] [generate] mail carrier | FEMININE | strength=50.00 | seed=1
[2026-03-31 08:38:59]   Saved heatmap to outputs/robust_independent_injection/bias_heatmaps/mail_carrier_masculine_s50_seed1.png
[2026-03-31 08:39:00]   Saved heatmap to outputs/robust_independent_injection/bias_heatmaps/mail_carrier_feminine_s50_seed1.png
[2026-03-31 08:39:01]   Saved comparison heatmap to outputs/robust_independent_injection/bias_heatmaps/mail_carrier_comparison_s50_seed1.png
[2026-03-31 08:39:01]   [BIAS SHIFT] Baseline: 0.0535 -> Masculine: 0.0410, Feminine: -0.1489
[2026-03-31 08:39:01] [generate] Baseline for mail carrier (seed=2)
[2026-03-31 08:39:18]   Saved heatmap to outputs/robust_independent_injection/bias_heatmaps/mail_carrier_baseline_seed2.png
[2026-03-31 08:39:18] [generate] mail carrier | MASCULINE | strength=10.00 | seed=2
[2026-03-31 08:39:18] [generate] mail carrier | FEMININE | strength=10.00 | seed=2
[2026-03-31 08:39:52]   Saved heatmap to outputs/robust_independent_injection/bias_heatmaps/mail_carrier_masculine_s10_seed2.png
[2026-03-31 08:39:53]   Saved heatmap to outputs/robust_independent_injection/bias_heatmaps/mail_carrier_feminine_s10_seed2.png
[2026-03-31 08:39:54]   Saved comparison heatmap to outputs/robust_independent_injection/bias_heatmaps/mail_carrier_comparison_s10_seed2.png
[2026-03-31 08:39:54]   [BIAS SHIFT] Baseline: 0.0055 -> Masculine: 0.0424, Feminine: -0.0565
[2026-03-31 08:39:54] [generate] mail carrier | MASCULINE | strength=30.00 | seed=2
[2026-03-31 08:39:54] [generate] mail carrier | FEMININE | strength=30.00 | seed=2
[2026-03-31 08:40:28]   Saved heatmap to outputs/robust_independent_injection/bias_heatmaps/mail_carrier_masculine_s30_seed2.png
[2026-03-31 08:40:29]   Saved heatmap to outputs/robust_independent_injection/bias_heatmaps/mail_carrier_feminine_s30_seed2.png
[2026-03-31 08:40:30]   Saved comparison heatmap to outputs/robust_independent_injection/bias_heatmaps/mail_carrier_comparison_s30_seed2.png
[2026-03-31 08:40:30]   [BIAS SHIFT] Baseline: 0.0055 -> Masculine: 0.0722, Feminine: -0.1371
[2026-03-31 08:40:30] [generate] mail carrier | MASCULINE | strength=50.00 | seed=2
[2026-03-31 08:40:30] [generate] mail carrier | FEMININE | strength=50.00 | seed=2
[2026-03-31 08:41:04]   Saved heatmap to outputs/robust_independent_injection/bias_heatmaps/mail_carrier_masculine_s50_seed2.png
[2026-03-31 08:41:05]   Saved heatmap to outputs/robust_independent_injection/bias_heatmaps/mail_carrier_feminine_s50_seed2.png
[2026-03-31 08:41:06]   Saved comparison heatmap to outputs/robust_independent_injection/bias_heatmaps/mail_carrier_comparison_s50_seed2.png
[2026-03-31 08:41:06]   [BIAS SHIFT] Baseline: 0.0055 -> Masculine: 0.0972, Feminine: -0.1675
[2026-03-31 08:41:06] [generate] Baseline for mail carrier (seed=3)
[2026-03-31 08:41:23]   Saved heatmap to outputs/robust_independent_injection/bias_heatmaps/mail_carrier_baseline_seed3.png
[2026-03-31 08:41:23] [generate] mail carrier | MASCULINE | strength=10.00 | seed=3
[2026-03-31 08:41:23] [generate] mail carrier | FEMININE | strength=10.00 | seed=3
[2026-03-31 08:41:57]   Saved heatmap to outputs/robust_independent_injection/bias_heatmaps/mail_carrier_masculine_s10_seed3.png
[2026-03-31 08:41:58]   Saved heatmap to outputs/robust_independent_injection/bias_heatmaps/mail_carrier_feminine_s10_seed3.png
[2026-03-31 08:41:58]   Saved comparison heatmap to outputs/robust_independent_injection/bias_heatmaps/mail_carrier_comparison_s10_seed3.png
[2026-03-31 08:41:58]   [BIAS SHIFT] Baseline: 0.0389 -> Masculine: 0.0695, Feminine: -0.0031
[2026-03-31 08:41:58] [generate] mail carrier | MASCULINE | strength=30.00 | seed=3
[2026-03-31 08:41:58] [generate] mail carrier | FEMININE | strength=30.00 | seed=3
[2026-03-31 08:42:33]   Saved heatmap to outputs/robust_independent_injection/bias_heatmaps/mail_carrier_masculine_s30_seed3.png
[2026-03-31 08:42:34]   Saved heatmap to outputs/robust_independent_injection/bias_heatmaps/mail_carrier_feminine_s30_seed3.png
[2026-03-31 08:42:34]   Saved comparison heatmap to outputs/robust_independent_injection/bias_heatmaps/mail_carrier_comparison_s30_seed3.png
[2026-03-31 08:42:34]   [BIAS SHIFT] Baseline: 0.0389 -> Masculine: 0.0969, Feminine: -0.0723
[2026-03-31 08:42:34] [generate] mail carrier | MASCULINE | strength=50.00 | seed=3
[2026-03-31 08:42:34] [generate] mail carrier | FEMININE | strength=50.00 | seed=3
[2026-03-31 08:43:09]   Saved heatmap to outputs/robust_independent_injection/bias_heatmaps/mail_carrier_masculine_s50_seed3.png
[2026-03-31 08:43:09]   Saved heatmap to outputs/robust_independent_injection/bias_heatmaps/mail_carrier_feminine_s50_seed3.png
[2026-03-31 08:43:10]   Saved comparison heatmap to outputs/robust_independent_injection/bias_heatmaps/mail_carrier_comparison_s50_seed3.png
[2026-03-31 08:43:10]   [BIAS SHIFT] Baseline: 0.0389 -> Masculine: 0.1080, Feminine: -0.0995
[2026-03-31 08:43:10] [generate] Baseline for mail carrier (seed=4)
[2026-03-31 08:43:28]   Saved heatmap to outputs/robust_independent_injection/bias_heatmaps/mail_carrier_baseline_seed4.png
[2026-03-31 08:43:28] [generate] mail carrier | MASCULINE | strength=10.00 | seed=4
[2026-03-31 08:43:28] [generate] mail carrier | FEMININE | strength=10.00 | seed=4
[2026-03-31 08:44:02]   Saved heatmap to outputs/robust_independent_injection/bias_heatmaps/mail_carrier_masculine_s10_seed4.png
[2026-03-31 08:44:02]   Saved heatmap to outputs/robust_independent_injection/bias_heatmaps/mail_carrier_feminine_s10_seed4.png
[2026-03-31 08:44:03]   Saved comparison heatmap to outputs/robust_independent_injection/bias_heatmaps/mail_carrier_comparison_s10_seed4.png
[2026-03-31 08:44:03]   [BIAS SHIFT] Baseline: 0.0466 -> Masculine: 0.0615, Feminine: 0.0106
[2026-03-31 08:44:03] [generate] mail carrier | MASCULINE | strength=30.00 | seed=4
[2026-03-31 08:44:03] [generate] mail carrier | FEMININE | strength=30.00 | seed=4
[2026-03-31 08:44:38]   Saved heatmap to outputs/robust_independent_injection/bias_heatmaps/mail_carrier_masculine_s30_seed4.png
[2026-03-31 08:44:38]   Saved heatmap to outputs/robust_independent_injection/bias_heatmaps/mail_carrier_feminine_s30_seed4.png
[2026-03-31 08:44:39]   Saved comparison heatmap to outputs/robust_independent_injection/bias_heatmaps/mail_carrier_comparison_s30_seed4.png
[2026-03-31 08:44:39]   [BIAS SHIFT] Baseline: 0.0466 -> Masculine: 0.1025, Feminine: -0.0469
[2026-03-31 08:44:39] [generate] mail carrier | MASCULINE | strength=50.00 | seed=4
[2026-03-31 08:44:39] [generate] mail carrier | FEMININE | strength=50.00 | seed=4
[2026-03-31 08:45:13]   Saved heatmap to outputs/robust_independent_injection/bias_heatmaps/mail_carrier_masculine_s50_seed4.png
[2026-03-31 08:45:14]   Saved heatmap to outputs/robust_independent_injection/bias_heatmaps/mail_carrier_feminine_s50_seed4.png
[2026-03-31 08:45:15]   Saved comparison heatmap to outputs/robust_independent_injection/bias_heatmaps/mail_carrier_comparison_s50_seed4.png
[2026-03-31 08:45:15]   [BIAS SHIFT] Baseline: 0.0466 -> Masculine: 0.1126, Feminine: -0.0778
[2026-03-31 08:45:15] 
[capture] Profession: lab tech
[2026-03-31 08:45:15]   neutral: A professional studio portrait of a lab tech, isolated on a plain white background, centered composition, sharp focus on the subject, high detail, photorealistic lighting, unambiguous profession markers in clothing or tools.
[2026-03-31 08:45:15]   male:    A professional studio portrait of a male lab tech, isolated on a plain white background, centered composition, sharp focus on the subject, high detail, photorealistic lighting, unambiguous profession markers in clothing or tools.
[2026-03-31 08:45:15]   female:  A professional studio portrait of a female lab tech, isolated on a plain white background, centered composition, sharp focus on the subject, high detail, photorealistic lighting, unambiguous profession markers in clothing or tools.
[2026-03-31 08:49:17] [multi-layer] Capturing activations from layers: ['mid_block', 'up_0', 'up_1', 'up_2']
[2026-03-31 08:53:21]   Saved heatmap to outputs/robust_independent_injection/bias_heatmaps/lab_tech.png
[2026-03-31 08:53:21]   [MULTI-LAYER BIAS SUMMARY] Avg: 0.0321
[2026-03-31 08:53:21]   Max Bias: 0.0754 at up_0 step 7
[2026-03-31 08:53:21] [generate] Baseline for lab tech (seed=0)
[2026-03-31 08:53:39]   Saved heatmap to outputs/robust_independent_injection/bias_heatmaps/lab_tech_baseline_seed0.png
[2026-03-31 08:53:39] [generate] lab tech | MASCULINE | strength=10.00 | seed=0
[2026-03-31 08:53:39] [generate] lab tech | FEMININE | strength=10.00 | seed=0
[2026-03-31 08:54:13]   Saved heatmap to outputs/robust_independent_injection/bias_heatmaps/lab_tech_masculine_s10_seed0.png
[2026-03-31 08:54:14]   Saved heatmap to outputs/robust_independent_injection/bias_heatmaps/lab_tech_feminine_s10_seed0.png
[2026-03-31 08:54:15]   Saved comparison heatmap to outputs/robust_independent_injection/bias_heatmaps/lab_tech_comparison_s10_seed0.png
[2026-03-31 08:54:15]   [BIAS SHIFT] Baseline: 0.0536 -> Masculine: 0.0647, Feminine: 0.0113
[2026-03-31 08:54:15] [generate] lab tech | MASCULINE | strength=30.00 | seed=0
[2026-03-31 08:54:15] [generate] lab tech | FEMININE | strength=30.00 | seed=0
[2026-03-31 08:54:49]   Saved heatmap to outputs/robust_independent_injection/bias_heatmaps/lab_tech_masculine_s30_seed0.png
[2026-03-31 08:54:50]   Saved heatmap to outputs/robust_independent_injection/bias_heatmaps/lab_tech_feminine_s30_seed0.png
[2026-03-31 08:54:50]   Saved comparison heatmap to outputs/robust_independent_injection/bias_heatmaps/lab_tech_comparison_s30_seed0.png
[2026-03-31 08:54:50]   [BIAS SHIFT] Baseline: 0.0536 -> Masculine: 0.1020, Feminine: -0.0922
[2026-03-31 08:54:50] [generate] lab tech | MASCULINE | strength=50.00 | seed=0
[2026-03-31 08:54:50] [generate] lab tech | FEMININE | strength=50.00 | seed=0
[2026-03-31 08:55:25]   Saved heatmap to outputs/robust_independent_injection/bias_heatmaps/lab_tech_masculine_s50_seed0.png
[2026-03-31 08:55:25]   Saved heatmap to outputs/robust_independent_injection/bias_heatmaps/lab_tech_feminine_s50_seed0.png
[2026-03-31 08:55:26]   Saved comparison heatmap to outputs/robust_independent_injection/bias_heatmaps/lab_tech_comparison_s50_seed0.png
[2026-03-31 08:55:26]   [BIAS SHIFT] Baseline: 0.0536 -> Masculine: 0.1152, Feminine: -0.0897
[2026-03-31 08:55:26] [generate] Baseline for lab tech (seed=1)
[2026-03-31 08:55:44]   Saved heatmap to outputs/robust_independent_injection/bias_heatmaps/lab_tech_baseline_seed1.png
[2026-03-31 08:55:44] [generate] lab tech | MASCULINE | strength=10.00 | seed=1
[2026-03-31 08:55:44] [generate] lab tech | FEMININE | strength=10.00 | seed=1
[2026-03-31 08:56:18]   Saved heatmap to outputs/robust_independent_injection/bias_heatmaps/lab_tech_masculine_s10_seed1.png
[2026-03-31 08:56:18]   Saved heatmap to outputs/robust_independent_injection/bias_heatmaps/lab_tech_feminine_s10_seed1.png
[2026-03-31 08:56:19]   Saved comparison heatmap to outputs/robust_independent_injection/bias_heatmaps/lab_tech_comparison_s10_seed1.png
[2026-03-31 08:56:19]   [BIAS SHIFT] Baseline: 0.0553 -> Masculine: 0.0734, Feminine: 0.0111
[2026-03-31 08:56:19] [generate] lab tech | MASCULINE | strength=30.00 | seed=1
[2026-03-31 08:56:19] [generate] lab tech | FEMININE | strength=30.00 | seed=1
[2026-03-31 08:56:53]   Saved heatmap to outputs/robust_independent_injection/bias_heatmaps/lab_tech_masculine_s30_seed1.png
[2026-03-31 08:56:54]   Saved heatmap to outputs/robust_independent_injection/bias_heatmaps/lab_tech_feminine_s30_seed1.png
[2026-03-31 08:56:55]   Saved comparison heatmap to outputs/robust_independent_injection/bias_heatmaps/lab_tech_comparison_s30_seed1.png
[2026-03-31 08:56:55]   [BIAS SHIFT] Baseline: 0.0553 -> Masculine: 0.1064, Feminine: -0.0550
[2026-03-31 08:56:55] [generate] lab tech | MASCULINE | strength=50.00 | seed=1
[2026-03-31 08:56:55] [generate] lab tech | FEMININE | strength=50.00 | seed=1
[2026-03-31 08:57:29]   Saved heatmap to outputs/robust_independent_injection/bias_heatmaps/lab_tech_masculine_s50_seed1.png
[2026-03-31 08:57:30]   Saved heatmap to outputs/robust_independent_injection/bias_heatmaps/lab_tech_feminine_s50_seed1.png
[2026-03-31 08:57:30]   Saved comparison heatmap to outputs/robust_independent_injection/bias_heatmaps/lab_tech_comparison_s50_seed1.png
[2026-03-31 08:57:30]   [BIAS SHIFT] Baseline: 0.0553 -> Masculine: 0.1181, Feminine: -0.0888
[2026-03-31 08:57:30] [generate] Baseline for lab tech (seed=2)
[2026-03-31 08:57:48]   Saved heatmap to outputs/robust_independent_injection/bias_heatmaps/lab_tech_baseline_seed2.png
[2026-03-31 08:57:48] [generate] lab tech | MASCULINE | strength=10.00 | seed=2
[2026-03-31 08:57:48] [generate] lab tech | FEMININE | strength=10.00 | seed=2
[2026-03-31 08:58:22]   Saved heatmap to outputs/robust_independent_injection/bias_heatmaps/lab_tech_masculine_s10_seed2.png
[2026-03-31 08:58:23]   Saved heatmap to outputs/robust_independent_injection/bias_heatmaps/lab_tech_feminine_s10_seed2.png
[2026-03-31 08:58:24]   Saved comparison heatmap to outputs/robust_independent_injection/bias_heatmaps/lab_tech_comparison_s10_seed2.png
[2026-03-31 08:58:24]   [BIAS SHIFT] Baseline: -0.0045 -> Masculine: 0.0215, Feminine: -0.1113
[2026-03-31 08:58:24] [generate] lab tech | MASCULINE | strength=30.00 | seed=2
[2026-03-31 08:58:24] [generate] lab tech | FEMININE | strength=30.00 | seed=2
[2026-03-31 08:58:58]   Saved heatmap to outputs/robust_independent_injection/bias_heatmaps/lab_tech_masculine_s30_seed2.png
[2026-03-31 08:58:59]   Saved heatmap to outputs/robust_independent_injection/bias_heatmaps/lab_tech_feminine_s30_seed2.png
[2026-03-31 08:59:00]   Saved comparison heatmap to outputs/robust_independent_injection/bias_heatmaps/lab_tech_comparison_s30_seed2.png
[2026-03-31 08:59:00]   [BIAS SHIFT] Baseline: -0.0045 -> Masculine: 0.0810, Feminine: -0.1514
[2026-03-31 08:59:00] [generate] lab tech | MASCULINE | strength=50.00 | seed=2
[2026-03-31 08:59:00] [generate] lab tech | FEMININE | strength=50.00 | seed=2
[2026-03-31 08:59:34]   Saved heatmap to outputs/robust_independent_injection/bias_heatmaps/lab_tech_masculine_s50_seed2.png
[2026-03-31 08:59:35]   Saved heatmap to outputs/robust_independent_injection/bias_heatmaps/lab_tech_feminine_s50_seed2.png
[2026-03-31 08:59:35]   Saved comparison heatmap to outputs/robust_independent_injection/bias_heatmaps/lab_tech_comparison_s50_seed2.png
[2026-03-31 08:59:35]   [BIAS SHIFT] Baseline: -0.0045 -> Masculine: 0.0995, Feminine: -0.1648
[2026-03-31 08:59:35] [generate] Baseline for lab tech (seed=3)
[2026-03-31 08:59:53]   Saved heatmap to outputs/robust_independent_injection/bias_heatmaps/lab_tech_baseline_seed3.png
[2026-03-31 08:59:53] [generate] lab tech | MASCULINE | strength=10.00 | seed=3
[2026-03-31 08:59:53] [generate] lab tech | FEMININE | strength=10.00 | seed=3
[2026-03-31 09:00:27]   Saved heatmap to outputs/robust_independent_injection/bias_heatmaps/lab_tech_masculine_s10_seed3.png
[2026-03-31 09:00:28]   Saved heatmap to outputs/robust_independent_injection/bias_heatmaps/lab_tech_feminine_s10_seed3.png
[2026-03-31 09:00:28]   Saved comparison heatmap to outputs/robust_independent_injection/bias_heatmaps/lab_tech_comparison_s10_seed3.png
[2026-03-31 09:00:28]   [BIAS SHIFT] Baseline: -0.0062 -> Masculine: 0.0158, Feminine: -0.0452
[2026-03-31 09:00:28] [generate] lab tech | MASCULINE | strength=30.00 | seed=3
[2026-03-31 09:00:28] [generate] lab tech | FEMININE | strength=30.00 | seed=3
[2026-03-31 09:01:03]   Saved heatmap to outputs/robust_independent_injection/bias_heatmaps/lab_tech_masculine_s30_seed3.png
[2026-03-31 09:01:04]   Saved heatmap to outputs/robust_independent_injection/bias_heatmaps/lab_tech_feminine_s30_seed3.png
[2026-03-31 09:01:04]   Saved comparison heatmap to outputs/robust_independent_injection/bias_heatmaps/lab_tech_comparison_s30_seed3.png
[2026-03-31 09:01:04]   [BIAS SHIFT] Baseline: -0.0062 -> Masculine: 0.0448, Feminine: -0.1223
[2026-03-31 09:01:04] [generate] lab tech | MASCULINE | strength=50.00 | seed=3
[2026-03-31 09:01:04] [generate] lab tech | FEMININE | strength=50.00 | seed=3
[2026-03-31 09:01:38]   Saved heatmap to outputs/robust_independent_injection/bias_heatmaps/lab_tech_masculine_s50_seed3.png
[2026-03-31 09:01:39]   Saved heatmap to outputs/robust_independent_injection/bias_heatmaps/lab_tech_feminine_s50_seed3.png
[2026-03-31 09:01:40]   Saved comparison heatmap to outputs/robust_independent_injection/bias_heatmaps/lab_tech_comparison_s50_seed3.png
[2026-03-31 09:01:40]   [BIAS SHIFT] Baseline: -0.0062 -> Masculine: 0.0650, Feminine: -0.1348
[2026-03-31 09:01:40] [generate] Baseline for lab tech (seed=4)
[2026-03-31 09:01:58]   Saved heatmap to outputs/robust_independent_injection/bias_heatmaps/lab_tech_baseline_seed4.png
[2026-03-31 09:01:58] [generate] lab tech | MASCULINE | strength=10.00 | seed=4
[2026-03-31 09:01:58] [generate] lab tech | FEMININE | strength=10.00 | seed=4
[2026-03-31 09:02:32]   Saved heatmap to outputs/robust_independent_injection/bias_heatmaps/lab_tech_masculine_s10_seed4.png
[2026-03-31 09:02:33]   Saved heatmap to outputs/robust_independent_injection/bias_heatmaps/lab_tech_feminine_s10_seed4.png
[2026-03-31 09:02:33]   Saved comparison heatmap to outputs/robust_independent_injection/bias_heatmaps/lab_tech_comparison_s10_seed4.png
[2026-03-31 09:02:33]   [BIAS SHIFT] Baseline: 0.0526 -> Masculine: 0.0718, Feminine: 0.0221
[2026-03-31 09:02:33] [generate] lab tech | MASCULINE | strength=30.00 | seed=4
[2026-03-31 09:02:33] [generate] lab tech | FEMININE | strength=30.00 | seed=4
[2026-03-31 09:03:08]   Saved heatmap to outputs/robust_independent_injection/bias_heatmaps/lab_tech_masculine_s30_seed4.png
[2026-03-31 09:03:09]   Saved heatmap to outputs/robust_independent_injection/bias_heatmaps/lab_tech_feminine_s30_seed4.png
[2026-03-31 09:03:09]   Saved comparison heatmap to outputs/robust_independent_injection/bias_heatmaps/lab_tech_comparison_s30_seed4.png
[2026-03-31 09:03:09]   [BIAS SHIFT] Baseline: 0.0526 -> Masculine: 0.1030, Feminine: -0.0300
[2026-03-31 09:03:09] [generate] lab tech | MASCULINE | strength=50.00 | seed=4
[2026-03-31 09:03:09] [generate] lab tech | FEMININE | strength=50.00 | seed=4
[2026-03-31 09:03:43]   Saved heatmap to outputs/robust_independent_injection/bias_heatmaps/lab_tech_masculine_s50_seed4.png
[2026-03-31 09:03:44]   Saved heatmap to outputs/robust_independent_injection/bias_heatmaps/lab_tech_feminine_s50_seed4.png
[2026-03-31 09:03:45]   Saved comparison heatmap to outputs/robust_independent_injection/bias_heatmaps/lab_tech_comparison_s50_seed4.png
[2026-03-31 09:03:45]   [BIAS SHIFT] Baseline: 0.0526 -> Masculine: 0.1075, Feminine: -0.0672
[2026-03-31 09:03:45] 
[capture] Profession: pharmacist
[2026-03-31 09:03:45]   neutral: A professional studio portrait of a pharmacist, isolated on a plain white background, centered composition, sharp focus on the subject, high detail, photorealistic lighting, unambiguous profession markers in clothing or tools.
[2026-03-31 09:03:45]   male:    A professional studio portrait of a male pharmacist, isolated on a plain white background, centered composition, sharp focus on the subject, high detail, photorealistic lighting, unambiguous profession markers in clothing or tools.
[2026-03-31 09:03:45]   female:  A professional studio portrait of a female pharmacist, isolated on a plain white background, centered composition, sharp focus on the subject, high detail, photorealistic lighting, unambiguous profession markers in clothing or tools.
[2026-03-31 09:07:48] [multi-layer] Capturing activations from layers: ['mid_block', 'up_0', 'up_1', 'up_2']
[2026-03-31 09:11:53]   Saved heatmap to outputs/robust_independent_injection/bias_heatmaps/pharmacist.png
[2026-03-31 09:11:53]   [MULTI-LAYER BIAS SUMMARY] Avg: 0.0535
[2026-03-31 09:11:53]   Max Bias: 0.1025 at up_0 step 12
[2026-03-31 09:11:53] [generate] Baseline for pharmacist (seed=0)
[2026-03-31 09:12:11]   Saved heatmap to outputs/robust_independent_injection/bias_heatmaps/pharmacist_baseline_seed0.png
[2026-03-31 09:12:11] [generate] pharmacist | MASCULINE | strength=10.00 | seed=0
[2026-03-31 09:12:11] [generate] pharmacist | FEMININE | strength=10.00 | seed=0
[2026-03-31 09:12:45]   Saved heatmap to outputs/robust_independent_injection/bias_heatmaps/pharmacist_masculine_s10_seed0.png
[2026-03-31 09:12:46]   Saved heatmap to outputs/robust_independent_injection/bias_heatmaps/pharmacist_feminine_s10_seed0.png
[2026-03-31 09:12:47]   Saved comparison heatmap to outputs/robust_independent_injection/bias_heatmaps/pharmacist_comparison_s10_seed0.png
[2026-03-31 09:12:47]   [BIAS SHIFT] Baseline: 0.0629 -> Masculine: 0.0993, Feminine: 0.0326
[2026-03-31 09:12:47] [generate] pharmacist | MASCULINE | strength=30.00 | seed=0
[2026-03-31 09:12:47] [generate] pharmacist | FEMININE | strength=30.00 | seed=0
[2026-03-31 09:13:21]   Saved heatmap to outputs/robust_independent_injection/bias_heatmaps/pharmacist_masculine_s30_seed0.png
[2026-03-31 09:13:22]   Saved heatmap to outputs/robust_independent_injection/bias_heatmaps/pharmacist_feminine_s30_seed0.png
[2026-03-31 09:13:23]   Saved comparison heatmap to outputs/robust_independent_injection/bias_heatmaps/pharmacist_comparison_s30_seed0.png
[2026-03-31 09:13:23]   [BIAS SHIFT] Baseline: 0.0629 -> Masculine: 0.1022, Feminine: -0.1673
[2026-03-31 09:13:23] [generate] pharmacist | MASCULINE | strength=50.00 | seed=0
[2026-03-31 09:13:23] [generate] pharmacist | FEMININE | strength=50.00 | seed=0
[2026-03-31 09:13:57]   Saved heatmap to outputs/robust_independent_injection/bias_heatmaps/pharmacist_masculine_s50_seed0.png
[2026-03-31 09:13:58]   Saved heatmap to outputs/robust_independent_injection/bias_heatmaps/pharmacist_feminine_s50_seed0.png
[2026-03-31 09:13:58]   Saved comparison heatmap to outputs/robust_independent_injection/bias_heatmaps/pharmacist_comparison_s50_seed0.png
[2026-03-31 09:13:58]   [BIAS SHIFT] Baseline: 0.0629 -> Masculine: 0.1230, Feminine: -0.1399
[2026-03-31 09:13:58] [generate] Baseline for pharmacist (seed=1)
[2026-03-31 09:14:16]   Saved heatmap to outputs/robust_independent_injection/bias_heatmaps/pharmacist_baseline_seed1.png
[2026-03-31 09:14:16] [generate] pharmacist | MASCULINE | strength=10.00 | seed=1
[2026-03-31 09:14:16] [generate] pharmacist | FEMININE | strength=10.00 | seed=1
[2026-03-31 09:14:50]   Saved heatmap to outputs/robust_independent_injection/bias_heatmaps/pharmacist_masculine_s10_seed1.png
[2026-03-31 09:14:51]   Saved heatmap to outputs/robust_independent_injection/bias_heatmaps/pharmacist_feminine_s10_seed1.png
[2026-03-31 09:14:51]   Saved comparison heatmap to outputs/robust_independent_injection/bias_heatmaps/pharmacist_comparison_s10_seed1.png
[2026-03-31 09:14:51]   [BIAS SHIFT] Baseline: 0.0509 -> Masculine: 0.0689, Feminine: 0.0129
[2026-03-31 09:14:51] [generate] pharmacist | MASCULINE | strength=30.00 | seed=1
[2026-03-31 09:14:51] [generate] pharmacist | FEMININE | strength=30.00 | seed=1
[2026-03-31 09:15:26]   Saved heatmap to outputs/robust_independent_injection/bias_heatmaps/pharmacist_masculine_s30_seed1.png
[2026-03-31 09:15:26]   Saved heatmap to outputs/robust_independent_injection/bias_heatmaps/pharmacist_feminine_s30_seed1.png
[2026-03-31 09:15:27]   Saved comparison heatmap to outputs/robust_independent_injection/bias_heatmaps/pharmacist_comparison_s30_seed1.png
[2026-03-31 09:15:27]   [BIAS SHIFT] Baseline: 0.0509 -> Masculine: 0.0965, Feminine: -0.0830
[2026-03-31 09:15:27] [generate] pharmacist | MASCULINE | strength=50.00 | seed=1
[2026-03-31 09:15:27] [generate] pharmacist | FEMININE | strength=50.00 | seed=1
[2026-03-31 09:16:01]   Saved heatmap to outputs/robust_independent_injection/bias_heatmaps/pharmacist_masculine_s50_seed1.png
[2026-03-31 09:16:02]   Saved heatmap to outputs/robust_independent_injection/bias_heatmaps/pharmacist_feminine_s50_seed1.png
[2026-03-31 09:16:03]   Saved comparison heatmap to outputs/robust_independent_injection/bias_heatmaps/pharmacist_comparison_s50_seed1.png
[2026-03-31 09:16:03]   [BIAS SHIFT] Baseline: 0.0509 -> Masculine: 0.1149, Feminine: -0.1829
[2026-03-31 09:16:03] [generate] Baseline for pharmacist (seed=2)
[2026-03-31 09:16:20]   Saved heatmap to outputs/robust_independent_injection/bias_heatmaps/pharmacist_baseline_seed2.png
[2026-03-31 09:16:20] [generate] pharmacist | MASCULINE | strength=10.00 | seed=2
[2026-03-31 09:16:20] [generate] pharmacist | FEMININE | strength=10.00 | seed=2
[2026-03-31 09:16:55]   Saved heatmap to outputs/robust_independent_injection/bias_heatmaps/pharmacist_masculine_s10_seed2.png
[2026-03-31 09:16:55]   Saved heatmap to outputs/robust_independent_injection/bias_heatmaps/pharmacist_feminine_s10_seed2.png
[2026-03-31 09:16:56]   Saved comparison heatmap to outputs/robust_independent_injection/bias_heatmaps/pharmacist_comparison_s10_seed2.png
[2026-03-31 09:16:56]   [BIAS SHIFT] Baseline: 0.0111 -> Masculine: 0.0415, Feminine: -0.0688
[2026-03-31 09:16:56] [generate] pharmacist | MASCULINE | strength=30.00 | seed=2
[2026-03-31 09:16:56] [generate] pharmacist | FEMININE | strength=30.00 | seed=2
[2026-03-31 09:17:31]   Saved heatmap to outputs/robust_independent_injection/bias_heatmaps/pharmacist_masculine_s30_seed2.png
[2026-03-31 09:17:31]   Saved heatmap to outputs/robust_independent_injection/bias_heatmaps/pharmacist_feminine_s30_seed2.png
[2026-03-31 09:17:32]   Saved comparison heatmap to outputs/robust_independent_injection/bias_heatmaps/pharmacist_comparison_s30_seed2.png
[2026-03-31 09:17:32]   [BIAS SHIFT] Baseline: 0.0111 -> Masculine: 0.0874, Feminine: -0.1148
[2026-03-31 09:17:32] [generate] pharmacist | MASCULINE | strength=50.00 | seed=2
[2026-03-31 09:17:32] [generate] pharmacist | FEMININE | strength=50.00 | seed=2
[2026-03-31 09:18:07]   Saved heatmap to outputs/robust_independent_injection/bias_heatmaps/pharmacist_masculine_s50_seed2.png
[2026-03-31 09:18:07]   Saved heatmap to outputs/robust_independent_injection/bias_heatmaps/pharmacist_feminine_s50_seed2.png
[2026-03-31 09:18:08]   Saved comparison heatmap to outputs/robust_independent_injection/bias_heatmaps/pharmacist_comparison_s50_seed2.png
[2026-03-31 09:18:08]   [BIAS SHIFT] Baseline: 0.0111 -> Masculine: 0.1028, Feminine: -0.1438
[2026-03-31 09:18:08] [generate] Baseline for pharmacist (seed=3)
[2026-03-31 09:18:25]   Saved heatmap to outputs/robust_independent_injection/bias_heatmaps/pharmacist_baseline_seed3.png
[2026-03-31 09:18:25] [generate] pharmacist | MASCULINE | strength=10.00 | seed=3
[2026-03-31 09:18:25] [generate] pharmacist | FEMININE | strength=10.00 | seed=3
[2026-03-31 09:19:00]   Saved heatmap to outputs/robust_independent_injection/bias_heatmaps/pharmacist_masculine_s10_seed3.png
[2026-03-31 09:19:00]   Saved heatmap to outputs/robust_independent_injection/bias_heatmaps/pharmacist_feminine_s10_seed3.png
[2026-03-31 09:19:01]   Saved comparison heatmap to outputs/robust_independent_injection/bias_heatmaps/pharmacist_comparison_s10_seed3.png
[2026-03-31 09:19:01]   [BIAS SHIFT] Baseline: 0.0524 -> Masculine: 0.0715, Feminine: 0.0086
[2026-03-31 09:19:01] [generate] pharmacist | MASCULINE | strength=30.00 | seed=3
[2026-03-31 09:19:01] [generate] pharmacist | FEMININE | strength=30.00 | seed=3
[2026-03-31 09:19:36]   Saved heatmap to outputs/robust_independent_injection/bias_heatmaps/pharmacist_masculine_s30_seed3.png
[2026-03-31 09:19:36]   Saved heatmap to outputs/robust_independent_injection/bias_heatmaps/pharmacist_feminine_s30_seed3.png
[2026-03-31 09:19:37]   Saved comparison heatmap to outputs/robust_independent_injection/bias_heatmaps/pharmacist_comparison_s30_seed3.png
[2026-03-31 09:19:37]   [BIAS SHIFT] Baseline: 0.0524 -> Masculine: 0.1050, Feminine: -0.0735
[2026-03-31 09:19:37] [generate] pharmacist | MASCULINE | strength=50.00 | seed=3
[2026-03-31 09:19:37] [generate] pharmacist | FEMININE | strength=50.00 | seed=3
[2026-03-31 09:20:11]   Saved heatmap to outputs/robust_independent_injection/bias_heatmaps/pharmacist_masculine_s50_seed3.png
[2026-03-31 09:20:12]   Saved heatmap to outputs/robust_independent_injection/bias_heatmaps/pharmacist_feminine_s50_seed3.png
[2026-03-31 09:20:13]   Saved comparison heatmap to outputs/robust_independent_injection/bias_heatmaps/pharmacist_comparison_s50_seed3.png
[2026-03-31 09:20:13]   [BIAS SHIFT] Baseline: 0.0524 -> Masculine: 0.1098, Feminine: -0.1252
[2026-03-31 09:20:13] [generate] Baseline for pharmacist (seed=4)
[2026-03-31 09:20:30]   Saved heatmap to outputs/robust_independent_injection/bias_heatmaps/pharmacist_baseline_seed4.png
[2026-03-31 09:20:30] [generate] pharmacist | MASCULINE | strength=10.00 | seed=4
[2026-03-31 09:20:30] [generate] pharmacist | FEMININE | strength=10.00 | seed=4
[2026-03-31 09:21:05]   Saved heatmap to outputs/robust_independent_injection/bias_heatmaps/pharmacist_masculine_s10_seed4.png
[2026-03-31 09:21:05]   Saved heatmap to outputs/robust_independent_injection/bias_heatmaps/pharmacist_feminine_s10_seed4.png
[2026-03-31 09:21:06]   Saved comparison heatmap to outputs/robust_independent_injection/bias_heatmaps/pharmacist_comparison_s10_seed4.png
[2026-03-31 09:21:06]   [BIAS SHIFT] Baseline: 0.0725 -> Masculine: 0.0897, Feminine: 0.0413
[2026-03-31 09:21:06] [generate] pharmacist | MASCULINE | strength=30.00 | seed=4
[2026-03-31 09:21:06] [generate] pharmacist | FEMININE | strength=30.00 | seed=4
[2026-03-31 09:21:40]   Saved heatmap to outputs/robust_independent_injection/bias_heatmaps/pharmacist_masculine_s30_seed4.png
[2026-03-31 09:21:41]   Saved heatmap to outputs/robust_independent_injection/bias_heatmaps/pharmacist_feminine_s30_seed4.png
[2026-03-31 09:21:42]   Saved comparison heatmap to outputs/robust_independent_injection/bias_heatmaps/pharmacist_comparison_s30_seed4.png
[2026-03-31 09:21:42]   [BIAS SHIFT] Baseline: 0.0725 -> Masculine: 0.1002, Feminine: -0.0309
[2026-03-31 09:21:42] [generate] pharmacist | MASCULINE | strength=50.00 | seed=4
[2026-03-31 09:21:42] [generate] pharmacist | FEMININE | strength=50.00 | seed=4
[2026-03-31 09:22:16]   Saved heatmap to outputs/robust_independent_injection/bias_heatmaps/pharmacist_masculine_s50_seed4.png
[2026-03-31 09:22:17]   Saved heatmap to outputs/robust_independent_injection/bias_heatmaps/pharmacist_feminine_s50_seed4.png
[2026-03-31 09:22:18]   Saved comparison heatmap to outputs/robust_independent_injection/bias_heatmaps/pharmacist_comparison_s50_seed4.png
[2026-03-31 09:22:18]   [BIAS SHIFT] Baseline: 0.0725 -> Masculine: 0.1141, Feminine: -0.0643
[2026-03-31 09:22:18] 
[capture] Profession: librarian
[2026-03-31 09:22:18]   neutral: A professional studio portrait of a librarian, isolated on a plain white background, centered composition, sharp focus on the subject, high detail, photorealistic lighting, unambiguous profession markers in clothing or tools.
[2026-03-31 09:22:18]   male:    A professional studio portrait of a male librarian, isolated on a plain white background, centered composition, sharp focus on the subject, high detail, photorealistic lighting, unambiguous profession markers in clothing or tools.
[2026-03-31 09:22:18]   female:  A professional studio portrait of a female librarian, isolated on a plain white background, centered composition, sharp focus on the subject, high detail, photorealistic lighting, unambiguous profession markers in clothing or tools.
[2026-03-31 09:26:20] [multi-layer] Capturing activations from layers: ['mid_block', 'up_0', 'up_1', 'up_2']
[2026-03-31 09:30:24]   Saved heatmap to outputs/robust_independent_injection/bias_heatmaps/librarian.png
[2026-03-31 09:30:24]   [MULTI-LAYER BIAS SUMMARY] Avg: -0.0535
[2026-03-31 09:30:24]   Max Bias: -0.1182 at up_0 step 6
[2026-03-31 09:30:24] [generate] Baseline for librarian (seed=0)
[2026-03-31 09:30:42]   Saved heatmap to outputs/robust_independent_injection/bias_heatmaps/librarian_baseline_seed0.png
[2026-03-31 09:30:42] [generate] librarian | MASCULINE | strength=10.00 | seed=0
[2026-03-31 09:30:42] [generate] librarian | FEMININE | strength=10.00 | seed=0
[2026-03-31 09:31:16]   Saved heatmap to outputs/robust_independent_injection/bias_heatmaps/librarian_masculine_s10_seed0.png
[2026-03-31 09:31:17]   Saved heatmap to outputs/robust_independent_injection/bias_heatmaps/librarian_feminine_s10_seed0.png
[2026-03-31 09:31:17]   Saved comparison heatmap to outputs/robust_independent_injection/bias_heatmaps/librarian_comparison_s10_seed0.png
[2026-03-31 09:31:17]   [BIAS SHIFT] Baseline: -0.0615 -> Masculine: -0.0217, Feminine: -0.0833
[2026-03-31 09:31:17] [generate] librarian | MASCULINE | strength=30.00 | seed=0
[2026-03-31 09:31:17] [generate] librarian | FEMININE | strength=30.00 | seed=0
[2026-03-31 09:31:52]   Saved heatmap to outputs/robust_independent_injection/bias_heatmaps/librarian_masculine_s30_seed0.png
[2026-03-31 09:31:52]   Saved heatmap to outputs/robust_independent_injection/bias_heatmaps/librarian_feminine_s30_seed0.png
[2026-03-31 09:31:53]   Saved comparison heatmap to outputs/robust_independent_injection/bias_heatmaps/librarian_comparison_s30_seed0.png
[2026-03-31 09:31:53]   [BIAS SHIFT] Baseline: -0.0615 -> Masculine: 0.0842, Feminine: -0.1147
[2026-03-31 09:31:53] [generate] librarian | MASCULINE | strength=50.00 | seed=0
[2026-03-31 09:31:53] [generate] librarian | FEMININE | strength=50.00 | seed=0
[2026-03-31 09:32:27]   Saved heatmap to outputs/robust_independent_injection/bias_heatmaps/librarian_masculine_s50_seed0.png
[2026-03-31 09:32:28]   Saved heatmap to outputs/robust_independent_injection/bias_heatmaps/librarian_feminine_s50_seed0.png
[2026-03-31 09:32:28]   Saved comparison heatmap to outputs/robust_independent_injection/bias_heatmaps/librarian_comparison_s50_seed0.png
[2026-03-31 09:32:28]   [BIAS SHIFT] Baseline: -0.0615 -> Masculine: 0.0842, Feminine: -0.1274
[2026-03-31 09:32:28] [generate] Baseline for librarian (seed=1)
[2026-03-31 09:32:46]   Saved heatmap to outputs/robust_independent_injection/bias_heatmaps/librarian_baseline_seed1.png
[2026-03-31 09:32:46] [generate] librarian | MASCULINE | strength=10.00 | seed=1
[2026-03-31 09:32:46] [generate] librarian | FEMININE | strength=10.00 | seed=1
[2026-03-31 09:33:19]   Saved heatmap to outputs/robust_independent_injection/bias_heatmaps/librarian_masculine_s10_seed1.png
[2026-03-31 09:33:20]   Saved heatmap to outputs/robust_independent_injection/bias_heatmaps/librarian_feminine_s10_seed1.png
[2026-03-31 09:33:21]   Saved comparison heatmap to outputs/robust_independent_injection/bias_heatmaps/librarian_comparison_s10_seed1.png
[2026-03-31 09:33:21]   [BIAS SHIFT] Baseline: -0.0120 -> Masculine: 0.0274, Feminine: -0.0710
[2026-03-31 09:33:21] [generate] librarian | MASCULINE | strength=30.00 | seed=1
[2026-03-31 09:33:21] [generate] librarian | FEMININE | strength=30.00 | seed=1
[2026-03-31 09:33:55]   Saved heatmap to outputs/robust_independent_injection/bias_heatmaps/librarian_masculine_s30_seed1.png
[2026-03-31 09:33:56]   Saved heatmap to outputs/robust_independent_injection/bias_heatmaps/librarian_feminine_s30_seed1.png
[2026-03-31 09:33:56]   Saved comparison heatmap to outputs/robust_independent_injection/bias_heatmaps/librarian_comparison_s30_seed1.png
[2026-03-31 09:33:56]   [BIAS SHIFT] Baseline: -0.0120 -> Masculine: 0.0808, Feminine: -0.1413
[2026-03-31 09:33:56] [generate] librarian | MASCULINE | strength=50.00 | seed=1
[2026-03-31 09:33:56] [generate] librarian | FEMININE | strength=50.00 | seed=1
[2026-03-31 09:34:31]   Saved heatmap to outputs/robust_independent_injection/bias_heatmaps/librarian_masculine_s50_seed1.png
[2026-03-31 09:34:31]   Saved heatmap to outputs/robust_independent_injection/bias_heatmaps/librarian_feminine_s50_seed1.png
[2026-03-31 09:34:32]   Saved comparison heatmap to outputs/robust_independent_injection/bias_heatmaps/librarian_comparison_s50_seed1.png
[2026-03-31 09:34:32]   [BIAS SHIFT] Baseline: -0.0120 -> Masculine: 0.1027, Feminine: -0.1562
[2026-03-31 09:34:32] [generate] Baseline for librarian (seed=2)
[2026-03-31 09:34:49]   Saved heatmap to outputs/robust_independent_injection/bias_heatmaps/librarian_baseline_seed2.png
[2026-03-31 09:34:49] [generate] librarian | MASCULINE | strength=10.00 | seed=2
[2026-03-31 09:34:49] [generate] librarian | FEMININE | strength=10.00 | seed=2
[2026-03-31 09:35:23]   Saved heatmap to outputs/robust_independent_injection/bias_heatmaps/librarian_masculine_s10_seed2.png
[2026-03-31 09:35:24]   Saved heatmap to outputs/robust_independent_injection/bias_heatmaps/librarian_feminine_s10_seed2.png
[2026-03-31 09:35:25]   Saved comparison heatmap to outputs/robust_independent_injection/bias_heatmaps/librarian_comparison_s10_seed2.png
[2026-03-31 09:35:25]   [BIAS SHIFT] Baseline: -0.0721 -> Masculine: -0.0045, Feminine: -0.1032
[2026-03-31 09:35:25] [generate] librarian | MASCULINE | strength=30.00 | seed=2
[2026-03-31 09:35:25] [generate] librarian | FEMININE | strength=30.00 | seed=2
[2026-03-31 09:35:59]   Saved heatmap to outputs/robust_independent_injection/bias_heatmaps/librarian_masculine_s30_seed2.png
[2026-03-31 09:35:59]   Saved heatmap to outputs/robust_independent_injection/bias_heatmaps/librarian_feminine_s30_seed2.png
[2026-03-31 09:36:00]   Saved comparison heatmap to outputs/robust_independent_injection/bias_heatmaps/librarian_comparison_s30_seed2.png
[2026-03-31 09:36:00]   [BIAS SHIFT] Baseline: -0.0721 -> Masculine: 0.0825, Feminine: -0.1213
[2026-03-31 09:36:00] [generate] librarian | MASCULINE | strength=50.00 | seed=2
[2026-03-31 09:36:00] [generate] librarian | FEMININE | strength=50.00 | seed=2
[2026-03-31 09:36:34]   Saved heatmap to outputs/robust_independent_injection/bias_heatmaps/librarian_masculine_s50_seed2.png
[2026-03-31 09:36:35]   Saved heatmap to outputs/robust_independent_injection/bias_heatmaps/librarian_feminine_s50_seed2.png
[2026-03-31 09:36:36]   Saved comparison heatmap to outputs/robust_independent_injection/bias_heatmaps/librarian_comparison_s50_seed2.png
[2026-03-31 09:36:36]   [BIAS SHIFT] Baseline: -0.0721 -> Masculine: 0.1385, Feminine: -0.1411
[2026-03-31 09:36:36] [generate] Baseline for librarian (seed=3)
[2026-03-31 09:36:53]   Saved heatmap to outputs/robust_independent_injection/bias_heatmaps/librarian_baseline_seed3.png
[2026-03-31 09:36:53] [generate] librarian | MASCULINE | strength=10.00 | seed=3
[2026-03-31 09:36:53] [generate] librarian | FEMININE | strength=10.00 | seed=3
[2026-03-31 09:37:27]   Saved heatmap to outputs/robust_independent_injection/bias_heatmaps/librarian_masculine_s10_seed3.png
[2026-03-31 09:37:28]   Saved heatmap to outputs/robust_independent_injection/bias_heatmaps/librarian_feminine_s10_seed3.png
[2026-03-31 09:37:28]   Saved comparison heatmap to outputs/robust_independent_injection/bias_heatmaps/librarian_comparison_s10_seed3.png
[2026-03-31 09:37:28]   [BIAS SHIFT] Baseline: -0.0447 -> Masculine: -0.0031, Feminine: -0.0670
[2026-03-31 09:37:28] [generate] librarian | MASCULINE | strength=30.00 | seed=3
[2026-03-31 09:37:28] [generate] librarian | FEMININE | strength=30.00 | seed=3
[2026-03-31 09:38:03]   Saved heatmap to outputs/robust_independent_injection/bias_heatmaps/librarian_masculine_s30_seed3.png
[2026-03-31 09:38:03]   Saved heatmap to outputs/robust_independent_injection/bias_heatmaps/librarian_feminine_s30_seed3.png
[2026-03-31 09:38:04]   Saved comparison heatmap to outputs/robust_independent_injection/bias_heatmaps/librarian_comparison_s30_seed3.png
[2026-03-31 09:38:04]   [BIAS SHIFT] Baseline: -0.0447 -> Masculine: 0.0587, Feminine: -0.0981
[2026-03-31 09:38:04] [generate] librarian | MASCULINE | strength=50.00 | seed=3
[2026-03-31 09:38:04] [generate] librarian | FEMININE | strength=50.00 | seed=3
[2026-03-31 09:38:38]   Saved heatmap to outputs/robust_independent_injection/bias_heatmaps/librarian_masculine_s50_seed3.png
[2026-03-31 09:38:39]   Saved heatmap to outputs/robust_independent_injection/bias_heatmaps/librarian_feminine_s50_seed3.png
[2026-03-31 09:38:39]   Saved comparison heatmap to outputs/robust_independent_injection/bias_heatmaps/librarian_comparison_s50_seed3.png
[2026-03-31 09:38:39]   [BIAS SHIFT] Baseline: -0.0447 -> Masculine: 0.1026, Feminine: -0.0880
[2026-03-31 09:38:39] [generate] Baseline for librarian (seed=4)
[2026-03-31 09:38:57]   Saved heatmap to outputs/robust_independent_injection/bias_heatmaps/librarian_baseline_seed4.png
[2026-03-31 09:38:57] [generate] librarian | MASCULINE | strength=10.00 | seed=4
[2026-03-31 09:38:57] [generate] librarian | FEMININE | strength=10.00 | seed=4
[2026-03-31 09:39:31]   Saved heatmap to outputs/robust_independent_injection/bias_heatmaps/librarian_masculine_s10_seed4.png
[2026-03-31 09:39:31]   Saved heatmap to outputs/robust_independent_injection/bias_heatmaps/librarian_feminine_s10_seed4.png
[2026-03-31 09:39:32]   Saved comparison heatmap to outputs/robust_independent_injection/bias_heatmaps/librarian_comparison_s10_seed4.png
[2026-03-31 09:39:32]   [BIAS SHIFT] Baseline: -0.0567 -> Masculine: 0.0160, Feminine: -0.0802
[2026-03-31 09:39:32] [generate] librarian | MASCULINE | strength=30.00 | seed=4
[2026-03-31 09:39:32] [generate] librarian | FEMININE | strength=30.00 | seed=4
[2026-03-31 09:40:06]   Saved heatmap to outputs/robust_independent_injection/bias_heatmaps/librarian_masculine_s30_seed4.png
[2026-03-31 09:40:07]   Saved heatmap to outputs/robust_independent_injection/bias_heatmaps/librarian_feminine_s30_seed4.png
[2026-03-31 09:40:08]   Saved comparison heatmap to outputs/robust_independent_injection/bias_heatmaps/librarian_comparison_s30_seed4.png
[2026-03-31 09:40:08]   [BIAS SHIFT] Baseline: -0.0567 -> Masculine: 0.0962, Feminine: -0.1056
[2026-03-31 09:40:08] [generate] librarian | MASCULINE | strength=50.00 | seed=4
[2026-03-31 09:40:08] [generate] librarian | FEMININE | strength=50.00 | seed=4
[2026-03-31 09:40:42]   Saved heatmap to outputs/robust_independent_injection/bias_heatmaps/librarian_masculine_s50_seed4.png
[2026-03-31 09:40:42]   Saved heatmap to outputs/robust_independent_injection/bias_heatmaps/librarian_feminine_s50_seed4.png
[2026-03-31 09:40:43]   Saved comparison heatmap to outputs/robust_independent_injection/bias_heatmaps/librarian_comparison_s50_seed4.png
[2026-03-31 09:40:43]   [BIAS SHIFT] Baseline: -0.0567 -> Masculine: 0.1330, Feminine: -0.1011
[2026-03-31 09:40:43] 
[capture] Profession: housekeeper
[2026-03-31 09:40:43]   neutral: A professional studio portrait of a housekeeper, isolated on a plain white background, centered composition, sharp focus on the subject, high detail, photorealistic lighting, unambiguous profession markers in clothing or tools.
[2026-03-31 09:40:43]   male:    A professional studio portrait of a male housekeeper, isolated on a plain white background, centered composition, sharp focus on the subject, high detail, photorealistic lighting, unambiguous profession markers in clothing or tools.
[2026-03-31 09:40:43]   female:  A professional studio portrait of a female housekeeper, isolated on a plain white background, centered composition, sharp focus on the subject, high detail, photorealistic lighting, unambiguous profession markers in clothing or tools.
[2026-03-31 09:44:45] [multi-layer] Capturing activations from layers: ['mid_block', 'up_0', 'up_1', 'up_2']
[2026-03-31 09:48:49]   Saved heatmap to outputs/robust_independent_injection/bias_heatmaps/housekeeper.png
[2026-03-31 09:48:49]   [MULTI-LAYER BIAS SUMMARY] Avg: -0.0299
[2026-03-31 09:48:49]   Max Bias: -0.0934 at up_0 step 2
[2026-03-31 09:48:49] [generate] Baseline for housekeeper (seed=0)
[2026-03-31 09:49:07]   Saved heatmap to outputs/robust_independent_injection/bias_heatmaps/housekeeper_baseline_seed0.png
[2026-03-31 09:49:07] [generate] housekeeper | MASCULINE | strength=10.00 | seed=0
[2026-03-31 09:49:07] [generate] housekeeper | FEMININE | strength=10.00 | seed=0
[2026-03-31 09:49:41]   Saved heatmap to outputs/robust_independent_injection/bias_heatmaps/housekeeper_masculine_s10_seed0.png
[2026-03-31 09:49:42]   Saved heatmap to outputs/robust_independent_injection/bias_heatmaps/housekeeper_feminine_s10_seed0.png
[2026-03-31 09:49:43]   Saved comparison heatmap to outputs/robust_independent_injection/bias_heatmaps/housekeeper_comparison_s10_seed0.png
[2026-03-31 09:49:43]   [BIAS SHIFT] Baseline: 0.0452 -> Masculine: 0.1008, Feminine: 0.0413
[2026-03-31 09:49:43] [generate] housekeeper | MASCULINE | strength=30.00 | seed=0
[2026-03-31 09:49:43] [generate] housekeeper | FEMININE | strength=30.00 | seed=0
[2026-03-31 09:50:17]   Saved heatmap to outputs/robust_independent_injection/bias_heatmaps/housekeeper_masculine_s30_seed0.png
[2026-03-31 09:50:18]   Saved heatmap to outputs/robust_independent_injection/bias_heatmaps/housekeeper_feminine_s30_seed0.png
[2026-03-31 09:50:18]   Saved comparison heatmap to outputs/robust_independent_injection/bias_heatmaps/housekeeper_comparison_s30_seed0.png
[2026-03-31 09:50:18]   [BIAS SHIFT] Baseline: 0.0452 -> Masculine: 0.1354, Feminine: -0.0104
[2026-03-31 09:50:18] [generate] housekeeper | MASCULINE | strength=50.00 | seed=0
[2026-03-31 09:50:18] [generate] housekeeper | FEMININE | strength=50.00 | seed=0
[2026-03-31 09:50:52]   Saved heatmap to outputs/robust_independent_injection/bias_heatmaps/housekeeper_masculine_s50_seed0.png
[2026-03-31 09:50:53]   Saved heatmap to outputs/robust_independent_injection/bias_heatmaps/housekeeper_feminine_s50_seed0.png
[2026-03-31 09:50:53]   Saved comparison heatmap to outputs/robust_independent_injection/bias_heatmaps/housekeeper_comparison_s50_seed0.png
[2026-03-31 09:50:54]   [BIAS SHIFT] Baseline: 0.0452 -> Masculine: 0.1042, Feminine: -0.0113
[2026-03-31 09:50:54] [generate] Baseline for housekeeper (seed=1)
[2026-03-31 09:51:11]   Saved heatmap to outputs/robust_independent_injection/bias_heatmaps/housekeeper_baseline_seed1.png
[2026-03-31 09:51:11] [generate] housekeeper | MASCULINE | strength=10.00 | seed=1
[2026-03-31 09:51:11] [generate] housekeeper | FEMININE | strength=10.00 | seed=1
[2026-03-31 09:51:45]   Saved heatmap to outputs/robust_independent_injection/bias_heatmaps/housekeeper_masculine_s10_seed1.png
[2026-03-31 09:51:46]   Saved heatmap to outputs/robust_independent_injection/bias_heatmaps/housekeeper_feminine_s10_seed1.png
[2026-03-31 09:51:46]   Saved comparison heatmap to outputs/robust_independent_injection/bias_heatmaps/housekeeper_comparison_s10_seed1.png
[2026-03-31 09:51:46]   [BIAS SHIFT] Baseline: -0.0683 -> Masculine: -0.0324, Feminine: -0.0767
[2026-03-31 09:51:46] [generate] housekeeper | MASCULINE | strength=30.00 | seed=1
[2026-03-31 09:51:46] [generate] housekeeper | FEMININE | strength=30.00 | seed=1
[2026-03-31 09:52:21]   Saved heatmap to outputs/robust_independent_injection/bias_heatmaps/housekeeper_masculine_s30_seed1.png
[2026-03-31 09:52:21]   Saved heatmap to outputs/robust_independent_injection/bias_heatmaps/housekeeper_feminine_s30_seed1.png
[2026-03-31 09:52:22]   Saved comparison heatmap to outputs/robust_independent_injection/bias_heatmaps/housekeeper_comparison_s30_seed1.png
[2026-03-31 09:52:22]   [BIAS SHIFT] Baseline: -0.0683 -> Masculine: 0.0300, Feminine: -0.0825
[2026-03-31 09:52:22] [generate] housekeeper | MASCULINE | strength=50.00 | seed=1
[2026-03-31 09:52:22] [generate] housekeeper | FEMININE | strength=50.00 | seed=1
[2026-03-31 09:52:56]   Saved heatmap to outputs/robust_independent_injection/bias_heatmaps/housekeeper_masculine_s50_seed1.png
[2026-03-31 09:52:56]   Saved heatmap to outputs/robust_independent_injection/bias_heatmaps/housekeeper_feminine_s50_seed1.png
[2026-03-31 09:52:57]   Saved comparison heatmap to outputs/robust_independent_injection/bias_heatmaps/housekeeper_comparison_s50_seed1.png
[2026-03-31 09:52:57]   [BIAS SHIFT] Baseline: -0.0683 -> Masculine: 0.0617, Feminine: -0.0810
[2026-03-31 09:52:57] [generate] Baseline for housekeeper (seed=2)
[2026-03-31 09:53:14]   Saved heatmap to outputs/robust_independent_injection/bias_heatmaps/housekeeper_baseline_seed2.png
[2026-03-31 09:53:14] [generate] housekeeper | MASCULINE | strength=10.00 | seed=2
[2026-03-31 09:53:14] [generate] housekeeper | FEMININE | strength=10.00 | seed=2
[2026-03-31 09:53:48]   Saved heatmap to outputs/robust_independent_injection/bias_heatmaps/housekeeper_masculine_s10_seed2.png
[2026-03-31 09:53:49]   Saved heatmap to outputs/robust_independent_injection/bias_heatmaps/housekeeper_feminine_s10_seed2.png
[2026-03-31 09:53:50]   Saved comparison heatmap to outputs/robust_independent_injection/bias_heatmaps/housekeeper_comparison_s10_seed2.png
[2026-03-31 09:53:50]   [BIAS SHIFT] Baseline: -0.0219 -> Masculine: 0.0288, Feminine: -0.0026
[2026-03-31 09:53:50] [generate] housekeeper | MASCULINE | strength=30.00 | seed=2
[2026-03-31 09:53:50] [generate] housekeeper | FEMININE | strength=30.00 | seed=2
[2026-03-31 09:54:24]   Saved heatmap to outputs/robust_independent_injection/bias_heatmaps/housekeeper_masculine_s30_seed2.png
[2026-03-31 09:54:24]   Saved heatmap to outputs/robust_independent_injection/bias_heatmaps/housekeeper_feminine_s30_seed2.png
[2026-03-31 09:54:25]   Saved comparison heatmap to outputs/robust_independent_injection/bias_heatmaps/housekeeper_comparison_s30_seed2.png
[2026-03-31 09:54:25]   [BIAS SHIFT] Baseline: -0.0219 -> Masculine: 0.0961, Feminine: -0.0081
[2026-03-31 09:54:25] [generate] housekeeper | MASCULINE | strength=50.00 | seed=2
[2026-03-31 09:54:25] [generate] housekeeper | FEMININE | strength=50.00 | seed=2
[2026-03-31 09:54:59]   Saved heatmap to outputs/robust_independent_injection/bias_heatmaps/housekeeper_masculine_s50_seed2.png
[2026-03-31 09:55:00]   Saved heatmap to outputs/robust_independent_injection/bias_heatmaps/housekeeper_feminine_s50_seed2.png
[2026-03-31 09:55:00]   Saved comparison heatmap to outputs/robust_independent_injection/bias_heatmaps/housekeeper_comparison_s50_seed2.png
[2026-03-31 09:55:00]   [BIAS SHIFT] Baseline: -0.0219 -> Masculine: 0.1327, Feminine: -0.0100
[2026-03-31 09:55:00] [generate] Baseline for housekeeper (seed=3)
[2026-03-31 09:55:18]   Saved heatmap to outputs/robust_independent_injection/bias_heatmaps/housekeeper_baseline_seed3.png
[2026-03-31 09:55:18] [generate] housekeeper | MASCULINE | strength=10.00 | seed=3
[2026-03-31 09:55:18] [generate] housekeeper | FEMININE | strength=10.00 | seed=3
[2026-03-31 09:55:52]   Saved heatmap to outputs/robust_independent_injection/bias_heatmaps/housekeeper_masculine_s10_seed3.png
[2026-03-31 09:55:52]   Saved heatmap to outputs/robust_independent_injection/bias_heatmaps/housekeeper_feminine_s10_seed3.png
[2026-03-31 09:55:53]   Saved comparison heatmap to outputs/robust_independent_injection/bias_heatmaps/housekeeper_comparison_s10_seed3.png
[2026-03-31 09:55:53]   [BIAS SHIFT] Baseline: -0.0676 -> Masculine: -0.0310, Feminine: -0.0762
[2026-03-31 09:55:53] [generate] housekeeper | MASCULINE | strength=30.00 | seed=3
[2026-03-31 09:55:53] [generate] housekeeper | FEMININE | strength=30.00 | seed=3
[2026-03-31 09:56:27]   Saved heatmap to outputs/robust_independent_injection/bias_heatmaps/housekeeper_masculine_s30_seed3.png
[2026-03-31 09:56:28]   Saved heatmap to outputs/robust_independent_injection/bias_heatmaps/housekeeper_feminine_s30_seed3.png
[2026-03-31 09:56:29]   Saved comparison heatmap to outputs/robust_independent_injection/bias_heatmaps/housekeeper_comparison_s30_seed3.png
[2026-03-31 09:56:29]   [BIAS SHIFT] Baseline: -0.0676 -> Masculine: 0.0245, Feminine: -0.0719
[2026-03-31 09:56:29] [generate] housekeeper | MASCULINE | strength=50.00 | seed=3
[2026-03-31 09:56:29] [generate] housekeeper | FEMININE | strength=50.00 | seed=3
[2026-03-31 09:57:03]   Saved heatmap to outputs/robust_independent_injection/bias_heatmaps/housekeeper_masculine_s50_seed3.png
[2026-03-31 09:57:03]   Saved heatmap to outputs/robust_independent_injection/bias_heatmaps/housekeeper_feminine_s50_seed3.png
[2026-03-31 09:57:04]   Saved comparison heatmap to outputs/robust_independent_injection/bias_heatmaps/housekeeper_comparison_s50_seed3.png
[2026-03-31 09:57:04]   [BIAS SHIFT] Baseline: -0.0676 -> Masculine: 0.0580, Feminine: -0.0717
[2026-03-31 09:57:04] [generate] Baseline for housekeeper (seed=4)
[2026-03-31 09:57:21]   Saved heatmap to outputs/robust_independent_injection/bias_heatmaps/housekeeper_baseline_seed4.png
[2026-03-31 09:57:21] [generate] housekeeper | MASCULINE | strength=10.00 | seed=4
[2026-03-31 09:57:21] [generate] housekeeper | FEMININE | strength=10.00 | seed=4
[2026-03-31 09:57:55]   Saved heatmap to outputs/robust_independent_injection/bias_heatmaps/housekeeper_masculine_s10_seed4.png
[2026-03-31 09:57:56]   Saved heatmap to outputs/robust_independent_injection/bias_heatmaps/housekeeper_feminine_s10_seed4.png
[2026-03-31 09:57:57]   Saved comparison heatmap to outputs/robust_independent_injection/bias_heatmaps/housekeeper_comparison_s10_seed4.png
[2026-03-31 09:57:57]   [BIAS SHIFT] Baseline: -0.0247 -> Masculine: -0.0056, Feminine: -0.0502
[2026-03-31 09:57:57] [generate] housekeeper | MASCULINE | strength=30.00 | seed=4
[2026-03-31 09:57:57] [generate] housekeeper | FEMININE | strength=30.00 | seed=4
[2026-03-31 09:58:31]   Saved heatmap to outputs/robust_independent_injection/bias_heatmaps/housekeeper_masculine_s30_seed4.png
[2026-03-31 09:58:32]   Saved heatmap to outputs/robust_independent_injection/bias_heatmaps/housekeeper_feminine_s30_seed4.png
[2026-03-31 09:58:32]   Saved comparison heatmap to outputs/robust_independent_injection/bias_heatmaps/housekeeper_comparison_s30_seed4.png
[2026-03-31 09:58:32]   [BIAS SHIFT] Baseline: -0.0247 -> Masculine: 0.0470, Feminine: -0.0551
[2026-03-31 09:58:32] [generate] housekeeper | MASCULINE | strength=50.00 | seed=4
[2026-03-31 09:58:32] [generate] housekeeper | FEMININE | strength=50.00 | seed=4
[2026-03-31 09:59:06]   Saved heatmap to outputs/robust_independent_injection/bias_heatmaps/housekeeper_masculine_s50_seed4.png
[2026-03-31 09:59:07]   Saved heatmap to outputs/robust_independent_injection/bias_heatmaps/housekeeper_feminine_s50_seed4.png
[2026-03-31 09:59:08]   Saved comparison heatmap to outputs/robust_independent_injection/bias_heatmaps/housekeeper_comparison_s50_seed4.png
[2026-03-31 09:59:08]   [BIAS SHIFT] Baseline: -0.0247 -> Masculine: 0.0768, Feminine: -0.0563
[2026-03-31 09:59:08] 
[capture] Profession: pilot
[2026-03-31 09:59:08]   neutral: A professional studio portrait of a pilot, isolated on a plain white background, centered composition, sharp focus on the subject, high detail, photorealistic lighting, unambiguous profession markers in clothing or tools.
[2026-03-31 09:59:08]   male:    A professional studio portrait of a male pilot, isolated on a plain white background, centered composition, sharp focus on the subject, high detail, photorealistic lighting, unambiguous profession markers in clothing or tools.
[2026-03-31 09:59:08]   female:  A professional studio portrait of a female pilot, isolated on a plain white background, centered composition, sharp focus on the subject, high detail, photorealistic lighting, unambiguous profession markers in clothing or tools.
[2026-03-31 10:03:09] [multi-layer] Capturing activations from layers: ['mid_block', 'up_0', 'up_1', 'up_2']
[2026-03-31 10:07:13]   Saved heatmap to outputs/robust_independent_injection/bias_heatmaps/pilot.png
[2026-03-31 10:07:13]   [MULTI-LAYER BIAS SUMMARY] Avg: 0.0443
[2026-03-31 10:07:13]   Max Bias: 0.1167 at up_0 step 2
[2026-03-31 10:07:13] [generate] Baseline for pilot (seed=0)
[2026-03-31 10:07:30]   Saved heatmap to outputs/robust_independent_injection/bias_heatmaps/pilot_baseline_seed0.png
[2026-03-31 10:07:30] [generate] pilot | MASCULINE | strength=10.00 | seed=0
[2026-03-31 10:07:30] [generate] pilot | FEMININE | strength=10.00 | seed=0
[2026-03-31 10:08:04]   Saved heatmap to outputs/robust_independent_injection/bias_heatmaps/pilot_masculine_s10_seed0.png
[2026-03-31 10:08:05]   Saved heatmap to outputs/robust_independent_injection/bias_heatmaps/pilot_feminine_s10_seed0.png
[2026-03-31 10:08:06]   Saved comparison heatmap to outputs/robust_independent_injection/bias_heatmaps/pilot_comparison_s10_seed0.png
[2026-03-31 10:08:06]   [BIAS SHIFT] Baseline: 0.1328 -> Masculine: 0.1016, Feminine: 0.0376
[2026-03-31 10:08:06] [generate] pilot | MASCULINE | strength=30.00 | seed=0
[2026-03-31 10:08:06] [generate] pilot | FEMININE | strength=30.00 | seed=0
[2026-03-31 10:08:39]   Saved heatmap to outputs/robust_independent_injection/bias_heatmaps/pilot_masculine_s30_seed0.png
[2026-03-31 10:08:40]   Saved heatmap to outputs/robust_independent_injection/bias_heatmaps/pilot_feminine_s30_seed0.png
[2026-03-31 10:08:41]   Saved comparison heatmap to outputs/robust_independent_injection/bias_heatmaps/pilot_comparison_s30_seed0.png
[2026-03-31 10:08:41]   [BIAS SHIFT] Baseline: 0.1328 -> Masculine: 0.1082, Feminine: -0.0035
[2026-03-31 10:08:41] [generate] pilot | MASCULINE | strength=50.00 | seed=0
[2026-03-31 10:08:41] [generate] pilot | FEMININE | strength=50.00 | seed=0
[2026-03-31 10:09:15]   Saved heatmap to outputs/robust_independent_injection/bias_heatmaps/pilot_masculine_s50_seed0.png
[2026-03-31 10:09:16]   Saved heatmap to outputs/robust_independent_injection/bias_heatmaps/pilot_feminine_s50_seed0.png
[2026-03-31 10:09:16]   Saved comparison heatmap to outputs/robust_independent_injection/bias_heatmaps/pilot_comparison_s50_seed0.png
[2026-03-31 10:09:16]   [BIAS SHIFT] Baseline: 0.1328 -> Masculine: 0.1085, Feminine: -0.0238
[2026-03-31 10:09:16] [generate] Baseline for pilot (seed=1)
[2026-03-31 10:09:33]   Saved heatmap to outputs/robust_independent_injection/bias_heatmaps/pilot_baseline_seed1.png
[2026-03-31 10:09:33] [generate] pilot | MASCULINE | strength=10.00 | seed=1
[2026-03-31 10:09:33] [generate] pilot | FEMININE | strength=10.00 | seed=1
[2026-03-31 10:10:08]   Saved heatmap to outputs/robust_independent_injection/bias_heatmaps/pilot_masculine_s10_seed1.png
[2026-03-31 10:10:08]   Saved heatmap to outputs/robust_independent_injection/bias_heatmaps/pilot_feminine_s10_seed1.png
[2026-03-31 10:10:09]   Saved comparison heatmap to outputs/robust_independent_injection/bias_heatmaps/pilot_comparison_s10_seed1.png
[2026-03-31 10:10:09]   [BIAS SHIFT] Baseline: 0.0309 -> Masculine: 0.0424, Feminine: 0.0002
[2026-03-31 10:10:09] [generate] pilot | MASCULINE | strength=30.00 | seed=1
[2026-03-31 10:10:09] [generate] pilot | FEMININE | strength=30.00 | seed=1
[2026-03-31 10:10:43]   Saved heatmap to outputs/robust_independent_injection/bias_heatmaps/pilot_masculine_s30_seed1.png
[2026-03-31 10:10:43]   Saved heatmap to outputs/robust_independent_injection/bias_heatmaps/pilot_feminine_s30_seed1.png
[2026-03-31 10:10:44]   Saved comparison heatmap to outputs/robust_independent_injection/bias_heatmaps/pilot_comparison_s30_seed1.png
[2026-03-31 10:10:44]   [BIAS SHIFT] Baseline: 0.0309 -> Masculine: 0.0600, Feminine: -0.0508
[2026-03-31 10:10:44] [generate] pilot | MASCULINE | strength=50.00 | seed=1
[2026-03-31 10:10:44] [generate] pilot | FEMININE | strength=50.00 | seed=1
[2026-03-31 10:11:19]   Saved heatmap to outputs/robust_independent_injection/bias_heatmaps/pilot_masculine_s50_seed1.png
[2026-03-31 10:11:19]   Saved heatmap to outputs/robust_independent_injection/bias_heatmaps/pilot_feminine_s50_seed1.png
[2026-03-31 10:11:20]   Saved comparison heatmap to outputs/robust_independent_injection/bias_heatmaps/pilot_comparison_s50_seed1.png
[2026-03-31 10:11:20]   [BIAS SHIFT] Baseline: 0.0309 -> Masculine: 0.0684, Feminine: -0.1059
[2026-03-31 10:11:20] [generate] Baseline for pilot (seed=2)
[2026-03-31 10:11:37]   Saved heatmap to outputs/robust_independent_injection/bias_heatmaps/pilot_baseline_seed2.png
[2026-03-31 10:11:37] [generate] pilot | MASCULINE | strength=10.00 | seed=2
[2026-03-31 10:11:37] [generate] pilot | FEMININE | strength=10.00 | seed=2
[2026-03-31 10:12:11]   Saved heatmap to outputs/robust_independent_injection/bias_heatmaps/pilot_masculine_s10_seed2.png
[2026-03-31 10:12:12]   Saved heatmap to outputs/robust_independent_injection/bias_heatmaps/pilot_feminine_s10_seed2.png
[2026-03-31 10:12:13]   Saved comparison heatmap to outputs/robust_independent_injection/bias_heatmaps/pilot_comparison_s10_seed2.png
[2026-03-31 10:12:13]   [BIAS SHIFT] Baseline: 0.0192 -> Masculine: 0.0330, Feminine: -0.0101
[2026-03-31 10:12:13] [generate] pilot | MASCULINE | strength=30.00 | seed=2
[2026-03-31 10:12:13] [generate] pilot | FEMININE | strength=30.00 | seed=2
[2026-03-31 10:12:47]   Saved heatmap to outputs/robust_independent_injection/bias_heatmaps/pilot_masculine_s30_seed2.png
[2026-03-31 10:12:47]   Saved heatmap to outputs/robust_independent_injection/bias_heatmaps/pilot_feminine_s30_seed2.png
[2026-03-31 10:12:48]   Saved comparison heatmap to outputs/robust_independent_injection/bias_heatmaps/pilot_comparison_s30_seed2.png
[2026-03-31 10:12:48]   [BIAS SHIFT] Baseline: 0.0192 -> Masculine: 0.0475, Feminine: -0.0735
[2026-03-31 10:12:48] [generate] pilot | MASCULINE | strength=50.00 | seed=2
[2026-03-31 10:12:48] [generate] pilot | FEMININE | strength=50.00 | seed=2
[2026-03-31 10:13:22]   Saved heatmap to outputs/robust_independent_injection/bias_heatmaps/pilot_masculine_s50_seed2.png
[2026-03-31 10:13:23]   Saved heatmap to outputs/robust_independent_injection/bias_heatmaps/pilot_feminine_s50_seed2.png
[2026-03-31 10:13:24]   Saved comparison heatmap to outputs/robust_independent_injection/bias_heatmaps/pilot_comparison_s50_seed2.png
[2026-03-31 10:13:24]   [BIAS SHIFT] Baseline: 0.0192 -> Masculine: 0.0555, Feminine: -0.1056
[2026-03-31 10:13:24] [generate] Baseline for pilot (seed=3)
[2026-03-31 10:13:41]   Saved heatmap to outputs/robust_independent_injection/bias_heatmaps/pilot_baseline_seed3.png
[2026-03-31 10:13:41] [generate] pilot | MASCULINE | strength=10.00 | seed=3
[2026-03-31 10:13:41] [generate] pilot | FEMININE | strength=10.00 | seed=3
[2026-03-31 10:14:15]   Saved heatmap to outputs/robust_independent_injection/bias_heatmaps/pilot_masculine_s10_seed3.png
[2026-03-31 10:14:16]   Saved heatmap to outputs/robust_independent_injection/bias_heatmaps/pilot_feminine_s10_seed3.png
[2026-03-31 10:14:17]   Saved comparison heatmap to outputs/robust_independent_injection/bias_heatmaps/pilot_comparison_s10_seed3.png
[2026-03-31 10:14:17]   [BIAS SHIFT] Baseline: -0.0119 -> Masculine: 0.0111, Feminine: -0.0451
[2026-03-31 10:14:17] [generate] pilot | MASCULINE | strength=30.00 | seed=3
[2026-03-31 10:14:17] [generate] pilot | FEMININE | strength=30.00 | seed=3
[2026-03-31 10:14:51]   Saved heatmap to outputs/robust_independent_injection/bias_heatmaps/pilot_masculine_s30_seed3.png
[2026-03-31 10:14:51]   Saved heatmap to outputs/robust_independent_injection/bias_heatmaps/pilot_feminine_s30_seed3.png
[2026-03-31 10:14:52]   Saved comparison heatmap to outputs/robust_independent_injection/bias_heatmaps/pilot_comparison_s30_seed3.png
[2026-03-31 10:14:52]   [BIAS SHIFT] Baseline: -0.0119 -> Masculine: 0.0095, Feminine: -0.1236
[2026-03-31 10:14:52] [generate] pilot | MASCULINE | strength=50.00 | seed=3
[2026-03-31 10:14:52] [generate] pilot | FEMININE | strength=50.00 | seed=3
[2026-03-31 10:15:26]   Saved heatmap to outputs/robust_independent_injection/bias_heatmaps/pilot_masculine_s50_seed3.png
[2026-03-31 10:15:27]   Saved heatmap to outputs/robust_independent_injection/bias_heatmaps/pilot_feminine_s50_seed3.png
[2026-03-31 10:15:28]   Saved comparison heatmap to outputs/robust_independent_injection/bias_heatmaps/pilot_comparison_s50_seed3.png
[2026-03-31 10:15:28]   [BIAS SHIFT] Baseline: -0.0119 -> Masculine: 0.0420, Feminine: -0.1704
[2026-03-31 10:15:28] [generate] Baseline for pilot (seed=4)
[2026-03-31 10:15:45]   Saved heatmap to outputs/robust_independent_injection/bias_heatmaps/pilot_baseline_seed4.png
[2026-03-31 10:15:45] [generate] pilot | MASCULINE | strength=10.00 | seed=4
[2026-03-31 10:15:45] [generate] pilot | FEMININE | strength=10.00 | seed=4
[2026-03-31 10:16:19]   Saved heatmap to outputs/robust_independent_injection/bias_heatmaps/pilot_masculine_s10_seed4.png
[2026-03-31 10:16:20]   Saved heatmap to outputs/robust_independent_injection/bias_heatmaps/pilot_feminine_s10_seed4.png
[2026-03-31 10:16:21]   Saved comparison heatmap to outputs/robust_independent_injection/bias_heatmaps/pilot_comparison_s10_seed4.png
[2026-03-31 10:16:21]   [BIAS SHIFT] Baseline: 0.0303 -> Masculine: 0.0402, Feminine: -0.0106
[2026-03-31 10:16:21] [generate] pilot | MASCULINE | strength=30.00 | seed=4
[2026-03-31 10:16:21] [generate] pilot | FEMININE | strength=30.00 | seed=4
[2026-03-31 10:16:55]   Saved heatmap to outputs/robust_independent_injection/bias_heatmaps/pilot_masculine_s30_seed4.png
[2026-03-31 10:16:55]   Saved heatmap to outputs/robust_independent_injection/bias_heatmaps/pilot_feminine_s30_seed4.png
[2026-03-31 10:16:56]   Saved comparison heatmap to outputs/robust_independent_injection/bias_heatmaps/pilot_comparison_s30_seed4.png
[2026-03-31 10:16:56]   [BIAS SHIFT] Baseline: 0.0303 -> Masculine: 0.0571, Feminine: -0.0626
[2026-03-31 10:16:56] [generate] pilot | MASCULINE | strength=50.00 | seed=4
[2026-03-31 10:16:56] [generate] pilot | FEMININE | strength=50.00 | seed=4
[2026-03-31 10:17:30]   Saved heatmap to outputs/robust_independent_injection/bias_heatmaps/pilot_masculine_s50_seed4.png
[2026-03-31 10:17:31]   Saved heatmap to outputs/robust_independent_injection/bias_heatmaps/pilot_feminine_s50_seed4.png
[2026-03-31 10:17:32]   Saved comparison heatmap to outputs/robust_independent_injection/bias_heatmaps/pilot_comparison_s50_seed4.png
[2026-03-31 10:17:32]   [BIAS SHIFT] Baseline: 0.0303 -> Masculine: 0.0820, Feminine: -0.0779
[2026-03-31 10:17:32] 
[capture] Profession: roofer
[2026-03-31 10:17:32]   neutral: A professional studio portrait of a roofer, isolated on a plain white background, centered composition, sharp focus on the subject, high detail, photorealistic lighting, unambiguous profession markers in clothing or tools.
[2026-03-31 10:17:32]   male:    A professional studio portrait of a male roofer, isolated on a plain white background, centered composition, sharp focus on the subject, high detail, photorealistic lighting, unambiguous profession markers in clothing or tools.
[2026-03-31 10:17:32]   female:  A professional studio portrait of a female roofer, isolated on a plain white background, centered composition, sharp focus on the subject, high detail, photorealistic lighting, unambiguous profession markers in clothing or tools.
[2026-03-31 10:21:33] [multi-layer] Capturing activations from layers: ['mid_block', 'up_0', 'up_1', 'up_2']
[2026-03-31 10:25:37]   Saved heatmap to outputs/robust_independent_injection/bias_heatmaps/roofer.png
[2026-03-31 10:25:37]   [MULTI-LAYER BIAS SUMMARY] Avg: 0.0672
[2026-03-31 10:25:37]   Max Bias: 0.1380 at up_0 step 12
[2026-03-31 10:25:37] [generate] Baseline for roofer (seed=0)
[2026-03-31 10:25:54]   Saved heatmap to outputs/robust_independent_injection/bias_heatmaps/roofer_baseline_seed0.png
[2026-03-31 10:25:54] [generate] roofer | MASCULINE | strength=10.00 | seed=0
[2026-03-31 10:25:54] [generate] roofer | FEMININE | strength=10.00 | seed=0
[2026-03-31 10:26:28]   Saved heatmap to outputs/robust_independent_injection/bias_heatmaps/roofer_masculine_s10_seed0.png
[2026-03-31 10:26:29]   Saved heatmap to outputs/robust_independent_injection/bias_heatmaps/roofer_feminine_s10_seed0.png
[2026-03-31 10:26:29]   Saved comparison heatmap to outputs/robust_independent_injection/bias_heatmaps/roofer_comparison_s10_seed0.png
[2026-03-31 10:26:29]   [BIAS SHIFT] Baseline: 0.0881 -> Masculine: 0.0922, Feminine: 0.0534
[2026-03-31 10:26:29] [generate] roofer | MASCULINE | strength=30.00 | seed=0
[2026-03-31 10:26:29] [generate] roofer | FEMININE | strength=30.00 | seed=0
[2026-03-31 10:27:04]   Saved heatmap to outputs/robust_independent_injection/bias_heatmaps/roofer_masculine_s30_seed0.png
[2026-03-31 10:27:04]   Saved heatmap to outputs/robust_independent_injection/bias_heatmaps/roofer_feminine_s30_seed0.png
[2026-03-31 10:27:05]   Saved comparison heatmap to outputs/robust_independent_injection/bias_heatmaps/roofer_comparison_s30_seed0.png
[2026-03-31 10:27:05]   [BIAS SHIFT] Baseline: 0.0881 -> Masculine: 0.0905, Feminine: -0.0800
[2026-03-31 10:27:05] [generate] roofer | MASCULINE | strength=50.00 | seed=0
[2026-03-31 10:27:05] [generate] roofer | FEMININE | strength=50.00 | seed=0
[2026-03-31 10:27:39]   Saved heatmap to outputs/robust_independent_injection/bias_heatmaps/roofer_masculine_s50_seed0.png
[2026-03-31 10:27:40]   Saved heatmap to outputs/robust_independent_injection/bias_heatmaps/roofer_feminine_s50_seed0.png
[2026-03-31 10:27:41]   Saved comparison heatmap to outputs/robust_independent_injection/bias_heatmaps/roofer_comparison_s50_seed0.png
[2026-03-31 10:27:41]   [BIAS SHIFT] Baseline: 0.0881 -> Masculine: 0.0761, Feminine: -0.0606
[2026-03-31 10:27:41] [generate] Baseline for roofer (seed=1)
[2026-03-31 10:27:58]   Saved heatmap to outputs/robust_independent_injection/bias_heatmaps/roofer_baseline_seed1.png
[2026-03-31 10:27:58] [generate] roofer | MASCULINE | strength=10.00 | seed=1
[2026-03-31 10:27:58] [generate] roofer | FEMININE | strength=10.00 | seed=1
[2026-03-31 10:28:32]   Saved heatmap to outputs/robust_independent_injection/bias_heatmaps/roofer_masculine_s10_seed1.png
[2026-03-31 10:28:32]   Saved heatmap to outputs/robust_independent_injection/bias_heatmaps/roofer_feminine_s10_seed1.png
[2026-03-31 10:28:33]   Saved comparison heatmap to outputs/robust_independent_injection/bias_heatmaps/roofer_comparison_s10_seed1.png
[2026-03-31 10:28:33]   [BIAS SHIFT] Baseline: 0.0495 -> Masculine: 0.0597, Feminine: 0.0129
[2026-03-31 10:28:33] [generate] roofer | MASCULINE | strength=30.00 | seed=1
[2026-03-31 10:28:33] [generate] roofer | FEMININE | strength=30.00 | seed=1
[2026-03-31 10:29:07]   Saved heatmap to outputs/robust_independent_injection/bias_heatmaps/roofer_masculine_s30_seed1.png
[2026-03-31 10:29:08]   Saved heatmap to outputs/robust_independent_injection/bias_heatmaps/roofer_feminine_s30_seed1.png
[2026-03-31 10:29:09]   Saved comparison heatmap to outputs/robust_independent_injection/bias_heatmaps/roofer_comparison_s30_seed1.png
[2026-03-31 10:29:09]   [BIAS SHIFT] Baseline: 0.0495 -> Masculine: 0.0903, Feminine: -0.0302
[2026-03-31 10:29:09] [generate] roofer | MASCULINE | strength=50.00 | seed=1
[2026-03-31 10:29:09] [generate] roofer | FEMININE | strength=50.00 | seed=1
[2026-03-31 10:29:42]   Saved heatmap to outputs/robust_independent_injection/bias_heatmaps/roofer_masculine_s50_seed1.png
[2026-03-31 10:29:43]   Saved heatmap to outputs/robust_independent_injection/bias_heatmaps/roofer_feminine_s50_seed1.png
[2026-03-31 10:29:44]   Saved comparison heatmap to outputs/robust_independent_injection/bias_heatmaps/roofer_comparison_s50_seed1.png
[2026-03-31 10:29:44]   [BIAS SHIFT] Baseline: 0.0495 -> Masculine: 0.0885, Feminine: -0.0475
[2026-03-31 10:29:44] [generate] Baseline for roofer (seed=2)
[2026-03-31 10:30:01]   Saved heatmap to outputs/robust_independent_injection/bias_heatmaps/roofer_baseline_seed2.png
[2026-03-31 10:30:01] [generate] roofer | MASCULINE | strength=10.00 | seed=2
[2026-03-31 10:30:01] [generate] roofer | FEMININE | strength=10.00 | seed=2
[2026-03-31 10:30:35]   Saved heatmap to outputs/robust_independent_injection/bias_heatmaps/roofer_masculine_s10_seed2.png
[2026-03-31 10:30:36]   Saved heatmap to outputs/robust_independent_injection/bias_heatmaps/roofer_feminine_s10_seed2.png
[2026-03-31 10:30:37]   Saved comparison heatmap to outputs/robust_independent_injection/bias_heatmaps/roofer_comparison_s10_seed2.png
[2026-03-31 10:30:37]   [BIAS SHIFT] Baseline: 0.0610 -> Masculine: 0.0686, Feminine: 0.0281
[2026-03-31 10:30:37] [generate] roofer | MASCULINE | strength=30.00 | seed=2
[2026-03-31 10:30:37] [generate] roofer | FEMININE | strength=30.00 | seed=2
[2026-03-31 10:31:11]   Saved heatmap to outputs/robust_independent_injection/bias_heatmaps/roofer_masculine_s30_seed2.png
[2026-03-31 10:31:11]   Saved heatmap to outputs/robust_independent_injection/bias_heatmaps/roofer_feminine_s30_seed2.png
[2026-03-31 10:31:12]   Saved comparison heatmap to outputs/robust_independent_injection/bias_heatmaps/roofer_comparison_s30_seed2.png
[2026-03-31 10:31:12]   [BIAS SHIFT] Baseline: 0.0610 -> Masculine: 0.0721, Feminine: -0.0626
[2026-03-31 10:31:12] [generate] roofer | MASCULINE | strength=50.00 | seed=2
[2026-03-31 10:31:12] [generate] roofer | FEMININE | strength=50.00 | seed=2
[2026-03-31 10:31:46]   Saved heatmap to outputs/robust_independent_injection/bias_heatmaps/roofer_masculine_s50_seed2.png
[2026-03-31 10:31:47]   Saved heatmap to outputs/robust_independent_injection/bias_heatmaps/roofer_feminine_s50_seed2.png
[2026-03-31 10:31:48]   Saved comparison heatmap to outputs/robust_independent_injection/bias_heatmaps/roofer_comparison_s50_seed2.png
[2026-03-31 10:31:48]   [BIAS SHIFT] Baseline: 0.0610 -> Masculine: 0.0692, Feminine: -0.1127
[2026-03-31 10:31:48] [generate] Baseline for roofer (seed=3)
[2026-03-31 10:32:05]   Saved heatmap to outputs/robust_independent_injection/bias_heatmaps/roofer_baseline_seed3.png
[2026-03-31 10:32:05] [generate] roofer | MASCULINE | strength=10.00 | seed=3
[2026-03-31 10:32:05] [generate] roofer | FEMININE | strength=10.00 | seed=3
[2026-03-31 10:32:39]   Saved heatmap to outputs/robust_independent_injection/bias_heatmaps/roofer_masculine_s10_seed3.png
[2026-03-31 10:32:39]   Saved heatmap to outputs/robust_independent_injection/bias_heatmaps/roofer_feminine_s10_seed3.png
[2026-03-31 10:32:40]   Saved comparison heatmap to outputs/robust_independent_injection/bias_heatmaps/roofer_comparison_s10_seed3.png
[2026-03-31 10:32:40]   [BIAS SHIFT] Baseline: 0.0602 -> Masculine: 0.0660, Feminine: 0.0286
[2026-03-31 10:32:40] [generate] roofer | MASCULINE | strength=30.00 | seed=3
[2026-03-31 10:32:40] [generate] roofer | FEMININE | strength=30.00 | seed=3
[2026-03-31 10:33:14]   Saved heatmap to outputs/robust_independent_injection/bias_heatmaps/roofer_masculine_s30_seed3.png
[2026-03-31 10:33:15]   Saved heatmap to outputs/robust_independent_injection/bias_heatmaps/roofer_feminine_s30_seed3.png
[2026-03-31 10:33:16]   Saved comparison heatmap to outputs/robust_independent_injection/bias_heatmaps/roofer_comparison_s30_seed3.png
[2026-03-31 10:33:16]   [BIAS SHIFT] Baseline: 0.0602 -> Masculine: 0.0483, Feminine: -0.0766
[2026-03-31 10:33:16] [generate] roofer | MASCULINE | strength=50.00 | seed=3
[2026-03-31 10:33:16] [generate] roofer | FEMININE | strength=50.00 | seed=3
[2026-03-31 10:33:50]   Saved heatmap to outputs/robust_independent_injection/bias_heatmaps/roofer_masculine_s50_seed3.png
[2026-03-31 10:33:50]   Saved heatmap to outputs/robust_independent_injection/bias_heatmaps/roofer_feminine_s50_seed3.png
[2026-03-31 10:33:51]   Saved comparison heatmap to outputs/robust_independent_injection/bias_heatmaps/roofer_comparison_s50_seed3.png
[2026-03-31 10:33:51]   [BIAS SHIFT] Baseline: 0.0602 -> Masculine: 0.0379, Feminine: -0.1074
[2026-03-31 10:33:51] [generate] Baseline for roofer (seed=4)
[2026-03-31 10:34:09]   Saved heatmap to outputs/robust_independent_injection/bias_heatmaps/roofer_baseline_seed4.png
[2026-03-31 10:34:09] [generate] roofer | MASCULINE | strength=10.00 | seed=4
[2026-03-31 10:34:09] [generate] roofer | FEMININE | strength=10.00 | seed=4
[2026-03-31 10:34:42]   Saved heatmap to outputs/robust_independent_injection/bias_heatmaps/roofer_masculine_s10_seed4.png
[2026-03-31 10:34:43]   Saved heatmap to outputs/robust_independent_injection/bias_heatmaps/roofer_feminine_s10_seed4.png
[2026-03-31 10:34:44]   Saved comparison heatmap to outputs/robust_independent_injection/bias_heatmaps/roofer_comparison_s10_seed4.png
[2026-03-31 10:34:44]   [BIAS SHIFT] Baseline: 0.0450 -> Masculine: 0.0660, Feminine: -0.0162
[2026-03-31 10:34:44] [generate] roofer | MASCULINE | strength=30.00 | seed=4
[2026-03-31 10:34:44] [generate] roofer | FEMININE | strength=30.00 | seed=4
[2026-03-31 10:35:18]   Saved heatmap to outputs/robust_independent_injection/bias_heatmaps/roofer_masculine_s30_seed4.png
[2026-03-31 10:35:19]   Saved heatmap to outputs/robust_independent_injection/bias_heatmaps/roofer_feminine_s30_seed4.png
[2026-03-31 10:35:19]   Saved comparison heatmap to outputs/robust_independent_injection/bias_heatmaps/roofer_comparison_s30_seed4.png
[2026-03-31 10:35:19]   [BIAS SHIFT] Baseline: 0.0450 -> Masculine: 0.0347, Feminine: -0.0429
[2026-03-31 10:35:19] [generate] roofer | MASCULINE | strength=50.00 | seed=4
[2026-03-31 10:35:19] [generate] roofer | FEMININE | strength=50.00 | seed=4
[2026-03-31 10:35:53]   Saved heatmap to outputs/robust_independent_injection/bias_heatmaps/roofer_masculine_s50_seed4.png
[2026-03-31 10:35:54]   Saved heatmap to outputs/robust_independent_injection/bias_heatmaps/roofer_feminine_s50_seed4.png
[2026-03-31 10:35:55]   Saved comparison heatmap to outputs/robust_independent_injection/bias_heatmaps/roofer_comparison_s50_seed4.png
[2026-03-31 10:35:55]   [BIAS SHIFT] Baseline: 0.0450 -> Masculine: 0.0372, Feminine: -0.0867
[2026-03-31 10:35:55] 
[capture] Profession: police officer
[2026-03-31 10:35:55]   neutral: A professional studio portrait of a police officer, isolated on a plain white background, centered composition, sharp focus on the subject, high detail, photorealistic lighting, unambiguous profession markers in clothing or tools.
[2026-03-31 10:35:55]   male:    A professional studio portrait of a male police officer, isolated on a plain white background, centered composition, sharp focus on the subject, high detail, photorealistic lighting, unambiguous profession markers in clothing or tools.
[2026-03-31 10:35:55]   female:  A professional studio portrait of a female police officer, isolated on a plain white background, centered composition, sharp focus on the subject, high detail, photorealistic lighting, unambiguous profession markers in clothing or tools.
[2026-03-31 10:39:56] [multi-layer] Capturing activations from layers: ['mid_block', 'up_0', 'up_1', 'up_2']
[2026-03-31 10:44:00]   Saved heatmap to outputs/robust_independent_injection/bias_heatmaps/police_officer.png
[2026-03-31 10:44:00]   [MULTI-LAYER BIAS SUMMARY] Avg: 0.0366
[2026-03-31 10:44:00]   Max Bias: 0.1009 at up_0 step 12
[2026-03-31 10:44:00] [generate] Baseline for police officer (seed=0)
[2026-03-31 10:44:17]   Saved heatmap to outputs/robust_independent_injection/bias_heatmaps/police_officer_baseline_seed0.png
[2026-03-31 10:44:17] [generate] police officer | MASCULINE | strength=10.00 | seed=0
[2026-03-31 10:44:17] [generate] police officer | FEMININE | strength=10.00 | seed=0
[2026-03-31 10:44:51]   Saved heatmap to outputs/robust_independent_injection/bias_heatmaps/police_officer_masculine_s10_seed0.png
[2026-03-31 10:44:52]   Saved heatmap to outputs/robust_independent_injection/bias_heatmaps/police_officer_feminine_s10_seed0.png
[2026-03-31 10:44:53]   Saved comparison heatmap to outputs/robust_independent_injection/bias_heatmaps/police_officer_comparison_s10_seed0.png
[2026-03-31 10:44:53]   [BIAS SHIFT] Baseline: 0.0084 -> Masculine: 0.0284, Feminine: -0.0558
[2026-03-31 10:44:53] [generate] police officer | MASCULINE | strength=30.00 | seed=0
[2026-03-31 10:44:53] [generate] police officer | FEMININE | strength=30.00 | seed=0
[2026-03-31 10:45:27]   Saved heatmap to outputs/robust_independent_injection/bias_heatmaps/police_officer_masculine_s30_seed0.png
[2026-03-31 10:45:27]   Saved heatmap to outputs/robust_independent_injection/bias_heatmaps/police_officer_feminine_s30_seed0.png
[2026-03-31 10:45:28]   Saved comparison heatmap to outputs/robust_independent_injection/bias_heatmaps/police_officer_comparison_s30_seed0.png
[2026-03-31 10:45:28]   [BIAS SHIFT] Baseline: 0.0084 -> Masculine: 0.0392, Feminine: -0.1195
[2026-03-31 10:45:28] [generate] police officer | MASCULINE | strength=50.00 | seed=0
[2026-03-31 10:45:28] [generate] police officer | FEMININE | strength=50.00 | seed=0
[2026-03-31 10:46:02]   Saved heatmap to outputs/robust_independent_injection/bias_heatmaps/police_officer_masculine_s50_seed0.png
[2026-03-31 10:46:03]   Saved heatmap to outputs/robust_independent_injection/bias_heatmaps/police_officer_feminine_s50_seed0.png
[2026-03-31 10:46:03]   Saved comparison heatmap to outputs/robust_independent_injection/bias_heatmaps/police_officer_comparison_s50_seed0.png
[2026-03-31 10:46:03]   [BIAS SHIFT] Baseline: 0.0084 -> Masculine: 0.0463, Feminine: -0.1218
[2026-03-31 10:46:03] [generate] Baseline for police officer (seed=1)
[2026-03-31 10:46:21]   Saved heatmap to outputs/robust_independent_injection/bias_heatmaps/police_officer_baseline_seed1.png
[2026-03-31 10:46:21] [generate] police officer | MASCULINE | strength=10.00 | seed=1
[2026-03-31 10:46:21] [generate] police officer | FEMININE | strength=10.00 | seed=1
[2026-03-31 10:46:55]   Saved heatmap to outputs/robust_independent_injection/bias_heatmaps/police_officer_masculine_s10_seed1.png
[2026-03-31 10:46:55]   Saved heatmap to outputs/robust_independent_injection/bias_heatmaps/police_officer_feminine_s10_seed1.png
[2026-03-31 10:46:56]   Saved comparison heatmap to outputs/robust_independent_injection/bias_heatmaps/police_officer_comparison_s10_seed1.png
[2026-03-31 10:46:56]   [BIAS SHIFT] Baseline: 0.0751 -> Masculine: 0.0854, Feminine: 0.0382
[2026-03-31 10:46:56] [generate] police officer | MASCULINE | strength=30.00 | seed=1
[2026-03-31 10:46:56] [generate] police officer | FEMININE | strength=30.00 | seed=1
[2026-03-31 10:47:30]   Saved heatmap to outputs/robust_independent_injection/bias_heatmaps/police_officer_masculine_s30_seed1.png
[2026-03-31 10:47:30]   Saved heatmap to outputs/robust_independent_injection/bias_heatmaps/police_officer_feminine_s30_seed1.png
[2026-03-31 10:47:31]   Saved comparison heatmap to outputs/robust_independent_injection/bias_heatmaps/police_officer_comparison_s30_seed1.png
[2026-03-31 10:47:31]   [BIAS SHIFT] Baseline: 0.0751 -> Masculine: 0.1120, Feminine: -0.0226
[2026-03-31 10:47:31] [generate] police officer | MASCULINE | strength=50.00 | seed=1
[2026-03-31 10:47:31] [generate] police officer | FEMININE | strength=50.00 | seed=1
[2026-03-31 10:48:05]   Saved heatmap to outputs/robust_independent_injection/bias_heatmaps/police_officer_masculine_s50_seed1.png
[2026-03-31 10:48:06]   Saved heatmap to outputs/robust_independent_injection/bias_heatmaps/police_officer_feminine_s50_seed1.png
[2026-03-31 10:48:07]   Saved comparison heatmap to outputs/robust_independent_injection/bias_heatmaps/police_officer_comparison_s50_seed1.png
[2026-03-31 10:48:07]   [BIAS SHIFT] Baseline: 0.0751 -> Masculine: 0.1060, Feminine: -0.0961
[2026-03-31 10:48:07] [generate] Baseline for police officer (seed=2)
[2026-03-31 10:48:24]   Saved heatmap to outputs/robust_independent_injection/bias_heatmaps/police_officer_baseline_seed2.png
[2026-03-31 10:48:24] [generate] police officer | MASCULINE | strength=10.00 | seed=2
[2026-03-31 10:48:24] [generate] police officer | FEMININE | strength=10.00 | seed=2
[2026-03-31 10:48:58]   Saved heatmap to outputs/robust_independent_injection/bias_heatmaps/police_officer_masculine_s10_seed2.png
[2026-03-31 10:48:59]   Saved heatmap to outputs/robust_independent_injection/bias_heatmaps/police_officer_feminine_s10_seed2.png
[2026-03-31 10:49:00]   Saved comparison heatmap to outputs/robust_independent_injection/bias_heatmaps/police_officer_comparison_s10_seed2.png
[2026-03-31 10:49:00]   [BIAS SHIFT] Baseline: -0.0250 -> Masculine: -0.0102, Feminine: -0.0631
[2026-03-31 10:49:00] [generate] police officer | MASCULINE | strength=30.00 | seed=2
[2026-03-31 10:49:00] [generate] police officer | FEMININE | strength=30.00 | seed=2
[2026-03-31 10:49:33]   Saved heatmap to outputs/robust_independent_injection/bias_heatmaps/police_officer_masculine_s30_seed2.png
[2026-03-31 10:49:34]   Saved heatmap to outputs/robust_independent_injection/bias_heatmaps/police_officer_feminine_s30_seed2.png
[2026-03-31 10:49:35]   Saved comparison heatmap to outputs/robust_independent_injection/bias_heatmaps/police_officer_comparison_s30_seed2.png
[2026-03-31 10:49:35]   [BIAS SHIFT] Baseline: -0.0250 -> Masculine: 0.0149, Feminine: -0.1390
[2026-03-31 10:49:35] [generate] police officer | MASCULINE | strength=50.00 | seed=2
[2026-03-31 10:49:35] [generate] police officer | FEMININE | strength=50.00 | seed=2
[2026-03-31 10:50:09]   Saved heatmap to outputs/robust_independent_injection/bias_heatmaps/police_officer_masculine_s50_seed2.png
[2026-03-31 10:50:10]   Saved heatmap to outputs/robust_independent_injection/bias_heatmaps/police_officer_feminine_s50_seed2.png
[2026-03-31 10:50:10]   Saved comparison heatmap to outputs/robust_independent_injection/bias_heatmaps/police_officer_comparison_s50_seed2.png
[2026-03-31 10:50:10]   [BIAS SHIFT] Baseline: -0.0250 -> Masculine: 0.0337, Feminine: -0.1811
[2026-03-31 10:50:10] [generate] Baseline for police officer (seed=3)
[2026-03-31 10:50:28]   Saved heatmap to outputs/robust_independent_injection/bias_heatmaps/police_officer_baseline_seed3.png
[2026-03-31 10:50:28] [generate] police officer | MASCULINE | strength=10.00 | seed=3
[2026-03-31 10:50:28] [generate] police officer | FEMININE | strength=10.00 | seed=3
[2026-03-31 10:51:02]   Saved heatmap to outputs/robust_independent_injection/bias_heatmaps/police_officer_masculine_s10_seed3.png
[2026-03-31 10:51:02]   Saved heatmap to outputs/robust_independent_injection/bias_heatmaps/police_officer_feminine_s10_seed3.png
[2026-03-31 10:51:03]   Saved comparison heatmap to outputs/robust_independent_injection/bias_heatmaps/police_officer_comparison_s10_seed3.png
[2026-03-31 10:51:03]   [BIAS SHIFT] Baseline: 0.0429 -> Masculine: -0.0071, Feminine: -0.0051
[2026-03-31 10:51:03] [generate] police officer | MASCULINE | strength=30.00 | seed=3
[2026-03-31 10:51:03] [generate] police officer | FEMININE | strength=30.00 | seed=3
[2026-03-31 10:51:37]   Saved heatmap to outputs/robust_independent_injection/bias_heatmaps/police_officer_masculine_s30_seed3.png
[2026-03-31 10:51:38]   Saved heatmap to outputs/robust_independent_injection/bias_heatmaps/police_officer_feminine_s30_seed3.png
[2026-03-31 10:51:38]   Saved comparison heatmap to outputs/robust_independent_injection/bias_heatmaps/police_officer_comparison_s30_seed3.png
[2026-03-31 10:51:38]   [BIAS SHIFT] Baseline: 0.0429 -> Masculine: 0.0137, Feminine: -0.0622
[2026-03-31 10:51:38] [generate] police officer | MASCULINE | strength=50.00 | seed=3
[2026-03-31 10:51:38] [generate] police officer | FEMININE | strength=50.00 | seed=3
[2026-03-31 10:52:13]   Saved heatmap to outputs/robust_independent_injection/bias_heatmaps/police_officer_masculine_s50_seed3.png
[2026-03-31 10:52:13]   Saved heatmap to outputs/robust_independent_injection/bias_heatmaps/police_officer_feminine_s50_seed3.png
[2026-03-31 10:52:14]   Saved comparison heatmap to outputs/robust_independent_injection/bias_heatmaps/police_officer_comparison_s50_seed3.png
[2026-03-31 10:52:14]   [BIAS SHIFT] Baseline: 0.0429 -> Masculine: 0.1025, Feminine: -0.1536
[2026-03-31 10:52:14] [generate] Baseline for police officer (seed=4)
[2026-03-31 10:52:31]   Saved heatmap to outputs/robust_independent_injection/bias_heatmaps/police_officer_baseline_seed4.png
[2026-03-31 10:52:31] [generate] police officer | MASCULINE | strength=10.00 | seed=4
[2026-03-31 10:52:31] [generate] police officer | FEMININE | strength=10.00 | seed=4
[2026-03-31 10:53:05]   Saved heatmap to outputs/robust_independent_injection/bias_heatmaps/police_officer_masculine_s10_seed4.png
[2026-03-31 10:53:06]   Saved heatmap to outputs/robust_independent_injection/bias_heatmaps/police_officer_feminine_s10_seed4.png
[2026-03-31 10:53:07]   Saved comparison heatmap to outputs/robust_independent_injection/bias_heatmaps/police_officer_comparison_s10_seed4.png
[2026-03-31 10:53:07]   [BIAS SHIFT] Baseline: 0.0660 -> Masculine: 0.0799, Feminine: 0.0245
[2026-03-31 10:53:07] [generate] police officer | MASCULINE | strength=30.00 | seed=4
[2026-03-31 10:53:07] [generate] police officer | FEMININE | strength=30.00 | seed=4
[2026-03-31 10:53:41]   Saved heatmap to outputs/robust_independent_injection/bias_heatmaps/police_officer_masculine_s30_seed4.png
[2026-03-31 10:53:41]   Saved heatmap to outputs/robust_independent_injection/bias_heatmaps/police_officer_feminine_s30_seed4.png
[2026-03-31 10:53:42]   Saved comparison heatmap to outputs/robust_independent_injection/bias_heatmaps/police_officer_comparison_s30_seed4.png
[2026-03-31 10:53:42]   [BIAS SHIFT] Baseline: 0.0660 -> Masculine: 0.0925, Feminine: -0.0340
[2026-03-31 10:53:42] [generate] police officer | MASCULINE | strength=50.00 | seed=4
[2026-03-31 10:53:42] [generate] police officer | FEMININE | strength=50.00 | seed=4
[2026-03-31 10:54:16]   Saved heatmap to outputs/robust_independent_injection/bias_heatmaps/police_officer_masculine_s50_seed4.png
[2026-03-31 10:54:17]   Saved heatmap to outputs/robust_independent_injection/bias_heatmaps/police_officer_feminine_s50_seed4.png
[2026-03-31 10:54:18]   Saved comparison heatmap to outputs/robust_independent_injection/bias_heatmaps/police_officer_comparison_s50_seed4.png
[2026-03-31 10:54:18]   [BIAS SHIFT] Baseline: 0.0660 -> Masculine: 0.1132, Feminine: -0.0773
[2026-03-31 10:54:18] 
[capture] Profession: PR person
[2026-03-31 10:54:18]   neutral: A professional studio portrait of a PR person, isolated on a plain white background, centered composition, sharp focus on the subject, high detail, photorealistic lighting, unambiguous profession markers in clothing or tools.
[2026-03-31 10:54:18]   male:    A professional studio portrait of a male PR person, isolated on a plain white background, centered composition, sharp focus on the subject, high detail, photorealistic lighting, unambiguous profession markers in clothing or tools.
[2026-03-31 10:54:18]   female:  A professional studio portrait of a female PR person, isolated on a plain white background, centered composition, sharp focus on the subject, high detail, photorealistic lighting, unambiguous profession markers in clothing or tools.
[2026-03-31 10:58:19] [multi-layer] Capturing activations from layers: ['mid_block', 'up_0', 'up_1', 'up_2']
[2026-03-31 11:02:22]   Saved heatmap to outputs/robust_independent_injection/bias_heatmaps/pr_person.png
[2026-03-31 11:02:22]   [MULTI-LAYER BIAS SUMMARY] Avg: 0.0307
[2026-03-31 11:02:22]   Max Bias: 0.0988 at mid_block step 11
[2026-03-31 11:02:22] [generate] Baseline for PR person (seed=0)
[2026-03-31 11:02:40]   Saved heatmap to outputs/robust_independent_injection/bias_heatmaps/pr_person_baseline_seed0.png
[2026-03-31 11:02:40] [generate] PR person | MASCULINE | strength=10.00 | seed=0
[2026-03-31 11:02:40] [generate] PR person | FEMININE | strength=10.00 | seed=0
[2026-03-31 11:03:14]   Saved heatmap to outputs/robust_independent_injection/bias_heatmaps/pr_person_masculine_s10_seed0.png
[2026-03-31 11:03:15]   Saved heatmap to outputs/robust_independent_injection/bias_heatmaps/pr_person_feminine_s10_seed0.png
[2026-03-31 11:03:15]   Saved comparison heatmap to outputs/robust_independent_injection/bias_heatmaps/pr_person_comparison_s10_seed0.png
[2026-03-31 11:03:15]   [BIAS SHIFT] Baseline: 0.0026 -> Masculine: 0.0912, Feminine: -0.0183
[2026-03-31 11:03:15] [generate] PR person | MASCULINE | strength=30.00 | seed=0
[2026-03-31 11:03:15] [generate] PR person | FEMININE | strength=30.00 | seed=0
[2026-03-31 11:03:49]   Saved heatmap to outputs/robust_independent_injection/bias_heatmaps/pr_person_masculine_s30_seed0.png
[2026-03-31 11:03:50]   Saved heatmap to outputs/robust_independent_injection/bias_heatmaps/pr_person_feminine_s30_seed0.png
[2026-03-31 11:03:51]   Saved comparison heatmap to outputs/robust_independent_injection/bias_heatmaps/pr_person_comparison_s30_seed0.png
[2026-03-31 11:03:51]   [BIAS SHIFT] Baseline: 0.0026 -> Masculine: 0.1331, Feminine: -0.1417
[2026-03-31 11:03:51] [generate] PR person | MASCULINE | strength=50.00 | seed=0
[2026-03-31 11:03:51] [generate] PR person | FEMININE | strength=50.00 | seed=0
[2026-03-31 11:04:25]   Saved heatmap to outputs/robust_independent_injection/bias_heatmaps/pr_person_masculine_s50_seed0.png
[2026-03-31 11:04:26]   Saved heatmap to outputs/robust_independent_injection/bias_heatmaps/pr_person_feminine_s50_seed0.png
[2026-03-31 11:04:26]   Saved comparison heatmap to outputs/robust_independent_injection/bias_heatmaps/pr_person_comparison_s50_seed0.png
[2026-03-31 11:04:26]   [BIAS SHIFT] Baseline: 0.0026 -> Masculine: 0.1319, Feminine: -0.0913
[2026-03-31 11:04:26] [generate] Baseline for PR person (seed=1)
[2026-03-31 11:04:44]   Saved heatmap to outputs/robust_independent_injection/bias_heatmaps/pr_person_baseline_seed1.png
[2026-03-31 11:04:44] [generate] PR person | MASCULINE | strength=10.00 | seed=1
[2026-03-31 11:04:44] [generate] PR person | FEMININE | strength=10.00 | seed=1
[2026-03-31 11:05:18]   Saved heatmap to outputs/robust_independent_injection/bias_heatmaps/pr_person_masculine_s10_seed1.png
[2026-03-31 11:05:18]   Saved heatmap to outputs/robust_independent_injection/bias_heatmaps/pr_person_feminine_s10_seed1.png
[2026-03-31 11:05:19]   Saved comparison heatmap to outputs/robust_independent_injection/bias_heatmaps/pr_person_comparison_s10_seed1.png
[2026-03-31 11:05:19]   [BIAS SHIFT] Baseline: 0.0230 -> Masculine: 0.0344, Feminine: -0.0086
[2026-03-31 11:05:19] [generate] PR person | MASCULINE | strength=30.00 | seed=1
[2026-03-31 11:05:19] [generate] PR person | FEMININE | strength=30.00 | seed=1
[2026-03-31 11:05:53]   Saved heatmap to outputs/robust_independent_injection/bias_heatmaps/pr_person_masculine_s30_seed1.png
[2026-03-31 11:05:53]   Saved heatmap to outputs/robust_independent_injection/bias_heatmaps/pr_person_feminine_s30_seed1.png
[2026-03-31 11:05:54]   Saved comparison heatmap to outputs/robust_independent_injection/bias_heatmaps/pr_person_comparison_s30_seed1.png
[2026-03-31 11:05:54]   [BIAS SHIFT] Baseline: 0.0230 -> Masculine: 0.0347, Feminine: -0.0895
[2026-03-31 11:05:54] [generate] PR person | MASCULINE | strength=50.00 | seed=1
[2026-03-31 11:05:54] [generate] PR person | FEMININE | strength=50.00 | seed=1
[2026-03-31 11:06:28]   Saved heatmap to outputs/robust_independent_injection/bias_heatmaps/pr_person_masculine_s50_seed1.png
[2026-03-31 11:06:29]   Saved heatmap to outputs/robust_independent_injection/bias_heatmaps/pr_person_feminine_s50_seed1.png
[2026-03-31 11:06:30]   Saved comparison heatmap to outputs/robust_independent_injection/bias_heatmaps/pr_person_comparison_s50_seed1.png
[2026-03-31 11:06:30]   [BIAS SHIFT] Baseline: 0.0230 -> Masculine: 0.0424, Feminine: -0.1156
[2026-03-31 11:06:30] [generate] Baseline for PR person (seed=2)
[2026-03-31 11:06:47]   Saved heatmap to outputs/robust_independent_injection/bias_heatmaps/pr_person_baseline_seed2.png
[2026-03-31 11:06:47] [generate] PR person | MASCULINE | strength=10.00 | seed=2
[2026-03-31 11:06:47] [generate] PR person | FEMININE | strength=10.00 | seed=2
[2026-03-31 11:07:21]   Saved heatmap to outputs/robust_independent_injection/bias_heatmaps/pr_person_masculine_s10_seed2.png
[2026-03-31 11:07:21]   Saved heatmap to outputs/robust_independent_injection/bias_heatmaps/pr_person_feminine_s10_seed2.png
[2026-03-31 11:07:22]   Saved comparison heatmap to outputs/robust_independent_injection/bias_heatmaps/pr_person_comparison_s10_seed2.png
[2026-03-31 11:07:22]   [BIAS SHIFT] Baseline: 0.0313 -> Masculine: 0.0935, Feminine: -0.0577
[2026-03-31 11:07:22] [generate] PR person | MASCULINE | strength=30.00 | seed=2
[2026-03-31 11:07:22] [generate] PR person | FEMININE | strength=30.00 | seed=2
[2026-03-31 11:07:56]   Saved heatmap to outputs/robust_independent_injection/bias_heatmaps/pr_person_masculine_s30_seed2.png
[2026-03-31 11:07:57]   Saved heatmap to outputs/robust_independent_injection/bias_heatmaps/pr_person_feminine_s30_seed2.png
[2026-03-31 11:07:58]   Saved comparison heatmap to outputs/robust_independent_injection/bias_heatmaps/pr_person_comparison_s30_seed2.png
[2026-03-31 11:07:58]   [BIAS SHIFT] Baseline: 0.0313 -> Masculine: 0.1013, Feminine: -0.1287
[2026-03-31 11:07:58] [generate] PR person | MASCULINE | strength=50.00 | seed=2
[2026-03-31 11:07:58] [generate] PR person | FEMININE | strength=50.00 | seed=2
[2026-03-31 11:08:32]   Saved heatmap to outputs/robust_independent_injection/bias_heatmaps/pr_person_masculine_s50_seed2.png
[2026-03-31 11:08:32]   Saved heatmap to outputs/robust_independent_injection/bias_heatmaps/pr_person_feminine_s50_seed2.png
[2026-03-31 11:08:33]   Saved comparison heatmap to outputs/robust_independent_injection/bias_heatmaps/pr_person_comparison_s50_seed2.png
[2026-03-31 11:08:33]   [BIAS SHIFT] Baseline: 0.0313 -> Masculine: 0.1093, Feminine: -0.1316
[2026-03-31 11:08:33] [generate] Baseline for PR person (seed=3)
[2026-03-31 11:08:51]   Saved heatmap to outputs/robust_independent_injection/bias_heatmaps/pr_person_baseline_seed3.png
[2026-03-31 11:08:51] [generate] PR person | MASCULINE | strength=10.00 | seed=3
[2026-03-31 11:08:51] [generate] PR person | FEMININE | strength=10.00 | seed=3
[2026-03-31 11:09:24]   Saved heatmap to outputs/robust_independent_injection/bias_heatmaps/pr_person_masculine_s10_seed3.png
[2026-03-31 11:09:25]   Saved heatmap to outputs/robust_independent_injection/bias_heatmaps/pr_person_feminine_s10_seed3.png
[2026-03-31 11:09:26]   Saved comparison heatmap to outputs/robust_independent_injection/bias_heatmaps/pr_person_comparison_s10_seed3.png
[2026-03-31 11:09:26]   [BIAS SHIFT] Baseline: 0.0439 -> Masculine: 0.0281, Feminine: -0.0206
[2026-03-31 11:09:26] [generate] PR person | MASCULINE | strength=30.00 | seed=3
[2026-03-31 11:09:26] [generate] PR person | FEMININE | strength=30.00 | seed=3
[2026-03-31 11:10:00]   Saved heatmap to outputs/robust_independent_injection/bias_heatmaps/pr_person_masculine_s30_seed3.png
[2026-03-31 11:10:01]   Saved heatmap to outputs/robust_independent_injection/bias_heatmaps/pr_person_feminine_s30_seed3.png
[2026-03-31 11:10:01]   Saved comparison heatmap to outputs/robust_independent_injection/bias_heatmaps/pr_person_comparison_s30_seed3.png
[2026-03-31 11:10:01]   [BIAS SHIFT] Baseline: 0.0439 -> Masculine: 0.0516, Feminine: -0.2119
[2026-03-31 11:10:01] [generate] PR person | MASCULINE | strength=50.00 | seed=3
[2026-03-31 11:10:01] [generate] PR person | FEMININE | strength=50.00 | seed=3
[2026-03-31 11:10:35]   Saved heatmap to outputs/robust_independent_injection/bias_heatmaps/pr_person_masculine_s50_seed3.png
[2026-03-31 11:10:36]   Saved heatmap to outputs/robust_independent_injection/bias_heatmaps/pr_person_feminine_s50_seed3.png
[2026-03-31 11:10:37]   Saved comparison heatmap to outputs/robust_independent_injection/bias_heatmaps/pr_person_comparison_s50_seed3.png
[2026-03-31 11:10:37]   [BIAS SHIFT] Baseline: 0.0439 -> Masculine: 0.0424, Feminine: -0.2211
[2026-03-31 11:10:37] [generate] Baseline for PR person (seed=4)
[2026-03-31 11:10:54]   Saved heatmap to outputs/robust_independent_injection/bias_heatmaps/pr_person_baseline_seed4.png
[2026-03-31 11:10:54] [generate] PR person | MASCULINE | strength=10.00 | seed=4
[2026-03-31 11:10:54] [generate] PR person | FEMININE | strength=10.00 | seed=4
[2026-03-31 11:11:28]   Saved heatmap to outputs/robust_independent_injection/bias_heatmaps/pr_person_masculine_s10_seed4.png
[2026-03-31 11:11:29]   Saved heatmap to outputs/robust_independent_injection/bias_heatmaps/pr_person_feminine_s10_seed4.png
[2026-03-31 11:11:29]   Saved comparison heatmap to outputs/robust_independent_injection/bias_heatmaps/pr_person_comparison_s10_seed4.png
[2026-03-31 11:11:29]   [BIAS SHIFT] Baseline: 0.0385 -> Masculine: 0.0551, Feminine: 0.0036
[2026-03-31 11:11:29] [generate] PR person | MASCULINE | strength=30.00 | seed=4
[2026-03-31 11:11:29] [generate] PR person | FEMININE | strength=30.00 | seed=4
[2026-03-31 11:12:04]   Saved heatmap to outputs/robust_independent_injection/bias_heatmaps/pr_person_masculine_s30_seed4.png
[2026-03-31 11:12:04]   Saved heatmap to outputs/robust_independent_injection/bias_heatmaps/pr_person_feminine_s30_seed4.png
[2026-03-31 11:12:05]   Saved comparison heatmap to outputs/robust_independent_injection/bias_heatmaps/pr_person_comparison_s30_seed4.png
[2026-03-31 11:12:05]   [BIAS SHIFT] Baseline: 0.0385 -> Masculine: 0.0491, Feminine: -0.0838
[2026-03-31 11:12:05] [generate] PR person | MASCULINE | strength=50.00 | seed=4
[2026-03-31 11:12:05] [generate] PR person | FEMININE | strength=50.00 | seed=4
[2026-03-31 11:12:39]   Saved heatmap to outputs/robust_independent_injection/bias_heatmaps/pr_person_masculine_s50_seed4.png
[2026-03-31 11:12:39]   Saved heatmap to outputs/robust_independent_injection/bias_heatmaps/pr_person_feminine_s50_seed4.png
[2026-03-31 11:12:40]   Saved comparison heatmap to outputs/robust_independent_injection/bias_heatmaps/pr_person_comparison_s50_seed4.png
[2026-03-31 11:12:40]   [BIAS SHIFT] Baseline: 0.0385 -> Masculine: 0.0542, Feminine: -0.1211
[2026-03-31 11:12:40] 
[capture] Profession: software developer
[2026-03-31 11:12:40]   neutral: A professional studio portrait of a software developer, isolated on a plain white background, centered composition, sharp focus on the subject, high detail, photorealistic lighting, unambiguous profession markers in clothing or tools.
[2026-03-31 11:12:40]   male:    A professional studio portrait of a male software developer, isolated on a plain white background, centered composition, sharp focus on the subject, high detail, photorealistic lighting, unambiguous profession markers in clothing or tools.
[2026-03-31 11:12:40]   female:  A professional studio portrait of a female software developer, isolated on a plain white background, centered composition, sharp focus on the subject, high detail, photorealistic lighting, unambiguous profession markers in clothing or tools.
[2026-03-31 11:16:41] [multi-layer] Capturing activations from layers: ['mid_block', 'up_0', 'up_1', 'up_2']
[2026-03-31 11:20:45]   Saved heatmap to outputs/robust_independent_injection/bias_heatmaps/software_developer.png
[2026-03-31 11:20:45]   [MULTI-LAYER BIAS SUMMARY] Avg: 0.0539
[2026-03-31 11:20:45]   Max Bias: 0.1218 at mid_block step 9
[2026-03-31 11:20:45] [generate] Baseline for software developer (seed=0)
[2026-03-31 11:21:02]   Saved heatmap to outputs/robust_independent_injection/bias_heatmaps/software_developer_baseline_seed0.png
[2026-03-31 11:21:02] [generate] software developer | MASCULINE | strength=10.00 | seed=0
[2026-03-31 11:21:02] [generate] software developer | FEMININE | strength=10.00 | seed=0
[2026-03-31 11:21:36]   Saved heatmap to outputs/robust_independent_injection/bias_heatmaps/software_developer_masculine_s10_seed0.png
[2026-03-31 11:21:37]   Saved heatmap to outputs/robust_independent_injection/bias_heatmaps/software_developer_feminine_s10_seed0.png
[2026-03-31 11:21:38]   Saved comparison heatmap to outputs/robust_independent_injection/bias_heatmaps/software_developer_comparison_s10_seed0.png
[2026-03-31 11:21:38]   [BIAS SHIFT] Baseline: -0.0051 -> Masculine: 0.0026, Feminine: 0.0191
[2026-03-31 11:21:38] [generate] software developer | MASCULINE | strength=30.00 | seed=0
[2026-03-31 11:21:38] [generate] software developer | FEMININE | strength=30.00 | seed=0
[2026-03-31 11:22:12]   Saved heatmap to outputs/robust_independent_injection/bias_heatmaps/software_developer_masculine_s30_seed0.png
[2026-03-31 11:22:12]   Saved heatmap to outputs/robust_independent_injection/bias_heatmaps/software_developer_feminine_s30_seed0.png
[2026-03-31 11:22:13]   Saved comparison heatmap to outputs/robust_independent_injection/bias_heatmaps/software_developer_comparison_s30_seed0.png
[2026-03-31 11:22:13]   [BIAS SHIFT] Baseline: -0.0051 -> Masculine: 0.0095, Feminine: -0.0430
[2026-03-31 11:22:13] [generate] software developer | MASCULINE | strength=50.00 | seed=0
[2026-03-31 11:22:13] [generate] software developer | FEMININE | strength=50.00 | seed=0
[2026-03-31 11:22:47]   Saved heatmap to outputs/robust_independent_injection/bias_heatmaps/software_developer_masculine_s50_seed0.png
[2026-03-31 11:22:48]   Saved heatmap to outputs/robust_independent_injection/bias_heatmaps/software_developer_feminine_s50_seed0.png
[2026-03-31 11:22:48]   Saved comparison heatmap to outputs/robust_independent_injection/bias_heatmaps/software_developer_comparison_s50_seed0.png
[2026-03-31 11:22:48]   [BIAS SHIFT] Baseline: -0.0051 -> Masculine: 0.0318, Feminine: -0.0725
[2026-03-31 11:22:48] [generate] Baseline for software developer (seed=1)
[2026-03-31 11:23:06]   Saved heatmap to outputs/robust_independent_injection/bias_heatmaps/software_developer_baseline_seed1.png
[2026-03-31 11:23:06] [generate] software developer | MASCULINE | strength=10.00 | seed=1
[2026-03-31 11:23:06] [generate] software developer | FEMININE | strength=10.00 | seed=1
[2026-03-31 11:23:40]   Saved heatmap to outputs/robust_independent_injection/bias_heatmaps/software_developer_masculine_s10_seed1.png
[2026-03-31 11:23:40]   Saved heatmap to outputs/robust_independent_injection/bias_heatmaps/software_developer_feminine_s10_seed1.png
[2026-03-31 11:23:41]   Saved comparison heatmap to outputs/robust_independent_injection/bias_heatmaps/software_developer_comparison_s10_seed1.png
[2026-03-31 11:23:41]   [BIAS SHIFT] Baseline: 0.0287 -> Masculine: 0.0361, Feminine: -0.0071
[2026-03-31 11:23:41] [generate] software developer | MASCULINE | strength=30.00 | seed=1
[2026-03-31 11:23:41] [generate] software developer | FEMININE | strength=30.00 | seed=1
[2026-03-31 11:24:15]   Saved heatmap to outputs/robust_independent_injection/bias_heatmaps/software_developer_masculine_s30_seed1.png
[2026-03-31 11:24:16]   Saved heatmap to outputs/robust_independent_injection/bias_heatmaps/software_developer_feminine_s30_seed1.png
[2026-03-31 11:24:16]   Saved comparison heatmap to outputs/robust_independent_injection/bias_heatmaps/software_developer_comparison_s30_seed1.png
[2026-03-31 11:24:16]   [BIAS SHIFT] Baseline: 0.0287 -> Masculine: 0.0680, Feminine: -0.0487
[2026-03-31 11:24:16] [generate] software developer | MASCULINE | strength=50.00 | seed=1
[2026-03-31 11:24:16] [generate] software developer | FEMININE | strength=50.00 | seed=1
[2026-03-31 11:24:50]   Saved heatmap to outputs/robust_independent_injection/bias_heatmaps/software_developer_masculine_s50_seed1.png
[2026-03-31 11:24:51]   Saved heatmap to outputs/robust_independent_injection/bias_heatmaps/software_developer_feminine_s50_seed1.png
[2026-03-31 11:24:52]   Saved comparison heatmap to outputs/robust_independent_injection/bias_heatmaps/software_developer_comparison_s50_seed1.png
[2026-03-31 11:24:52]   [BIAS SHIFT] Baseline: 0.0287 -> Masculine: 0.0832, Feminine: -0.1057
[2026-03-31 11:24:52] [generate] Baseline for software developer (seed=2)
[2026-03-31 11:25:09]   Saved heatmap to outputs/robust_independent_injection/bias_heatmaps/software_developer_baseline_seed2.png
[2026-03-31 11:25:09] [generate] software developer | MASCULINE | strength=10.00 | seed=2
[2026-03-31 11:25:09] [generate] software developer | FEMININE | strength=10.00 | seed=2
[2026-03-31 11:25:43]   Saved heatmap to outputs/robust_independent_injection/bias_heatmaps/software_developer_masculine_s10_seed2.png
[2026-03-31 11:25:43]   Saved heatmap to outputs/robust_independent_injection/bias_heatmaps/software_developer_feminine_s10_seed2.png
[2026-03-31 11:25:44]   Saved comparison heatmap to outputs/robust_independent_injection/bias_heatmaps/software_developer_comparison_s10_seed2.png
[2026-03-31 11:25:44]   [BIAS SHIFT] Baseline: 0.0853 -> Masculine: 0.0913, Feminine: 0.0549
[2026-03-31 11:25:44] [generate] software developer | MASCULINE | strength=30.00 | seed=2
[2026-03-31 11:25:44] [generate] software developer | FEMININE | strength=30.00 | seed=2
[2026-03-31 11:26:18]   Saved heatmap to outputs/robust_independent_injection/bias_heatmaps/software_developer_masculine_s30_seed2.png
[2026-03-31 11:26:19]   Saved heatmap to outputs/robust_independent_injection/bias_heatmaps/software_developer_feminine_s30_seed2.png
[2026-03-31 11:26:20]   Saved comparison heatmap to outputs/robust_independent_injection/bias_heatmaps/software_developer_comparison_s30_seed2.png
[2026-03-31 11:26:20]   [BIAS SHIFT] Baseline: 0.0853 -> Masculine: 0.0796, Feminine: -0.0116
[2026-03-31 11:26:20] [generate] software developer | MASCULINE | strength=50.00 | seed=2
[2026-03-31 11:26:20] [generate] software developer | FEMININE | strength=50.00 | seed=2
[2026-03-31 11:26:54]   Saved heatmap to outputs/robust_independent_injection/bias_heatmaps/software_developer_masculine_s50_seed2.png
[2026-03-31 11:26:54]   Saved heatmap to outputs/robust_independent_injection/bias_heatmaps/software_developer_feminine_s50_seed2.png
[2026-03-31 11:26:55]   Saved comparison heatmap to outputs/robust_independent_injection/bias_heatmaps/software_developer_comparison_s50_seed2.png
[2026-03-31 11:26:55]   [BIAS SHIFT] Baseline: 0.0853 -> Masculine: 0.0675, Feminine: -0.1260
[2026-03-31 11:26:55] [generate] Baseline for software developer (seed=3)
[2026-03-31 11:27:12]   Saved heatmap to outputs/robust_independent_injection/bias_heatmaps/software_developer_baseline_seed3.png
[2026-03-31 11:27:12] [generate] software developer | MASCULINE | strength=10.00 | seed=3
[2026-03-31 11:27:12] [generate] software developer | FEMININE | strength=10.00 | seed=3
[2026-03-31 11:27:46]   Saved heatmap to outputs/robust_independent_injection/bias_heatmaps/software_developer_masculine_s10_seed3.png
[2026-03-31 11:27:47]   Saved heatmap to outputs/robust_independent_injection/bias_heatmaps/software_developer_feminine_s10_seed3.png
[2026-03-31 11:27:48]   Saved comparison heatmap to outputs/robust_independent_injection/bias_heatmaps/software_developer_comparison_s10_seed3.png
[2026-03-31 11:27:48]   [BIAS SHIFT] Baseline: 0.0578 -> Masculine: 0.0622, Feminine: -0.0020
[2026-03-31 11:27:48] [generate] software developer | MASCULINE | strength=30.00 | seed=3
[2026-03-31 11:27:48] [generate] software developer | FEMININE | strength=30.00 | seed=3
[2026-03-31 11:28:22]   Saved heatmap to outputs/robust_independent_injection/bias_heatmaps/software_developer_masculine_s30_seed3.png
[2026-03-31 11:28:22]   Saved heatmap to outputs/robust_independent_injection/bias_heatmaps/software_developer_feminine_s30_seed3.png
[2026-03-31 11:28:23]   Saved comparison heatmap to outputs/robust_independent_injection/bias_heatmaps/software_developer_comparison_s30_seed3.png
[2026-03-31 11:28:23]   [BIAS SHIFT] Baseline: 0.0578 -> Masculine: 0.0107, Feminine: -0.0740
[2026-03-31 11:28:23] [generate] software developer | MASCULINE | strength=50.00 | seed=3
[2026-03-31 11:28:23] [generate] software developer | FEMININE | strength=50.00 | seed=3
[2026-03-31 11:28:57]   Saved heatmap to outputs/robust_independent_injection/bias_heatmaps/software_developer_masculine_s50_seed3.png
[2026-03-31 11:28:58]   Saved heatmap to outputs/robust_independent_injection/bias_heatmaps/software_developer_feminine_s50_seed3.png
[2026-03-31 11:28:59]   Saved comparison heatmap to outputs/robust_independent_injection/bias_heatmaps/software_developer_comparison_s50_seed3.png
[2026-03-31 11:28:59]   [BIAS SHIFT] Baseline: 0.0578 -> Masculine: 0.0133, Feminine: -0.0971
[2026-03-31 11:28:59] [generate] Baseline for software developer (seed=4)
[2026-03-31 11:29:16]   Saved heatmap to outputs/robust_independent_injection/bias_heatmaps/software_developer_baseline_seed4.png
[2026-03-31 11:29:16] [generate] software developer | MASCULINE | strength=10.00 | seed=4
[2026-03-31 11:29:16] [generate] software developer | FEMININE | strength=10.00 | seed=4
[2026-03-31 11:29:50]   Saved heatmap to outputs/robust_independent_injection/bias_heatmaps/software_developer_masculine_s10_seed4.png
[2026-03-31 11:29:51]   Saved heatmap to outputs/robust_independent_injection/bias_heatmaps/software_developer_feminine_s10_seed4.png
[2026-03-31 11:29:52]   Saved comparison heatmap to outputs/robust_independent_injection/bias_heatmaps/software_developer_comparison_s10_seed4.png
[2026-03-31 11:29:52]   [BIAS SHIFT] Baseline: 0.0743 -> Masculine: 0.0749, Feminine: 0.0353
[2026-03-31 11:29:52] [generate] software developer | MASCULINE | strength=30.00 | seed=4
[2026-03-31 11:29:52] [generate] software developer | FEMININE | strength=30.00 | seed=4
[2026-03-31 11:30:26]   Saved heatmap to outputs/robust_independent_injection/bias_heatmaps/software_developer_masculine_s30_seed4.png
[2026-03-31 11:30:26]   Saved heatmap to outputs/robust_independent_injection/bias_heatmaps/software_developer_feminine_s30_seed4.png
[2026-03-31 11:30:27]   Saved comparison heatmap to outputs/robust_independent_injection/bias_heatmaps/software_developer_comparison_s30_seed4.png
[2026-03-31 11:30:27]   [BIAS SHIFT] Baseline: 0.0743 -> Masculine: 0.0741, Feminine: -0.0338
[2026-03-31 11:30:27] [generate] software developer | MASCULINE | strength=50.00 | seed=4
[2026-03-31 11:30:27] [generate] software developer | FEMININE | strength=50.00 | seed=4
[2026-03-31 11:31:01]   Saved heatmap to outputs/robust_independent_injection/bias_heatmaps/software_developer_masculine_s50_seed4.png
[2026-03-31 11:31:02]   Saved heatmap to outputs/robust_independent_injection/bias_heatmaps/software_developer_feminine_s50_seed4.png
[2026-03-31 11:31:03]   Saved comparison heatmap to outputs/robust_independent_injection/bias_heatmaps/software_developer_comparison_s50_seed4.png
[2026-03-31 11:31:03]   [BIAS SHIFT] Baseline: 0.0743 -> Masculine: 0.0606, Feminine: -0.0526
[2026-03-31 11:31:03] 
[capture] Profession: special ed teacher
[2026-03-31 11:31:03]   neutral: A professional studio portrait of a special ed teacher, isolated on a plain white background, centered composition, sharp focus on the subject, high detail, photorealistic lighting, unambiguous profession markers in clothing or tools.
[2026-03-31 11:31:03]   male:    A professional studio portrait of a male special ed teacher, isolated on a plain white background, centered composition, sharp focus on the subject, high detail, photorealistic lighting, unambiguous profession markers in clothing or tools.
[2026-03-31 11:31:03]   female:  A professional studio portrait of a female special ed teacher, isolated on a plain white background, centered composition, sharp focus on the subject, high detail, photorealistic lighting, unambiguous profession markers in clothing or tools.
[2026-03-31 11:35:04] [multi-layer] Capturing activations from layers: ['mid_block', 'up_0', 'up_1', 'up_2']
[2026-03-31 11:39:07]   Saved heatmap to outputs/robust_independent_injection/bias_heatmaps/special_ed_teacher.png
[2026-03-31 11:39:07]   [MULTI-LAYER BIAS SUMMARY] Avg: 0.0361
[2026-03-31 11:39:07]   Max Bias: 0.0908 at up_0 step 5
[2026-03-31 11:39:07] [generate] Baseline for special ed teacher (seed=0)
[2026-03-31 11:39:24]   Saved heatmap to outputs/robust_independent_injection/bias_heatmaps/special_ed_teacher_baseline_seed0.png
[2026-03-31 11:39:24] [generate] special ed teacher | MASCULINE | strength=10.00 | seed=0
[2026-03-31 11:39:24] [generate] special ed teacher | FEMININE | strength=10.00 | seed=0
[2026-03-31 11:39:59]   Saved heatmap to outputs/robust_independent_injection/bias_heatmaps/special_ed_teacher_masculine_s10_seed0.png
[2026-03-31 11:39:59]   Saved heatmap to outputs/robust_independent_injection/bias_heatmaps/special_ed_teacher_feminine_s10_seed0.png
[2026-03-31 11:40:00]   Saved comparison heatmap to outputs/robust_independent_injection/bias_heatmaps/special_ed_teacher_comparison_s10_seed0.png
[2026-03-31 11:40:00]   [BIAS SHIFT] Baseline: 0.0426 -> Masculine: 0.0702, Feminine: -0.0134
[2026-03-31 11:40:00] [generate] special ed teacher | MASCULINE | strength=30.00 | seed=0
[2026-03-31 11:40:00] [generate] special ed teacher | FEMININE | strength=30.00 | seed=0
[2026-03-31 11:40:34]   Saved heatmap to outputs/robust_independent_injection/bias_heatmaps/special_ed_teacher_masculine_s30_seed0.png
[2026-03-31 11:40:35]   Saved heatmap to outputs/robust_independent_injection/bias_heatmaps/special_ed_teacher_feminine_s30_seed0.png
[2026-03-31 11:40:35]   Saved comparison heatmap to outputs/robust_independent_injection/bias_heatmaps/special_ed_teacher_comparison_s30_seed0.png
[2026-03-31 11:40:35]   [BIAS SHIFT] Baseline: 0.0426 -> Masculine: 0.0866, Feminine: -0.0896
[2026-03-31 11:40:35] [generate] special ed teacher | MASCULINE | strength=50.00 | seed=0
[2026-03-31 11:40:35] [generate] special ed teacher | FEMININE | strength=50.00 | seed=0
[2026-03-31 11:41:10]   Saved heatmap to outputs/robust_independent_injection/bias_heatmaps/special_ed_teacher_masculine_s50_seed0.png
[2026-03-31 11:41:10]   Saved heatmap to outputs/robust_independent_injection/bias_heatmaps/special_ed_teacher_feminine_s50_seed0.png
[2026-03-31 11:41:11]   Saved comparison heatmap to outputs/robust_independent_injection/bias_heatmaps/special_ed_teacher_comparison_s50_seed0.png
[2026-03-31 11:41:11]   [BIAS SHIFT] Baseline: 0.0426 -> Masculine: 0.0775, Feminine: -0.1233
[2026-03-31 11:41:11] [generate] Baseline for special ed teacher (seed=1)
[2026-03-31 11:41:28]   Saved heatmap to outputs/robust_independent_injection/bias_heatmaps/special_ed_teacher_baseline_seed1.png
[2026-03-31 11:41:28] [generate] special ed teacher | MASCULINE | strength=10.00 | seed=1
[2026-03-31 11:41:28] [generate] special ed teacher | FEMININE | strength=10.00 | seed=1
[2026-03-31 11:42:02]   Saved heatmap to outputs/robust_independent_injection/bias_heatmaps/special_ed_teacher_masculine_s10_seed1.png
[2026-03-31 11:42:03]   Saved heatmap to outputs/robust_independent_injection/bias_heatmaps/special_ed_teacher_feminine_s10_seed1.png
[2026-03-31 11:42:04]   Saved comparison heatmap to outputs/robust_independent_injection/bias_heatmaps/special_ed_teacher_comparison_s10_seed1.png
[2026-03-31 11:42:04]   [BIAS SHIFT] Baseline: -0.0144 -> Masculine: 0.0120, Feminine: -0.0576
[2026-03-31 11:42:04] [generate] special ed teacher | MASCULINE | strength=30.00 | seed=1
[2026-03-31 11:42:04] [generate] special ed teacher | FEMININE | strength=30.00 | seed=1
[2026-03-31 11:42:38]   Saved heatmap to outputs/robust_independent_injection/bias_heatmaps/special_ed_teacher_masculine_s30_seed1.png
[2026-03-31 11:42:38]   Saved heatmap to outputs/robust_independent_injection/bias_heatmaps/special_ed_teacher_feminine_s30_seed1.png
[2026-03-31 11:42:39]   Saved comparison heatmap to outputs/robust_independent_injection/bias_heatmaps/special_ed_teacher_comparison_s30_seed1.png
[2026-03-31 11:42:39]   [BIAS SHIFT] Baseline: -0.0144 -> Masculine: 0.0655, Feminine: -0.1254
[2026-03-31 11:42:39] [generate] special ed teacher | MASCULINE | strength=50.00 | seed=1
[2026-03-31 11:42:39] [generate] special ed teacher | FEMININE | strength=50.00 | seed=1
[2026-03-31 11:43:13]   Saved heatmap to outputs/robust_independent_injection/bias_heatmaps/special_ed_teacher_masculine_s50_seed1.png
[2026-03-31 11:43:14]   Saved heatmap to outputs/robust_independent_injection/bias_heatmaps/special_ed_teacher_feminine_s50_seed1.png
[2026-03-31 11:43:15]   Saved comparison heatmap to outputs/robust_independent_injection/bias_heatmaps/special_ed_teacher_comparison_s50_seed1.png
[2026-03-31 11:43:15]   [BIAS SHIFT] Baseline: -0.0144 -> Masculine: 0.1022, Feminine: -0.1508
[2026-03-31 11:43:15] [generate] Baseline for special ed teacher (seed=2)
[2026-03-31 11:43:32]   Saved heatmap to outputs/robust_independent_injection/bias_heatmaps/special_ed_teacher_baseline_seed2.png
[2026-03-31 11:43:32] [generate] special ed teacher | MASCULINE | strength=10.00 | seed=2
[2026-03-31 11:43:32] [generate] special ed teacher | FEMININE | strength=10.00 | seed=2
[2026-03-31 11:44:06]   Saved heatmap to outputs/robust_independent_injection/bias_heatmaps/special_ed_teacher_masculine_s10_seed2.png
[2026-03-31 11:44:06]   Saved heatmap to outputs/robust_independent_injection/bias_heatmaps/special_ed_teacher_feminine_s10_seed2.png
[2026-03-31 11:44:07]   Saved comparison heatmap to outputs/robust_independent_injection/bias_heatmaps/special_ed_teacher_comparison_s10_seed2.png
[2026-03-31 11:44:07]   [BIAS SHIFT] Baseline: 0.0937 -> Masculine: 0.1180, Feminine: -0.0578
[2026-03-31 11:44:07] [generate] special ed teacher | MASCULINE | strength=30.00 | seed=2
[2026-03-31 11:44:07] [generate] special ed teacher | FEMININE | strength=30.00 | seed=2
[2026-03-31 11:44:41]   Saved heatmap to outputs/robust_independent_injection/bias_heatmaps/special_ed_teacher_masculine_s30_seed2.png
[2026-03-31 11:44:42]   Saved heatmap to outputs/robust_independent_injection/bias_heatmaps/special_ed_teacher_feminine_s30_seed2.png
[2026-03-31 11:44:43]   Saved comparison heatmap to outputs/robust_independent_injection/bias_heatmaps/special_ed_teacher_comparison_s30_seed2.png
[2026-03-31 11:44:43]   [BIAS SHIFT] Baseline: 0.0937 -> Masculine: 0.1074, Feminine: -0.1321
[2026-03-31 11:44:43] [generate] special ed teacher | MASCULINE | strength=50.00 | seed=2
[2026-03-31 11:44:43] [generate] special ed teacher | FEMININE | strength=50.00 | seed=2
[2026-03-31 11:45:17]   Saved heatmap to outputs/robust_independent_injection/bias_heatmaps/special_ed_teacher_masculine_s50_seed2.png
[2026-03-31 11:45:17]   Saved heatmap to outputs/robust_independent_injection/bias_heatmaps/special_ed_teacher_feminine_s50_seed2.png
[2026-03-31 11:45:18]   Saved comparison heatmap to outputs/robust_independent_injection/bias_heatmaps/special_ed_teacher_comparison_s50_seed2.png
[2026-03-31 11:45:18]   [BIAS SHIFT] Baseline: 0.0937 -> Masculine: 0.0508, Feminine: -0.1482
[2026-03-31 11:45:18] [generate] Baseline for special ed teacher (seed=3)
[2026-03-31 11:45:35]   Saved heatmap to outputs/robust_independent_injection/bias_heatmaps/special_ed_teacher_baseline_seed3.png
[2026-03-31 11:45:35] [generate] special ed teacher | MASCULINE | strength=10.00 | seed=3
[2026-03-31 11:45:35] [generate] special ed teacher | FEMININE | strength=10.00 | seed=3
[2026-03-31 11:46:09]   Saved heatmap to outputs/robust_independent_injection/bias_heatmaps/special_ed_teacher_masculine_s10_seed3.png
[2026-03-31 11:46:10]   Saved heatmap to outputs/robust_independent_injection/bias_heatmaps/special_ed_teacher_feminine_s10_seed3.png
[2026-03-31 11:46:11]   Saved comparison heatmap to outputs/robust_independent_injection/bias_heatmaps/special_ed_teacher_comparison_s10_seed3.png
[2026-03-31 11:46:11]   [BIAS SHIFT] Baseline: 0.0191 -> Masculine: 0.0516, Feminine: -0.0651
[2026-03-31 11:46:11] [generate] special ed teacher | MASCULINE | strength=30.00 | seed=3
[2026-03-31 11:46:11] [generate] special ed teacher | FEMININE | strength=30.00 | seed=3
[2026-03-31 11:46:45]   Saved heatmap to outputs/robust_independent_injection/bias_heatmaps/special_ed_teacher_masculine_s30_seed3.png
[2026-03-31 11:46:45]   Saved heatmap to outputs/robust_independent_injection/bias_heatmaps/special_ed_teacher_feminine_s30_seed3.png
[2026-03-31 11:46:46]   Saved comparison heatmap to outputs/robust_independent_injection/bias_heatmaps/special_ed_teacher_comparison_s30_seed3.png
[2026-03-31 11:46:46]   [BIAS SHIFT] Baseline: 0.0191 -> Masculine: 0.0861, Feminine: -0.1228
[2026-03-31 11:46:46] [generate] special ed teacher | MASCULINE | strength=50.00 | seed=3
[2026-03-31 11:46:46] [generate] special ed teacher | FEMININE | strength=50.00 | seed=3
[2026-03-31 11:47:20]   Saved heatmap to outputs/robust_independent_injection/bias_heatmaps/special_ed_teacher_masculine_s50_seed3.png
[2026-03-31 11:47:21]   Saved heatmap to outputs/robust_independent_injection/bias_heatmaps/special_ed_teacher_feminine_s50_seed3.png
[2026-03-31 11:47:22]   Saved comparison heatmap to outputs/robust_independent_injection/bias_heatmaps/special_ed_teacher_comparison_s50_seed3.png
[2026-03-31 11:47:22]   [BIAS SHIFT] Baseline: 0.0191 -> Masculine: 0.0995, Feminine: -0.1470
[2026-03-31 11:47:22] [generate] Baseline for special ed teacher (seed=4)
[2026-03-31 11:47:39]   Saved heatmap to outputs/robust_independent_injection/bias_heatmaps/special_ed_teacher_baseline_seed4.png
[2026-03-31 11:47:39] [generate] special ed teacher | MASCULINE | strength=10.00 | seed=4
[2026-03-31 11:47:39] [generate] special ed teacher | FEMININE | strength=10.00 | seed=4
[2026-03-31 11:48:13]   Saved heatmap to outputs/robust_independent_injection/bias_heatmaps/special_ed_teacher_masculine_s10_seed4.png
[2026-03-31 11:48:13]   Saved heatmap to outputs/robust_independent_injection/bias_heatmaps/special_ed_teacher_feminine_s10_seed4.png
[2026-03-31 11:48:14]   Saved comparison heatmap to outputs/robust_independent_injection/bias_heatmaps/special_ed_teacher_comparison_s10_seed4.png
[2026-03-31 11:48:14]   [BIAS SHIFT] Baseline: 0.0253 -> Masculine: 0.0601, Feminine: -0.0116
[2026-03-31 11:48:14] [generate] special ed teacher | MASCULINE | strength=30.00 | seed=4
[2026-03-31 11:48:14] [generate] special ed teacher | FEMININE | strength=30.00 | seed=4
[2026-03-31 11:48:48]   Saved heatmap to outputs/robust_independent_injection/bias_heatmaps/special_ed_teacher_masculine_s30_seed4.png
[2026-03-31 11:48:49]   Saved heatmap to outputs/robust_independent_injection/bias_heatmaps/special_ed_teacher_feminine_s30_seed4.png
[2026-03-31 11:48:50]   Saved comparison heatmap to outputs/robust_independent_injection/bias_heatmaps/special_ed_teacher_comparison_s30_seed4.png
[2026-03-31 11:48:50]   [BIAS SHIFT] Baseline: 0.0253 -> Masculine: 0.0953, Feminine: -0.1416
[2026-03-31 11:48:50] [generate] special ed teacher | MASCULINE | strength=50.00 | seed=4
[2026-03-31 11:48:50] [generate] special ed teacher | FEMININE | strength=50.00 | seed=4
[2026-03-31 11:49:24]   Saved heatmap to outputs/robust_independent_injection/bias_heatmaps/special_ed_teacher_masculine_s50_seed4.png
[2026-03-31 11:49:24]   Saved heatmap to outputs/robust_independent_injection/bias_heatmaps/special_ed_teacher_feminine_s50_seed4.png
[2026-03-31 11:49:25]   Saved comparison heatmap to outputs/robust_independent_injection/bias_heatmaps/special_ed_teacher_comparison_s50_seed4.png
[2026-03-31 11:49:25]   [BIAS SHIFT] Baseline: 0.0253 -> Masculine: 0.1008, Feminine: -0.1669
[2026-03-31 11:49:25] 
[capture] Profession: receptionist
[2026-03-31 11:49:25]   neutral: A professional studio portrait of a receptionist, isolated on a plain white background, centered composition, sharp focus on the subject, high detail, photorealistic lighting, unambiguous profession markers in clothing or tools.
[2026-03-31 11:49:25]   male:    A professional studio portrait of a male receptionist, isolated on a plain white background, centered composition, sharp focus on the subject, high detail, photorealistic lighting, unambiguous profession markers in clothing or tools.
[2026-03-31 11:49:25]   female:  A professional studio portrait of a female receptionist, isolated on a plain white background, centered composition, sharp focus on the subject, high detail, photorealistic lighting, unambiguous profession markers in clothing or tools.
[2026-03-31 11:53:26] [multi-layer] Capturing activations from layers: ['mid_block', 'up_0', 'up_1', 'up_2']
[2026-03-31 11:57:29]   Saved heatmap to outputs/robust_independent_injection/bias_heatmaps/receptionist.png
[2026-03-31 11:57:29]   [MULTI-LAYER BIAS SUMMARY] Avg: -0.0765
[2026-03-31 11:57:29]   Max Bias: -0.1620 at up_0 step 6
[2026-03-31 11:57:29] [generate] Baseline for receptionist (seed=0)
[2026-03-31 11:57:47]   Saved heatmap to outputs/robust_independent_injection/bias_heatmaps/receptionist_baseline_seed0.png
[2026-03-31 11:57:47] [generate] receptionist | MASCULINE | strength=10.00 | seed=0
[2026-03-31 11:57:47] [generate] receptionist | FEMININE | strength=10.00 | seed=0
[2026-03-31 11:58:21]   Saved heatmap to outputs/robust_independent_injection/bias_heatmaps/receptionist_masculine_s10_seed0.png
[2026-03-31 11:58:21]   Saved heatmap to outputs/robust_independent_injection/bias_heatmaps/receptionist_feminine_s10_seed0.png
[2026-03-31 11:58:22]   Saved comparison heatmap to outputs/robust_independent_injection/bias_heatmaps/receptionist_comparison_s10_seed0.png
[2026-03-31 11:58:22]   [BIAS SHIFT] Baseline: -0.1125 -> Masculine: -0.0821, Feminine: -0.1124
[2026-03-31 11:58:22] [generate] receptionist | MASCULINE | strength=30.00 | seed=0
[2026-03-31 11:58:22] [generate] receptionist | FEMININE | strength=30.00 | seed=0
[2026-03-31 11:58:56]   Saved heatmap to outputs/robust_independent_injection/bias_heatmaps/receptionist_masculine_s30_seed0.png
[2026-03-31 11:58:57]   Saved heatmap to outputs/robust_independent_injection/bias_heatmaps/receptionist_feminine_s30_seed0.png
[2026-03-31 11:58:58]   Saved comparison heatmap to outputs/robust_independent_injection/bias_heatmaps/receptionist_comparison_s30_seed0.png
[2026-03-31 11:58:58]   [BIAS SHIFT] Baseline: -0.1125 -> Masculine: -0.0218, Feminine: -0.0992
[2026-03-31 11:58:58] [generate] receptionist | MASCULINE | strength=50.00 | seed=0
[2026-03-31 11:58:58] [generate] receptionist | FEMININE | strength=50.00 | seed=0
[2026-03-31 11:59:32]   Saved heatmap to outputs/robust_independent_injection/bias_heatmaps/receptionist_masculine_s50_seed0.png
[2026-03-31 11:59:32]   Saved heatmap to outputs/robust_independent_injection/bias_heatmaps/receptionist_feminine_s50_seed0.png
[2026-03-31 11:59:33]   Saved comparison heatmap to outputs/robust_independent_injection/bias_heatmaps/receptionist_comparison_s50_seed0.png
[2026-03-31 11:59:33]   [BIAS SHIFT] Baseline: -0.1125 -> Masculine: 0.0709, Feminine: -0.0982
[2026-03-31 11:59:33] [generate] Baseline for receptionist (seed=1)
[2026-03-31 11:59:51]   Saved heatmap to outputs/robust_independent_injection/bias_heatmaps/receptionist_baseline_seed1.png
[2026-03-31 11:59:51] [generate] receptionist | MASCULINE | strength=10.00 | seed=1
[2026-03-31 11:59:51] [generate] receptionist | FEMININE | strength=10.00 | seed=1
[2026-03-31 12:00:24]   Saved heatmap to outputs/robust_independent_injection/bias_heatmaps/receptionist_masculine_s10_seed1.png
[2026-03-31 12:00:25]   Saved heatmap to outputs/robust_independent_injection/bias_heatmaps/receptionist_feminine_s10_seed1.png
[2026-03-31 12:00:26]   Saved comparison heatmap to outputs/robust_independent_injection/bias_heatmaps/receptionist_comparison_s10_seed1.png
[2026-03-31 12:00:26]   [BIAS SHIFT] Baseline: -0.0565 -> Masculine: -0.0211, Feminine: -0.0681
[2026-03-31 12:00:26] [generate] receptionist | MASCULINE | strength=30.00 | seed=1
[2026-03-31 12:00:26] [generate] receptionist | FEMININE | strength=30.00 | seed=1
[2026-03-31 12:01:00]   Saved heatmap to outputs/robust_independent_injection/bias_heatmaps/receptionist_masculine_s30_seed1.png
[2026-03-31 12:01:00]   Saved heatmap to outputs/robust_independent_injection/bias_heatmaps/receptionist_feminine_s30_seed1.png
[2026-03-31 12:01:01]   Saved comparison heatmap to outputs/robust_independent_injection/bias_heatmaps/receptionist_comparison_s30_seed1.png
[2026-03-31 12:01:01]   [BIAS SHIFT] Baseline: -0.0565 -> Masculine: 0.0406, Feminine: -0.1063
[2026-03-31 12:01:01] [generate] receptionist | MASCULINE | strength=50.00 | seed=1
[2026-03-31 12:01:01] [generate] receptionist | FEMININE | strength=50.00 | seed=1
[2026-03-31 12:01:35]   Saved heatmap to outputs/robust_independent_injection/bias_heatmaps/receptionist_masculine_s50_seed1.png
[2026-03-31 12:01:36]   Saved heatmap to outputs/robust_independent_injection/bias_heatmaps/receptionist_feminine_s50_seed1.png
[2026-03-31 12:01:36]   Saved comparison heatmap to outputs/robust_independent_injection/bias_heatmaps/receptionist_comparison_s50_seed1.png
[2026-03-31 12:01:36]   [BIAS SHIFT] Baseline: -0.0565 -> Masculine: 0.0638, Feminine: -0.1095
[2026-03-31 12:01:36] [generate] Baseline for receptionist (seed=2)
[2026-03-31 12:01:54]   Saved heatmap to outputs/robust_independent_injection/bias_heatmaps/receptionist_baseline_seed2.png
[2026-03-31 12:01:54] [generate] receptionist | MASCULINE | strength=10.00 | seed=2
[2026-03-31 12:01:54] [generate] receptionist | FEMININE | strength=10.00 | seed=2
[2026-03-31 12:02:28]   Saved heatmap to outputs/robust_independent_injection/bias_heatmaps/receptionist_masculine_s10_seed2.png
[2026-03-31 12:02:28]   Saved heatmap to outputs/robust_independent_injection/bias_heatmaps/receptionist_feminine_s10_seed2.png
[2026-03-31 12:02:29]   Saved comparison heatmap to outputs/robust_independent_injection/bias_heatmaps/receptionist_comparison_s10_seed2.png
[2026-03-31 12:02:29]   [BIAS SHIFT] Baseline: -0.0828 -> Masculine: -0.0431, Feminine: -0.0856
[2026-03-31 12:02:29] [generate] receptionist | MASCULINE | strength=30.00 | seed=2
[2026-03-31 12:02:29] [generate] receptionist | FEMININE | strength=30.00 | seed=2
[2026-03-31 12:03:03]   Saved heatmap to outputs/robust_independent_injection/bias_heatmaps/receptionist_masculine_s30_seed2.png
[2026-03-31 12:03:04]   Saved heatmap to outputs/robust_independent_injection/bias_heatmaps/receptionist_feminine_s30_seed2.png
[2026-03-31 12:03:05]   Saved comparison heatmap to outputs/robust_independent_injection/bias_heatmaps/receptionist_comparison_s30_seed2.png
[2026-03-31 12:03:05]   [BIAS SHIFT] Baseline: -0.0828 -> Masculine: 0.0300, Feminine: -0.0652
[2026-03-31 12:03:05] [generate] receptionist | MASCULINE | strength=50.00 | seed=2
[2026-03-31 12:03:05] [generate] receptionist | FEMININE | strength=50.00 | seed=2
[2026-03-31 12:03:39]   Saved heatmap to outputs/robust_independent_injection/bias_heatmaps/receptionist_masculine_s50_seed2.png
[2026-03-31 12:03:39]   Saved heatmap to outputs/robust_independent_injection/bias_heatmaps/receptionist_feminine_s50_seed2.png
[2026-03-31 12:03:40]   Saved comparison heatmap to outputs/robust_independent_injection/bias_heatmaps/receptionist_comparison_s50_seed2.png
[2026-03-31 12:03:40]   [BIAS SHIFT] Baseline: -0.0828 -> Masculine: 0.0741, Feminine: -0.0456
[2026-03-31 12:03:40] [generate] Baseline for receptionist (seed=3)
[2026-03-31 12:03:58]   Saved heatmap to outputs/robust_independent_injection/bias_heatmaps/receptionist_baseline_seed3.png
[2026-03-31 12:03:58] [generate] receptionist | MASCULINE | strength=10.00 | seed=3
[2026-03-31 12:03:58] [generate] receptionist | FEMININE | strength=10.00 | seed=3
[2026-03-31 12:04:32]   Saved heatmap to outputs/robust_independent_injection/bias_heatmaps/receptionist_masculine_s10_seed3.png
[2026-03-31 12:04:32]   Saved heatmap to outputs/robust_independent_injection/bias_heatmaps/receptionist_feminine_s10_seed3.png
[2026-03-31 12:04:33]   Saved comparison heatmap to outputs/robust_independent_injection/bias_heatmaps/receptionist_comparison_s10_seed3.png
[2026-03-31 12:04:33]   [BIAS SHIFT] Baseline: -0.0631 -> Masculine: 0.0235, Feminine: -0.0640
[2026-03-31 12:04:33] [generate] receptionist | MASCULINE | strength=30.00 | seed=3
[2026-03-31 12:04:33] [generate] receptionist | FEMININE | strength=30.00 | seed=3
[2026-03-31 12:05:07]   Saved heatmap to outputs/robust_independent_injection/bias_heatmaps/receptionist_masculine_s30_seed3.png
[2026-03-31 12:05:08]   Saved heatmap to outputs/robust_independent_injection/bias_heatmaps/receptionist_feminine_s30_seed3.png
[2026-03-31 12:05:09]   Saved comparison heatmap to outputs/robust_independent_injection/bias_heatmaps/receptionist_comparison_s30_seed3.png
[2026-03-31 12:05:09]   [BIAS SHIFT] Baseline: -0.0631 -> Masculine: 0.0860, Feminine: -0.0638
[2026-03-31 12:05:09] [generate] receptionist | MASCULINE | strength=50.00 | seed=3
[2026-03-31 12:05:09] [generate] receptionist | FEMININE | strength=50.00 | seed=3
[2026-03-31 12:05:42]   Saved heatmap to outputs/robust_independent_injection/bias_heatmaps/receptionist_masculine_s50_seed3.png
[2026-03-31 12:05:43]   Saved heatmap to outputs/robust_independent_injection/bias_heatmaps/receptionist_feminine_s50_seed3.png
[2026-03-31 12:05:44]   Saved comparison heatmap to outputs/robust_independent_injection/bias_heatmaps/receptionist_comparison_s50_seed3.png
[2026-03-31 12:05:44]   [BIAS SHIFT] Baseline: -0.0631 -> Masculine: 0.1097, Feminine: -0.0597
[2026-03-31 12:05:44] [generate] Baseline for receptionist (seed=4)
[2026-03-31 12:06:01]   Saved heatmap to outputs/robust_independent_injection/bias_heatmaps/receptionist_baseline_seed4.png
[2026-03-31 12:06:01] [generate] receptionist | MASCULINE | strength=10.00 | seed=4
[2026-03-31 12:06:01] [generate] receptionist | FEMININE | strength=10.00 | seed=4
[2026-03-31 12:06:35]   Saved heatmap to outputs/robust_independent_injection/bias_heatmaps/receptionist_masculine_s10_seed4.png
[2026-03-31 12:06:36]   Saved heatmap to outputs/robust_independent_injection/bias_heatmaps/receptionist_feminine_s10_seed4.png
[2026-03-31 12:06:37]   Saved comparison heatmap to outputs/robust_independent_injection/bias_heatmaps/receptionist_comparison_s10_seed4.png
[2026-03-31 12:06:37]   [BIAS SHIFT] Baseline: -0.0410 -> Masculine: 0.0303, Feminine: -0.0432
[2026-03-31 12:06:37] [generate] receptionist | MASCULINE | strength=30.00 | seed=4
[2026-03-31 12:06:37] [generate] receptionist | FEMININE | strength=30.00 | seed=4
[2026-03-31 12:07:11]   Saved heatmap to outputs/robust_independent_injection/bias_heatmaps/receptionist_masculine_s30_seed4.png
[2026-03-31 12:07:12]   Saved heatmap to outputs/robust_independent_injection/bias_heatmaps/receptionist_feminine_s30_seed4.png
[2026-03-31 12:07:12]   Saved comparison heatmap to outputs/robust_independent_injection/bias_heatmaps/receptionist_comparison_s30_seed4.png
[2026-03-31 12:07:12]   [BIAS SHIFT] Baseline: -0.0410 -> Masculine: 0.0946, Feminine: -0.0505
[2026-03-31 12:07:12] [generate] receptionist | MASCULINE | strength=50.00 | seed=4
[2026-03-31 12:07:12] [generate] receptionist | FEMININE | strength=50.00 | seed=4
[2026-03-31 12:07:46]   Saved heatmap to outputs/robust_independent_injection/bias_heatmaps/receptionist_masculine_s50_seed4.png
[2026-03-31 12:07:47]   Saved heatmap to outputs/robust_independent_injection/bias_heatmaps/receptionist_feminine_s50_seed4.png
[2026-03-31 12:07:48]   Saved comparison heatmap to outputs/robust_independent_injection/bias_heatmaps/receptionist_comparison_s50_seed4.png
[2026-03-31 12:07:48]   [BIAS SHIFT] Baseline: -0.0410 -> Masculine: 0.1308, Feminine: -0.0536
[2026-03-31 12:07:48] 
[capture] Profession: plumber
[2026-03-31 12:07:48]   neutral: A professional studio portrait of a plumber, isolated on a plain white background, centered composition, sharp focus on the subject, high detail, photorealistic lighting, unambiguous profession markers in clothing or tools.
[2026-03-31 12:07:48]   male:    A professional studio portrait of a male plumber, isolated on a plain white background, centered composition, sharp focus on the subject, high detail, photorealistic lighting, unambiguous profession markers in clothing or tools.
[2026-03-31 12:07:48]   female:  A professional studio portrait of a female plumber, isolated on a plain white background, centered composition, sharp focus on the subject, high detail, photorealistic lighting, unambiguous profession markers in clothing or tools.
[2026-03-31 12:11:49] [multi-layer] Capturing activations from layers: ['mid_block', 'up_0', 'up_1', 'up_2']
[2026-03-31 12:15:52]   Saved heatmap to outputs/robust_independent_injection/bias_heatmaps/plumber.png
[2026-03-31 12:15:52]   [MULTI-LAYER BIAS SUMMARY] Avg: 0.0623
[2026-03-31 12:15:52]   Max Bias: 0.1332 at up_0 step 1
[2026-03-31 12:15:52] [generate] Baseline for plumber (seed=0)
[2026-03-31 12:16:10]   Saved heatmap to outputs/robust_independent_injection/bias_heatmaps/plumber_baseline_seed0.png
[2026-03-31 12:16:10] [generate] plumber | MASCULINE | strength=10.00 | seed=0
[2026-03-31 12:16:10] [generate] plumber | FEMININE | strength=10.00 | seed=0
[2026-03-31 12:16:44]   Saved heatmap to outputs/robust_independent_injection/bias_heatmaps/plumber_masculine_s10_seed0.png
[2026-03-31 12:16:45]   Saved heatmap to outputs/robust_independent_injection/bias_heatmaps/plumber_feminine_s10_seed0.png
[2026-03-31 12:16:46]   Saved comparison heatmap to outputs/robust_independent_injection/bias_heatmaps/plumber_comparison_s10_seed0.png
[2026-03-31 12:16:46]   [BIAS SHIFT] Baseline: 0.0904 -> Masculine: 0.0813, Feminine: 0.0503
[2026-03-31 12:16:46] [generate] plumber | MASCULINE | strength=30.00 | seed=0
[2026-03-31 12:16:46] [generate] plumber | FEMININE | strength=30.00 | seed=0
[2026-03-31 12:17:19]   Saved heatmap to outputs/robust_independent_injection/bias_heatmaps/plumber_masculine_s30_seed0.png
[2026-03-31 12:17:20]   Saved heatmap to outputs/robust_independent_injection/bias_heatmaps/plumber_feminine_s30_seed0.png
[2026-03-31 12:17:21]   Saved comparison heatmap to outputs/robust_independent_injection/bias_heatmaps/plumber_comparison_s30_seed0.png
[2026-03-31 12:17:21]   [BIAS SHIFT] Baseline: 0.0904 -> Masculine: 0.0842, Feminine: -0.0737
[2026-03-31 12:17:21] [generate] plumber | MASCULINE | strength=50.00 | seed=0
[2026-03-31 12:17:21] [generate] plumber | FEMININE | strength=50.00 | seed=0
[2026-03-31 12:17:55]   Saved heatmap to outputs/robust_independent_injection/bias_heatmaps/plumber_masculine_s50_seed0.png
[2026-03-31 12:17:55]   Saved heatmap to outputs/robust_independent_injection/bias_heatmaps/plumber_feminine_s50_seed0.png
[2026-03-31 12:17:56]   Saved comparison heatmap to outputs/robust_independent_injection/bias_heatmaps/plumber_comparison_s50_seed0.png
[2026-03-31 12:17:56]   [BIAS SHIFT] Baseline: 0.0904 -> Masculine: 0.0617, Feminine: -0.1013
[2026-03-31 12:17:56] [generate] Baseline for plumber (seed=1)
[2026-03-31 12:18:13]   Saved heatmap to outputs/robust_independent_injection/bias_heatmaps/plumber_baseline_seed1.png
[2026-03-31 12:18:13] [generate] plumber | MASCULINE | strength=10.00 | seed=1
[2026-03-31 12:18:13] [generate] plumber | FEMININE | strength=10.00 | seed=1
[2026-03-31 12:18:48]   Saved heatmap to outputs/robust_independent_injection/bias_heatmaps/plumber_masculine_s10_seed1.png
[2026-03-31 12:18:48]   Saved heatmap to outputs/robust_independent_injection/bias_heatmaps/plumber_feminine_s10_seed1.png
[2026-03-31 12:18:49]   Saved comparison heatmap to outputs/robust_independent_injection/bias_heatmaps/plumber_comparison_s10_seed1.png
[2026-03-31 12:18:49]   [BIAS SHIFT] Baseline: 0.0321 -> Masculine: 0.0366, Feminine: -0.0098
[2026-03-31 12:18:49] [generate] plumber | MASCULINE | strength=30.00 | seed=1
[2026-03-31 12:18:49] [generate] plumber | FEMININE | strength=30.00 | seed=1
[2026-03-31 12:19:23]   Saved heatmap to outputs/robust_independent_injection/bias_heatmaps/plumber_masculine_s30_seed1.png
[2026-03-31 12:19:23]   Saved heatmap to outputs/robust_independent_injection/bias_heatmaps/plumber_feminine_s30_seed1.png
[2026-03-31 12:19:24]   Saved comparison heatmap to outputs/robust_independent_injection/bias_heatmaps/plumber_comparison_s30_seed1.png
[2026-03-31 12:19:24]   [BIAS SHIFT] Baseline: 0.0321 -> Masculine: 0.0348, Feminine: -0.0643
[2026-03-31 12:19:24] [generate] plumber | MASCULINE | strength=50.00 | seed=1
[2026-03-31 12:19:24] [generate] plumber | FEMININE | strength=50.00 | seed=1
[2026-03-31 12:19:58]   Saved heatmap to outputs/robust_independent_injection/bias_heatmaps/plumber_masculine_s50_seed1.png
[2026-03-31 12:19:59]   Saved heatmap to outputs/robust_independent_injection/bias_heatmaps/plumber_feminine_s50_seed1.png
[2026-03-31 12:20:00]   Saved comparison heatmap to outputs/robust_independent_injection/bias_heatmaps/plumber_comparison_s50_seed1.png
[2026-03-31 12:20:00]   [BIAS SHIFT] Baseline: 0.0321 -> Masculine: 0.0297, Feminine: -0.0883
[2026-03-31 12:20:00] [generate] Baseline for plumber (seed=2)
[2026-03-31 12:20:17]   Saved heatmap to outputs/robust_independent_injection/bias_heatmaps/plumber_baseline_seed2.png
[2026-03-31 12:20:17] [generate] plumber | MASCULINE | strength=10.00 | seed=2
[2026-03-31 12:20:17] [generate] plumber | FEMININE | strength=10.00 | seed=2
